kepler_name,koi_period,koi_teq,koi_prad,koi_smass,koi_disposition,koi_score,koi_steff,koi_srad,koi_impact
Kepler-227 b,9.48803557,793.0,2.26,0.9190,CONFIRMED,1.0000,5455.00,0.9270,0.146
Kepler-227 c,54.4183827,443.0,2.83,0.9190,CONFIRMED,0.9690,5455.00,0.9270,0.586
,19.89913995,638.0,14.6,0.9610,CANDIDATE,0.0000,5853.00,0.8680,0.969
,1.736952453,1395.0,33.46,0.8360,FALSE POSITIVE,0.0000,5805.00,0.7910,1.276
Kepler-664 b,2.525591777,1406.0,2.75,1.0950,CONFIRMED,1.0000,6031.00,1.0460,0.701
Kepler-228 d,11.09432054,835.0,3.9,1.0530,CONFIRMED,1.0000,6046.00,0.9720,0.538
Kepler-228 c,4.13443512,1160.0,2.77,1.0530,CONFIRMED,1.0000,6046.00,0.9720,0.762
Kepler-228 b,2.56658897,1360.0,1.59,1.0530,CONFIRMED,0.9920,6046.00,0.9720,0.755
,7.36178958,1342.0,39.21,1.3580,FALSE POSITIVE,0.0000,6227.00,1.9580,1.169
Kepler-229 c,16.06864674,600.0,5.76,0.8010,CONFIRMED,1.0000,5031.00,0.8480,0.052
Kepler-1 b,2.470613377,1339.0,13.04,0.9710,CONFIRMED,0.8110,5820.00,0.9640,0.818
Kepler-2 b,2.204735417,2048.0,16.1,1.4490,CONFIRMED,1.0000,6440.00,1.9520,0.224
Kepler-8 b,3.522498429,1521.0,14.59,1.1320,CONFIRMED,0.9980,6225.00,1.4510,0.631
Kepler-466 c,3.709214104,1206.0,1.16,0.9740,CONFIRMED,1.0000,5833.00,1.0220,0.051
,11.521446064,753.0,150.51,0.9380,FALSE POSITIVE,0.0000,5795.00,0.8480,2.483
,19.40393776,523.0,7.18,0.6570,FALSE POSITIVE,0.0000,5043.00,0.6800,0.804
,19.221388942,698.0,49.29,1.0250,FALSE POSITIVE,0.0000,6117.00,0.9470,1.065
,16.46983774,595.0,7.94,0.7410,FALSE POSITIVE,0.0000,5152.00,0.7860,0.292
Kepler-660 b,9.27358173,649.0,2.47,0.6760,CONFIRMED,1.0000,4856.00,0.6960,0.387
Kepler-661 b,6.02930329,678.0,2.85,0.7610,CONFIRMED,1.0000,4537.00,0.6720,0.258
,2.696370652,1066.0,1.58,0.7810,FALSE POSITIVE,0.0000,4989.00,0.8190,0.044
Kepler-226 c,5.349553819,919.0,2.55,0.8310,CONFIRMED,1.0000,5185.00,0.9100,0.092
Kepler-226 b,3.94105221,1018.0,1.7,0.8310,CONFIRMED,0.9800,5185.00,0.9100,0.226
Kepler-226 d,8.10904807,800.0,1.3,0.8310,CONFIRMED,0.9710,5185.00,0.9100,0.025
,386.6030528,297.0,41.5,1.1030,FALSE POSITIVE,,5543.00,1.5800,0.9765
Kepler-662 b,21.67699193,530.0,2.95,0.7910,CONFIRMED,1.0000,4954.00,0.8280,0.896
Kepler-663 b,4.99677968,917.0,2.78,0.9310,CONFIRMED,1.0000,5339.00,0.8470,0.71
Kepler-671 b,4.280963604,1012.0,2.3,0.9280,CONFIRMED,1.0000,5644.00,0.8310,0.424
,1.50635409,1452.0,4.53,0.9260,FALSE POSITIVE,0.0000,5714.00,0.8310,0.86
,670.645531,196.0,14.14,1.0300,FALSE POSITIVE,0.0000,5520.00,0.9830,0.701
,61.2563628,505.0,39.87,1.0930,FALSE POSITIVE,0.0000,6144.00,1.0910,1.248
Kepler-672 b,38.3775486,529.0,2.82,0.9150,CONFIRMED,1.0000,5481.00,1.0360,0.468
Kepler-229 d,41.19725502,439.0,3.86,0.8010,CONFIRMED,0.9920,5031.00,0.8480,0.045
Kepler-229 b,6.252962249,823.0,2.65,0.8010,CONFIRMED,1.0000,5031.00,0.8480,0.105
Kepler-665 b,16.01308419,593.0,3.1,0.7850,CONFIRMED,1.0000,5015.00,0.8260,0.799
Kepler-230 b,32.62876672,506.0,3.36,0.8440,CONFIRMED,1.0000,5586.00,0.7980,0.021
Kepler-230 c,91.7732862,359.0,2.12,0.8440,CONFIRMED,0.9780,5586.00,0.7980,0.606
Kepler-1976 b,4.959319244,1103.0,12.21,0.9760,CONFIRMED,1.0000,5712.00,1.0820,0.831
,2.701287801,1222.0,6.54,0.8890,FALSE POSITIVE,0.0000,5550.00,0.9100,1.016
Kepler-666 b,4.49876511,1133.0,2.1,1.0480,CONFIRMED,1.0000,6075.00,0.9690,0.312
,19.651209505,730.0,12.42,1.0140,FALSE POSITIVE,0.0000,6074.00,1.0630,0.723
Kepler-105 b,5.412203927,1093.0,2.94,0.9410,CONFIRMED,1.0000,5779.00,1.0870,0.787
Kepler-667 b,41.43958662,516.0,5.5,0.9300,CONFIRMED,0.9980,5468.00,1.0460,0.355
Kepler-668 b,8.35389523,790.0,2.52,0.8620,CONFIRMED,1.0000,5592.00,0.7870,0.023
Kepler-669 b,4.125543472,1243.0,4.43,1.1620,CONFIRMED,1.0000,6174.00,1.1030,0.597
Kepler-670 b,2.816504904,1219.0,12.21,0.9410,CONFIRMED,1.0000,5532.00,0.9550,0.105
,33.93373447,430.0,7.34,0.7820,FALSE POSITIVE,0.0000,5040.00,0.7050,0.812
Kepler-680 b,3.689920099,1147.0,1.89,1.0100,CONFIRMED,1.0000,5880.00,0.9170,0.151
Kepler-232 b,4.431238488,1104.0,3.25,1.0070,CONFIRMED,1.0000,5714.00,1.0150,0.405
Kepler-232 c,11.37936986,806.0,3.95,1.0070,CONFIRMED,1.0000,5714.00,1.0150,0.911
Kepler-681 b,26.39432897,489.0,3.07,0.8460,CONFIRMED,1.0000,5129.00,0.7630,0.602
Kepler-106 c,13.57078281,785.0,2.64,0.9510,CONFIRMED,1.0000,5854.00,1.0120,0.866
Kepler-105 c,7.12594387,997.0,1.79,0.9410,CONFIRMED,1.0000,5779.00,1.0870,0.898
,7.442652004,967.0,15.03,0.9810,FALSE POSITIVE,0.0140,6108.00,0.9560,0.137
Kepler-52 c,16.38489988,433.0,2,0.6330,CONFIRMED,1.0000,4126.00,0.6150,0.001
Kepler-52 b,7.8774163,553.0,2.16,0.6330,CONFIRMED,1.0000,4126.00,0.6150,0.041
Kepler-52 d,36.4454001,332.0,1.99,0.6330,CONFIRMED,1.0000,4126.00,0.6150,0.028
Kepler-673 b,3.728732147,1023.0,6.02,0.9070,CONFIRMED,1.0000,5497.00,0.8090,0.558
,40.4195037,467.0,7.51,0.7140,CANDIDATE,0.9990,5446.00,0.7810,0.911
Kepler-674 b,2.243380573,822.0,1.99,0.5780,CONFIRMED,1.0000,4149.00,0.5640,0.915
,10.405998015,833.0,11.23,0.7700,FALSE POSITIVE,0.0000,5746.00,0.9240,0.324
Kepler-675 b,2.337437946,1070.0,2.34,0.8500,CONFIRMED,1.0000,5005.00,0.7650,0.28
,7.2406612,734.0,19.45,0.8500,CANDIDATE,0.9930,5005.00,0.7650,1.198
,3.43591631,1272.0,0.55,0.9410,CANDIDATE,0.8710,5779.00,1.0870,0.624
Kepler-676 b,11.59822233,396.0,2.65,0.5030,CONFIRMED,1.0000,3688.00,0.4730,0.679
Kepler-677 b,6.575315881,1015.0,5.31,0.9270,CONFIRMED,1.0000,5992.00,0.9890,0.39
Kepler-678 b,7.275040844,833.0,4.86,0.9860,CONFIRMED,1.0000,5485.00,0.8670,0.547
Kepler-231 c,19.27153892,393.0,1.93,0.5760,CONFIRMED,1.0000,4077.00,0.5600,0.031
Kepler-231 b,10.06524317,488.0,1.91,0.5760,CONFIRMED,1.0000,4077.00,0.5600,0.628
Kepler-679 b,12.3935651,677.0,2.66,0.8320,CONFIRMED,1.0000,5557.00,0.7500,0.883
Kepler-106 e,43.84439721,531.0,2.87,0.9510,CONFIRMED,0.9980,5854.00,1.0120,0.852
,3.341913228,1032.0,21.55,0.8530,FALSE POSITIVE,0.0000,5295.00,0.8110,1.213
,1.626630225,1547.0,32.43,0.8890,FALSE POSITIVE,0.7730,5735.00,0.9730,1.26
Kepler-234 b,2.711504086,1420.0,3.12,1.1690,CONFIRMED,1.0000,6214.00,1.0760,0.023
Kepler-234 c,7.21203748,1025.0,3.32,1.1690,CONFIRMED,1.0000,6214.00,1.0760,0.012
,14.1798187,711.0,1.88,0.9750,FALSE POSITIVE,,5799.00,0.8780,0.1601
Kepler-233 b,8.47237911,751.0,2.59,0.8840,CONFIRMED,1.0000,5354.00,0.7880,0.022
Kepler-233 c,60.4189369,390.0,2.36,0.8840,CONFIRMED,0.9890,5354.00,0.7880,0.094
Kepler-682 b,12.611904345,753.0,7.4,0.9920,CONFIRMED,1.0000,5795.00,0.9190,0.55
,1.433769925,1920.0,46.58,1.0830,FALSE POSITIVE,0.0000,6017.00,1.3390,1.268
,10.31872301,876.0,28.59,1.0500,FALSE POSITIVE,0.0000,5927.00,1.0600,1.215
Kepler-683 b,2.539183147,1332.0,2.06,0.9210,CONFIRMED,1.0000,5519.00,1.0620,0.238
Kepler-684 b,6.770300385,812.0,2.77,0.7670,CONFIRMED,1.0000,5653.00,0.6790,0.838
,0.444291966,1836.0,27.51,0.7090,FALSE POSITIVE,0.0000,5255.00,0.6360,1.258
,10.181584004,812.0,7.73,0.8850,CANDIDATE,1.0000,5988.00,0.8360,0.92
Kepler-235 d,20.06036336,361.0,1.96,0.5020,CONFIRMED,1.0000,3950.00,0.4930,0.556
Kepler-235 e,46.1842039,273.0,1.83,0.5020,CONFIRMED,1.0000,3950.00,0.4930,0.013
Kepler-106 d,23.9800854,649.0,1.31,0.9510,CONFIRMED,0.9520,5854.00,1.0120,0.95
Kepler-235 c,7.82502168,494.0,1.2,0.5020,CONFIRMED,0.9940,3950.00,0.4930,0.708
Kepler-688 b,3.895936525,1005.0,7.34,0.8660,CONFIRMED,1.0000,5557.00,0.7740,0.524
Kepler-689 b,22.36646466,536.0,2.32,0.8210,CONFIRMED,0.9990,5395.00,0.7340,0.4
Kepler-685 b,1.625522174,1579.0,9.73,0.9350,CONFIRMED,1.0000,5539.00,1.1060,0.076
,19.620346923,643.0,13.6,0.9280,CANDIDATE,1.0000,5710.00,0.9050,0.458
,7.544039,838.0,17.47,0.9190,FALSE POSITIVE,0.0000,5657.00,0.8240,1.175
Kepler-1727 b,9.02930689,757.0,2.57,0.8240,CONFIRMED,1.0000,5349.00,0.8200,0.024
,10.328035714,843.0,13.28,0.8740,FALSE POSITIVE,0.0530,5627.00,1.0240,0.281
Kepler-30 d,143.2063047,308.0,8.9,0.9860,CONFIRMED,1.0000,5485.00,0.8670,0.379
Kepler-106 b,6.164876,1021.0,0.79,0.9510,CONFIRMED,0.9500,5854.00,1.0120,0.646
Kepler-30 c,60.32494216,411.0,12.19,0.9860,CONFIRMED,0.7450,5485.00,0.8670,0.224
Kepler-30 b,29.1598615,524.0,1.91,0.9860,CONFIRMED,,5485.00,0.8670,0.3619
,1.540397253,1470.0,25.69,1.0340,FALSE POSITIVE,0.0000,5663.00,0.9150,1.225
,2.99025443,918.0,1.7,0.7370,FALSE POSITIVE,0.0000,4667.00,0.7310,0.014
Kepler-686 b,1.594745374,1539.0,11.3,0.9010,CONFIRMED,1.0000,5934.00,0.8930,0.514
Kepler-1728 b,4.783002698,886.0,2.5,0.8910,CONFIRMED,1.0000,5170.00,0.8070,0.003
Kepler-687 b,20.50588921,518.0,3.41,0.7390,CONFIRMED,1.0000,4905.00,0.7610,0.26
Kepler-235 b,3.340218842,656.0,2.03,0.5020,CONFIRMED,1.0000,3950.00,0.4930,0.466
,2.507089906,1326.0,30.26,1.0300,FALSE POSITIVE,0.0000,5926.00,0.9390,1.255
Kepler-53 b,18.64932728,701.0,3.12,1.0260,CONFIRMED,1.0000,5775.00,1.0530,0.08
Kepler-107 c,4.90144976,1262.0,1.7,1.1130,CONFIRMED,1.0000,5847.00,1.4020,0.529
Kepler-53 d,9.75192101,870.0,2.76,1.0260,CONFIRMED,0.9980,5775.00,1.0530,0.949
Kepler-53 c,38.5576546,550.0,4.02,1.0260,CONFIRMED,1.0000,5775.00,1.0530,0.911
Kepler-428 b,3.525632539,975.0,11.58,0.8550,CONFIRMED,0.9900,5150.00,0.7930,0.12
,34.84398644,511.0,7.61,0.8400,CANDIDATE,1.0000,5509.00,0.8710,0.934
Kepler-690 b,7.748094239,964.0,5.52,1.1810,CONFIRMED,1.0000,5973.00,1.0850,0.517
Kepler-236 c,23.96793669,329.0,1.8,0.5360,CONFIRMED,1.0000,3747.00,0.5240,0.416
Kepler-236 b,8.29561738,469.0,1.82,0.5360,CONFIRMED,0.9950,3747.00,0.5240,0.888
Kepler-691 b,8.11437482,460.0,2.1,0.5530,CONFIRMED,1.0000,3692.00,0.5170,0.573
,38.036729482,500.0,27.5,1.0510,FALSE POSITIVE,0.0000,5575.00,0.9320,0.501
,4.64090031,1155.0,30.09,0.7860,CANDIDATE,0.0000,6463.00,0.8260,1.28
,3.747838198,1031.0,13.65,0.9260,FALSE POSITIVE,0.0000,5514.00,0.8260,1.121
Kepler-107 e,14.74914825,874.0,2.89,1.1130,CONFIRMED,0.9920,5847.00,1.4020,0.173
Kepler-692 b,21.81295996,639.0,3.38,0.9340,CONFIRMED,1.0000,5601.00,0.9990,0.053
,7.91936937,814.0,10.34,0.8520,FALSE POSITIVE,0.0000,5690.00,0.7760,0.733
,1.028436523,1947.0,72.77,0.9590,CANDIDATE,,6228.00,0.9900,1.5734
Kepler-693 b,15.37562369,600.0,11.01,0.7930,CONFIRMED,1.0000,4986.00,0.8330,0.692
Kepler-237 c,8.10363271,687.0,2.11,0.7330,CONFIRMED,1.0000,4861.00,0.7320,0.047
Kepler-237 b,4.71510843,823.0,1.46,0.7330,CONFIRMED,1.0000,4861.00,0.7320,0.258
Kepler-694 b,6.365839713,914.0,2.44,0.9390,CONFIRMED,1.0000,5776.00,0.8490,0.524
,5.97581754,1047.0,3.86,1.0720,FALSE POSITIVE,0.0370,6108.00,0.9970,0.941
,2.446737317,1261.0,26.25,0.9590,FALSE POSITIVE,0.0000,5764.00,0.8630,1.241
Kepler-695 b,3.04033046,1021.0,8.99,0.7540,CONFIRMED,1.0000,5035.00,0.7910,0.736
Kepler-27 b,15.33528675,610.0,5,0.9260,CONFIRMED,1.0000,5251.00,0.8170,0.773
Kepler-107 d,7.95825328,1074.0,1.06,1.1130,CONFIRMED,0.9980,5847.00,1.4020,0.706
Kepler-27 c,31.33046135,481.0,6.5,0.9260,CONFIRMED,1.0000,5251.00,0.8170,0.798
,3.9043425,1104.0,12.28,0.9890,FALSE POSITIVE,0.0060,5810.00,0.8980,0.709
,9.286358079,796.0,17.61,0.8200,FALSE POSITIVE,0.0000,5670.00,0.8210,0.377
,3.951405455,1133.0,31.44,0.9530,FALSE POSITIVE,0.0000,6046.00,0.8690,1.276
Kepler-238 e,23.65369415,731.0,7.89,1.0830,CONFIRMED,0.9990,5739.00,1.3840,0.008
Kepler-238 d,13.23352214,888.0,3.06,1.0830,CONFIRMED,0.9960,5739.00,1.3840,0.014
Kepler-238 c,6.15560285,1146.0,2.32,1.0830,CONFIRMED,0.9970,5739.00,1.3840,0.235
Kepler-238 b,2.090811305,1642.0,1.62,1.0830,CONFIRMED,1.0000,5739.00,1.3840,0.746
Kepler-107 b,3.180027898,1458.0,1.53,1.1130,CONFIRMED,0.9950,5847.00,1.4020,0.196
Kepler-238 f,50.4467417,568.0,2.67,1.0830,CONFIRMED,0.9890,5739.00,1.3840,0.379
Kepler-239 b,11.76307164,616.0,2.35,0.8490,CONFIRMED,1.0000,4959.00,0.7560,0.048
Kepler-239 c,56.2279271,366.0,2.37,0.8490,CONFIRMED,0.8780,4959.00,0.7560,0.7
,2.384052875,1010.0,17.06,0.6830,FALSE POSITIVE,0.0000,4794.00,0.7010,1.178
Kepler-240 c,7.953547,696.0,2.25,0.7590,CONFIRMED,1.0000,4768.00,0.7790,0.3
Kepler-240 b,4.14451656,864.0,1.48,0.7590,CONFIRMED,1.0000,4768.00,0.7790,0.004
,4.859386384,1114.0,38.33,1.0500,FALSE POSITIVE,0.0000,6072.00,0.9880,1.259
Kepler-702 b,10.526294577,713.0,8.24,0.8200,CONFIRMED,0.9990,5386.00,0.7930,0.644
Kepler-703 b,4.583520948,1038.0,5.39,0.9730,CONFIRMED,1.0000,5815.00,0.8770,0.045
Kepler-704 b,3.76181843,1121.0,2.66,0.9740,CONFIRMED,0.8760,5653.00,0.9490,0.926
Kepler-242 b,8.20396958,742.0,3.01,0.7850,CONFIRMED,1.0000,5015.00,0.8260,0.823
Kepler-242 c,14.49645186,613.0,3.01,0.7850,CONFIRMED,1.0000,5015.00,0.8260,0.97
Kepler-27 d,6.54626149,810.0,2.19,0.9260,CONFIRMED,1.0000,5251.00,0.8170,0.644
Kepler-241 b,12.71809866,562.0,2.31,0.6700,CONFIRMED,1.0000,4702.00,0.6860,0.427
Kepler-241 c,36.06588163,397.0,2.64,0.6700,CONFIRMED,0.9990,4702.00,0.6860,0.26
Kepler-696 b,4.190425659,1234.0,6.21,1.1630,CONFIRMED,1.0000,6073.00,1.1350,0.458
Kepler-697 b,3.709870784,1151.0,4.35,1.0130,CONFIRMED,1.0000,5727.00,0.9780,0.023
Kepler-698 b,16.3297527,727.0,3.75,0.9890,CONFIRMED,1.0000,5878.00,0.9870,0.791
Kepler-699 b,27.807566216,554.0,13.84,0.8650,CONFIRMED,0.9850,5862.00,0.7850,0.782
Kepler-700 b,80.8723469,452.0,7.59,0.9320,CONFIRMED,0.9420,5510.00,1.2380,0.527
,3.166465862,954.0,26.82,0.6800,FALSE POSITIVE,0.0000,4968.00,0.7040,1.266
Kepler-467 b,24.99324319,712.0,2.29,0.9610,CONFIRMED,0.9120,5718.00,1.3170,0.686
Kepler-701 b,10.35533116,777.0,2.47,0.8910,CONFIRMED,1.0000,5501.00,0.9180,0.029
Kepler-709 b,16.08518937,613.0,3.68,0.8300,CONFIRMED,1.0000,5239.00,0.8260,0.867
,235.9986399,188.0,10.59,0.6660,CANDIDATE,0.9980,4245.00,0.6570,0.778
Kepler-245 b,7.49018305,753.0,2.56,0.8230,CONFIRMED,1.0000,5103.00,0.7870,0.02
Kepler-245 d,36.2761238,445.0,3.03,0.8230,CONFIRMED,1.0000,5103.00,0.7870,0.035
Kepler-245 c,17.46087931,568.0,2.32,0.8230,CONFIRMED,1.0000,5103.00,0.7870,0.594
Kepler-705 b,56.0560754,233.0,1.94,0.5030,CONFIRMED,0.9960,3593.00,0.4910,0.018
Kepler-706 b,41.408316686,453.0,11.38,0.7860,CONFIRMED,0.9740,5522.00,0.7470,0.377
,39.74893077,552.0,14.21,1.0410,CANDIDATE,0.9940,6122.00,0.9640,0.881
Kepler-243 b,5.715425977,850.0,2.47,0.9270,CONFIRMED,1.0000,5237.00,0.8260,0.348
Kepler-108 b,49.18394185,669.0,8.2,1.2470,CONFIRMED,0.9590,5626.00,2.0570,0.035
Kepler-243 c,20.0261412,559.0,2.28,0.9270,CONFIRMED,0.9940,5237.00,0.8260,0.957
,13.61014819,733.0,19.02,0.8570,CANDIDATE,0.0000,5697.00,0.9030,1.081
,10.44331991,667.0,2.66,0.7690,FALSE POSITIVE,0.0000,4947.00,0.8020,0.23
Kepler-707 b,2.237489571,1160.0,1.41,0.9100,CONFIRMED,1.0000,5265.00,0.8100,0.128
,5.851520671,901.0,14.62,0.8040,FALSE POSITIVE,0.0000,5532.00,0.8060,0.211
Kepler-708 b,3.167893418,1221.0,2.62,1.0260,CONFIRMED,1.0000,5895.00,0.9400,0.026
Kepler-244 b,4.311780262,1038.0,3.11,0.9560,CONFIRMED,1.0000,5527.00,0.9270,0.196
Kepler-244 d,20.0504494,622.0,2.69,0.9560,CONFIRMED,1.0000,5527.00,0.9270,0.383
Kepler-244 c,9.76734503,791.0,2.67,0.9560,CONFIRMED,1.0000,5527.00,0.9270,0.9
,119.0207044,366.0,8.98,0.9040,CANDIDATE,1.0000,5453.00,1.0620,0.076
Kepler-108 c,190.3200468,426.0,7.78,1.2470,CONFIRMED,0.9870,5626.00,2.0570,0.812
,2.861159894,1355.0,4.37,1.0900,FALSE POSITIVE,0.0000,6126.00,1.0210,0.965
Kepler-82 b,26.44439337,562.0,3.91,0.9150,CONFIRMED,1.0000,5427.00,0.9290,0.03
Kepler-82 c,51.53997972,450.0,5.51,0.9150,CONFIRMED,0.9830,5427.00,0.9290,0.183
Kepler-82 e,5.902245782,926.0,2.43,0.9150,CONFIRMED,1.0000,5427.00,0.9290,0.209
Kepler-82 d,2.382951591,1253.0,1.86,0.9150,CONFIRMED,1.0000,5427.00,0.9290,0.479
Kepler-712 b,21.02250608,521.0,3.07,0.7890,CONFIRMED,1.0000,5067.00,0.7500,0.036
Kepler-245 e,3.219814777,998.0,1.69,0.8230,CONFIRMED,1.0000,5103.00,0.7870,0.06
Kepler-28 b,5.912273234,585.0,1.73,0.5860,CONFIRMED,1.0000,4072.00,0.5700,0.17
Kepler-28 c,8.98581901,509.0,1.65,0.5860,CONFIRMED,1.0000,4072.00,0.5700,0.008
,12.940668656,723.0,22.94,0.8950,CANDIDATE,0.0000,5875.00,0.8090,0.897
,20.5452375,742.0,2.41,0.9370,FALSE POSITIVE,0.5730,5670.00,1.2640,0.95
Kepler-46 b,33.60123371,495.0,8.46,0.8820,CONFIRMED,1.0000,5149.00,0.9300,0.67
Kepler-46 d,6.76652928,845.0,1.97,0.8820,CONFIRMED,1.0000,5149.00,0.9300,0.429
Kepler-710 b,4.347288783,1174.0,2.36,1.0140,CONFIRMED,1.0000,5754.00,1.1220,0.025
Kepler-246 b,4.601811819,896.0,2.35,0.7930,CONFIRMED,1.0000,4986.00,0.8330,0.567
Kepler-246 c,11.18719905,667.0,1.55,0.7930,CONFIRMED,0.9970,4986.00,0.8330,0.387
Kepler-1729 b,4.220965778,595.0,2.62,0.5440,CONFIRMED,1.0000,3837.00,0.5170,0.705
,6.998099523,853.0,588.66,0.9260,FALSE POSITIVE,0.0000,5612.00,0.8290,7.361
Kepler-81 b,5.95489993,635.0,2.33,0.6400,CONFIRMED,1.0000,4261.00,0.6330,0.327
Kepler-81 c,12.03987488,502.0,2.18,0.6400,CONFIRMED,1.0000,4261.00,0.6330,0.286
Kepler-81 d,20.83762895,418.0,1.42,0.6400,CONFIRMED,0.9980,4261.00,0.6330,0.706
,8.8111022,1399.0,63.66,1.3330,FALSE POSITIVE,0.0000,6200.00,2.4040,1.223
Kepler-711 b,23.58917143,487.0,3.16,0.6970,CONFIRMED,1.0000,4919.00,0.7210,0.926
Kepler-109 b,6.481633073,1145.0,2.54,1.0090,CONFIRMED,1.0000,5945.00,1.3020,0.833
Kepler-716 b,10.37168928,720.0,3.2,0.8220,CONFIRMED,1.0000,5121.00,0.8880,0.537
Kepler-716 c,3.96996298,992.0,1.78,0.8220,CONFIRMED,1.0000,5121.00,0.8880,0.836
Kepler-717 b,4.40841331,1139.0,2.66,0.9680,CONFIRMED,1.0000,6007.00,0.9610,0.899
,7.9426176,878.0,4.68,1.0360,FALSE POSITIVE,0.0000,5811.00,0.9260,0.942
Kepler-712 c,226.8904775,236.0,4.53,0.7890,CONFIRMED,1.0000,5067.00,0.7500,0.731
,1.956811408,1109.0,21.58,0.6020,FALSE POSITIVE,0.0000,5209.00,0.6030,1.091
,2.688899233,929.0,12.04,0.6990,CANDIDATE,0.9970,4820.00,0.6390,0.001
Kepler-247 c,9.439459486,686.0,4.16,0.8910,CONFIRMED,1.0000,5097.00,0.7790,0.049
Kepler-95 b,11.523067458,927.0,3.13,1.0530,CONFIRMED,1.0000,5644.00,1.4110,0
Kepler-247 d,20.47748843,530.0,2.92,0.8910,CONFIRMED,0.0000,5097.00,0.7790,0.497
Kepler-247 b,3.336123113,970.0,1.74,0.8910,CONFIRMED,1.0000,5097.00,0.7790,0.252
Kepler-54 b,8.01078456,453.0,1.72,0.4840,CONFIRMED,1.0000,3713.00,0.4700,0.192
Kepler-54 c,12.07134205,395.0,1.29,0.4840,CONFIRMED,1.0000,3713.00,0.4700,0.014
Kepler-54 d,20.99587872,328.0,1.3,0.4840,CONFIRMED,0.9860,3713.00,0.4700,0.228
Kepler-713 b,7.41113177,905.0,2.45,1.0140,CONFIRMED,1.0000,5849.00,0.9190,0.712
,1.000747038,1620.0,4.14,0.7180,FALSE POSITIVE,0.0000,5472.00,0.7900,0.908
Kepler-75 b,8.884922995,770.0,10.51,0.8210,CONFIRMED,0.9990,5332.00,0.8430,0.069
Kepler-714 b,8.09888906,986.0,8.95,1.1690,CONFIRMED,1.0000,6214.00,1.0760,0.018
Kepler-715 b,10.00653012,876.0,3.52,1.0790,CONFIRMED,1.0000,6063.00,1.0010,0.862
Kepler-448 b,17.855221681,911.0,13.16,1.3860,CONFIRMED,0.6350,6823.00,1.3670,0.075
,12.732624065,432.0,4.87,0.5630,CANDIDATE,1.0000,3950.00,0.5410,0.811
,83.92494032,226.0,4.78,0.5260,CANDIDATE,0.9660,3960.00,0.5090,0.658
Kepler-719 b,5.007316661,998.0,6.96,0.9140,CONFIRMED,1.0000,5865.00,0.8270,0.344
Kepler-55 d,2.211116989,931.0,1.85,0.7100,CONFIRMED,1.0000,4500.00,0.6460,0.69
Kepler-55 b,27.9541337,400.0,1.9,0.7100,CONFIRMED,0.9970,4500.00,0.6460,0.063
Kepler-110 b,12.69104387,1008.0,2.57,1.0190,CONFIRMED,0.4150,5869.00,1.6260,0.008
,4.409409243,1101.0,10.95,0.8110,FALSE POSITIVE,0.2280,5600.00,0.9750,0.028
Kepler-248 c,16.23947096,598.0,4.14,0.9370,CONFIRMED,1.0000,5191.00,0.8370,0.043
Kepler-248 b,6.308201629,819.0,2.96,0.9370,CONFIRMED,1.0000,5191.00,0.8370,0.03
Kepler-718 b,2.052349884,1497.0,13.12,1.0490,CONFIRMED,1.0000,5855.00,1.0800,0.437
Kepler-83 b,9.7704486,460.0,2.23,0.5080,CONFIRMED,1.0000,3906.00,0.5090,0.09
Kepler-83 d,5.169804269,569.0,1.66,0.5080,CONFIRMED,1.0000,3906.00,0.5090,0.351
Kepler-109 c,21.22261195,771.0,2.48,1.0090,CONFIRMED,1.0000,5945.00,1.3020,0.02
Kepler-83 c,20.09017037,362.0,2.25,0.5080,CONFIRMED,1.0000,3906.00,0.5090,0.886
Kepler-249 c,7.11373257,429.0,1.16,0.4400,CONFIRMED,0.9990,3561.00,0.4110,0.334
Kepler-249 b,3.306551643,554.0,0.91,0.4400,CONFIRMED,0.9990,3561.00,0.4110,0.001
Kepler-249 d,15.36845737,332.0,1.11,0.4400,CONFIRMED,0.9980,3561.00,0.4110,0.115
Kepler-1730 b,13.81020318,833.0,4.56,1.0090,CONFIRMED,1.0000,5942.00,1.1420,0.791
Kepler-722 b,4.093578461,1182.0,2.85,1.0770,CONFIRMED,1.0000,6077.00,0.9990,0.93
Kepler-722 c,105.145959,401.0,3.43,1.0770,CONFIRMED,0.9990,6077.00,0.9990,0.964
Kepler-252 c,10.8484518,499.0,2.34,0.6090,CONFIRMED,1.0000,4201.00,0.5910,0.21
Kepler-252 b,6.66833241,587.0,1.18,0.6090,CONFIRMED,1.0000,4201.00,0.5910,0.644
Kepler-723 b,4.082274889,1016.0,10.55,0.8860,CONFIRMED,0.9970,5655.00,0.7940,0.093
,3.886655224,1010.0,1.87,0.8130,CANDIDATE,1.0000,5662.00,0.7380,0.649
Kepler-55 c,42.1406089,349.0,1.85,0.7100,CONFIRMED,1.0000,4500.00,0.6460,0.045
Kepler-55 e,4.617490562,728.0,1.62,0.7100,CONFIRMED,1.0000,4500.00,0.6460,0.649
Kepler-55 f,10.19849255,559.0,1.75,0.7100,CONFIRMED,0.9960,4500.00,0.6460,0.714
,5.795063956,950.0,4.33,0.9140,FALSE POSITIVE,0.0000,5865.00,0.8270,0.949
Kepler-250 c,7.15681552,782.0,2.47,0.7980,CONFIRMED,1.0000,5029.00,0.8380,0.45
Kepler-250 d,17.64830851,579.0,2.43,0.7980,CONFIRMED,1.0000,5029.00,0.8380,0.653
Kepler-250 b,4.14810719,938.0,1.08,0.7980,CONFIRMED,0.9570,5029.00,0.8380,0.093
Kepler-251 c,16.51410989,655.0,2.72,0.8410,CONFIRMED,1.0000,5527.00,0.8660,0.395
Kepler-251 d,30.1329298,536.0,3.14,0.8410,CONFIRMED,1.0000,5527.00,0.8660,0.839
Kepler-251 b,4.79090809,990.0,1.36,0.8410,CONFIRMED,1.0000,5527.00,0.8660,0.11
Kepler-110 c,31.71981013,743.0,3.09,1.0190,CONFIRMED,1.0000,5869.00,1.6260,0.125
Kepler-251 e,99.6415962,360.0,2.64,0.8410,CONFIRMED,1.0000,5527.00,0.8660,0.028
Kepler-720 b,4.708326451,1162.0,10.6,0.9400,CONFIRMED,1.0000,5560.00,1.2100,0.061
,16.37198661,438.0,540.37,0.5800,FALSE POSITIVE,0.0000,4187.00,0.5920,9.303
Kepler-721 b,5.392026903,850.0,2.68,0.9150,CONFIRMED,1.0000,5198.00,0.8010,0.314
,2.494170338,1194.0,2.42,0.9280,CANDIDATE,1.0000,5569.00,0.8290,0.095
Kepler-730 b,6.491682808,1062.0,9.66,1.1590,CONFIRMED,1.0000,6123.00,1.1070,0.535
,3.044770796,1076.0,24.54,0.8430,FALSE POSITIVE,0.0000,5525.00,0.7530,1.252
Kepler-731 b,3.855603916,1212.0,13.61,1.1530,CONFIRMED,0.9990,6033.00,1.0460,0.348
,3.855599139,1158.0,3.57,1.0750,FALSE POSITIVE,0.0000,5936.00,0.9650,0.864
Kepler-468 b,38.47876629,484.0,13.26,0.9730,CONFIRMED,0.9200,5510.00,0.8790,0.003
,37.601661282,606.0,27.22,0.9890,FALSE POSITIVE,0.0000,6140.00,1.0960,0.408
Kepler-724 b,3.314947362,1155.0,3.94,0.9830,CONFIRMED,1.0000,5609.00,0.9440,0.799
,6.71969089,952.0,4.37,0.8250,FALSE POSITIVE,0.0000,5931.00,0.8660,0.985
Kepler-725 b,39.6431552,472.0,10.98,0.8440,CONFIRMED,0.9960,5231.00,0.9000,0.062
,51.42598578,549.0,29.66,1.2330,FALSE POSITIVE,0.0000,6257.00,1.1470,0.203
Kepler-726 b,21.80451611,543.0,2.6,0.8060,CONFIRMED,1.0000,5481.00,0.7080,0.751
Kepler-253 c,10.28194593,680.0,2.53,0.8690,CONFIRMED,1.0000,5196.00,0.7750,0.168
Kepler-253 d,18.11993039,563.0,2.95,0.8690,CONFIRMED,1.0000,5196.00,0.7750,0.206
Kepler-253 b,3.78402867,949.0,1.7,0.8690,CONFIRMED,1.0000,5196.00,0.7750,0.691
Kepler-727 b,5.15448142,964.0,2.94,0.8160,CONFIRMED,1.0000,5431.00,0.8840,0.933
Kepler-469 b,33.80364366,745.0,20.7,1.1740,FALSE POSITIVE,0.0000,5855.00,1.7960,0.023
Kepler-728 b,5.743469797,982.0,3.13,0.9830,CONFIRMED,1.0000,5897.00,0.8910,0.001
,39.4759093,577.0,4.06,1.0910,CANDIDATE,1.0000,6225.00,1.0310,0.938
,19.974485239,700.0,26.56,1.0720,FALSE POSITIVE,0.0000,6108.00,0.9970,0.886
Kepler-729 b,3.166353562,1273.0,3.82,1.0720,CONFIRMED,1.0000,6007.00,0.9980,0.032
,23.899634407,652.0,44.04,0.9910,FALSE POSITIVE,0.0000,6192.00,0.9240,1.245
Kepler-256 c,3.388012244,1315.0,2.11,0.9490,CONFIRMED,1.0000,5553.00,1.2500,0.433
Kepler-256 d,5.83909761,1097.0,2.06,0.9490,CONFIRMED,1.0000,5553.00,1.2500,0.341
Kepler-256 b,1.620467654,1681.0,1.57,0.9490,CONFIRMED,1.0000,5553.00,1.2500,0.271
Kepler-256 e,10.6816951,897.0,2.3,0.9490,CONFIRMED,1.0000,5553.00,1.2500,0.646
Kepler-734 b,6.104849417,784.0,3.18,0.7100,CONFIRMED,1.0000,5085.00,0.7120,0.041
Kepler-77 b,3.578780566,1145.0,10.43,0.9500,CONFIRMED,0.9990,5524.00,0.9940,0.079
,3.187067566,1079.0,23.88,0.8570,FALSE POSITIVE,0.0000,5450.00,0.8110,1.234
Kepler-254 b,5.826657508,1013.0,4.09,0.9430,CONFIRMED,1.0000,5561.00,1.0600,0.033
Kepler-254 c,12.41216347,787.0,2.58,0.9430,CONFIRMED,0.9980,5561.00,1.0600,0.021
Kepler-254 d,18.74649011,686.0,3.05,0.9430,CONFIRMED,1.0000,5561.00,1.0600,0.508
Kepler-31 b,20.86021229,781.0,5.5,0.9580,CONFIRMED,1.0000,6035.00,1.2570,0.066
Kepler-31 c,42.63427848,615.0,5.22,0.9580,CONFIRMED,1.0000,6035.00,1.2570,0.142
Kepler-31 d,87.6476068,484.0,4,0.9580,CONFIRMED,0.9730,6035.00,1.2570,0.147
,9.61731426,1010.0,1.94,0.9580,CANDIDATE,0.9750,6035.00,1.2570,0.331
Kepler-732 b,9.467821474,407.0,2.13,0.4910,CONFIRMED,0.9530,3582.00,0.4580,0.081
Kepler-732 c,0.893040969,893.0,1.24,0.4910,CONFIRMED,0.7040,3582.00,0.4580,0.009
Kepler-15 b,4.942783419,1008.0,10.62,1.0030,CONFIRMED,0.9960,5514.00,0.9780,0.566
Kepler-733 b,20.83426731,595.0,2.74,0.9990,CONFIRMED,1.0000,5537.00,0.8800,0.256
Kepler-255 c,9.94602357,807.0,3.12,0.8670,CONFIRMED,1.0000,5344.00,1.0130,0.035
Kepler-255 d,1.04562195,1710.0,1.45,0.8670,CONFIRMED,0.9980,5344.00,1.0130,0.037
Kepler-255 b,5.71462396,971.0,1.78,0.8670,CONFIRMED,0.9490,5344.00,1.0130,0.503
,102.9641952,797.0,39,2.1500,FALSE POSITIVE,1.0000,5047.00,7.1190,0.922
Kepler-24 b,8.14515981,1050.0,3.43,0.8840,CONFIRMED,1.0000,5896.00,1.2400,0.965
Kepler-24 e,18.9985279,792.0,43.17,0.8840,CONFIRMED,1.0000,5896.00,1.2400,1.3
Kepler-24 d,4.24439049,1305.0,2.07,0.8840,CONFIRMED,0.9990,5896.00,1.2400,0.949
,90.1240507,485.0,7.12,1.2790,CANDIDATE,1.0000,6520.00,1.2150,0.698
Kepler-112 c,28.5742692,538.0,2.32,0.7760,CONFIRMED,1.0000,5551.00,0.8120,0.068
,856.672115,242.0,3.87,1.0630,CANDIDATE,,6449.00,1.3090,0.1158
,0.689210173,1943.0,1.32,1.0640,CANDIDATE,1.0000,5630.00,0.9540,0.154
Kepler-1739 b,7.34373964,839.0,1.84,0.8650,CONFIRMED,0.9650,5757.00,0.7620,0.185
,0.445277068,2562.0,35.74,1.1490,FALSE POSITIVE,,6167.00,1.0640,1.2962
,0.379463865,3000.0,59.56,0.9050,FALSE POSITIVE,0.0000,5075.00,1.7830,1.246
,9.88047978,860.0,23.6,0.9970,FALSE POSITIVE,0.0000,6113.00,0.9170,1.02
,4.6484156,2259.0,5.06,1.6710,FALSE POSITIVE,0.0000,6980.00,3.4820,0.968
,17.512014768,804.0,13.66,0.9980,FALSE POSITIVE,0.0000,6224.00,1.1320,0.994
,3.9886021,3145.0,34.39,2.0160,CANDIDATE,0.0000,4813.00,13.6520,0.06
,0.533059312,5862.0,133.56,2.1660,CANDIDATE,1.0000,8523.00,4.0510,1.263
,0.525154153,2073.0,23.61,0.8190,FALSE POSITIVE,0.0000,5582.00,0.8460,1.226
,1.303861044,1610.0,27.85,0.8870,FALSE POSITIVE,0.0000,5758.00,0.9020,1.258
,0.73452496,,,,FALSE POSITIVE,,,,
,2.55549176,1312.0,23.35,0.9540,FALSE POSITIVE,0.0000,5948.00,0.9010,1.228
,2.947376671,2404.0,403.59,1.8280,FALSE POSITIVE,0.0000,8090.00,2.2340,2.641
Kepler-111 c,224.7789355,333.0,7.67,1.0920,CONFIRMED,1.0000,5873.00,1.2350,0.652
,0.890110752,1372.0,1.25,0.8150,FALSE POSITIVE,0.0000,4768.00,0.7110,0.216
,5.76573396,1964.0,7.47,1.6570,FALSE POSITIVE,0.0000,5772.00,4.4340,0.708
Kepler-769 b,7.42608123,1037.0,2.47,1.1400,CONFIRMED,1.0000,6049.00,1.1760,0.097
Kepler-769 c,15.9868932,803.0,1.62,1.1400,CONFIRMED,0.9890,6049.00,1.1760,0.533
,0.73094589,1922.0,17.12,0.9380,FALSE POSITIVE,0.0000,5901.00,0.8480,1.169
Kepler-770 b,18.92537246,1171.0,13.92,1.8080,CONFIRMED,1.0000,4941.00,4.8850,0.806
,0.933749106,2863.0,3.22,1.2330,FALSE POSITIVE,0.0000,6215.00,2.1880,0.736
,2.037440623,1572.0,1.19,0.9750,FALSE POSITIVE,0.0000,6253.00,1.0150,0.715
,129995.7784,25.0,2.99,0.7170,CANDIDATE,,4500.00,0.7260,0.7127
Kepler-784 b,31.5925809,688.0,1.78,1.0160,CONFIRMED,0.9940,5676.00,1.4870,0.283
Kepler-784 c,17.157236,844.0,1.55,1.0160,CONFIRMED,0.9970,5676.00,1.4870,0.238
Kepler-785 b,1.97376085,753.0,8.78,0.5340,CONFIRMED,0.9980,3807.00,0.5030,0.337
,13.118962443,1768.0,8.25,2.0180,CONFIRMED,0.6320,7221.00,4.2400,0.042
,4.618767792,1170.0,7.48,0.9380,FALSE POSITIVE,0.0000,6013.00,1.0330,0.766
,7.82187328,2101.0,2.78,2.0180,CANDIDATE,0.0000,7221.00,4.2400,0.005
,53.5057611,675.0,2.52,1.1740,CANDIDATE,0.9990,6247.00,1.7620,0.46
Kepler-21 b,2.785821236,1784.0,1.69,1.1620,CONFIRMED,1.0000,6202.00,1.7330,0.893
,52.56901867,737.0,78.54,1.6200,FALSE POSITIVE,0.0000,7240.00,1.7170,1.197
,3.411758679,684.0,14.71,0.5820,FALSE POSITIVE,0.0000,3995.00,0.5610,1.213
,0.525426427,2069.0,1.45,0.8890,FALSE POSITIVE,0.0000,5791.00,0.8020,0.113
Kepler-755 b,1.269091415,1331.0,1.41,0.8070,CONFIRMED,1.0000,5041.00,0.7660,0.412
Kepler-755 c,2.853133997,1016.0,1.36,0.8070,CONFIRMED,1.0000,5041.00,0.7660,0.698
Kepler-1734 b,6.79685353,985.0,2.01,1.0500,CONFIRMED,1.0000,6061.00,0.9700,0.62
,8.667822346,1303.0,67.37,1.0890,FALSE POSITIVE,0.0000,6266.00,1.8890,1.276
Kepler-770 c,1.475323222,2740.0,5.88,1.8080,CONFIRMED,0.9930,4941.00,4.8850,0.136
Kepler-770 d,4.15246118,1941.0,7.62,1.8080,CONFIRMED,1.0000,4941.00,4.8850,0.639
,6.7210783,,,,FALSE POSITIVE,,,,
Kepler-771 b,8.7348852,890.0,1.59,1.0470,CONFIRMED,0.9950,5982.00,0.9600,0.314
,10.26547688,770.0,1.81,0.9500,FALSE POSITIVE,0.0000,5699.00,0.8530,0.69
,13.4471791,848.0,5.24,1.0010,CANDIDATE,0.7520,6276.00,1.0410,0.963
,3.305577989,1027.0,25.89,0.7860,FALSE POSITIVE,0.0000,5534.00,0.7070,1.145
,4.800653901,1347.0,16.91,1.2560,FALSE POSITIVE,0.0000,6715.00,1.2410,0.785
,15.06649901,932.0,56.44,1.0280,FALSE POSITIVE,0.0000,5751.00,1.6260,1.018
,34.82008158,459.0,11.36,0.7460,FALSE POSITIVE,0.0000,5114.00,0.7840,0.663
,0.651784374,2090.0,33.65,0.9750,FALSE POSITIVE,0.0000,5555.00,1.0610,1.224
,1.353771892,4903.0,430.99,0.9310,FALSE POSITIVE,1.0000,4283.00,15.7600,1.203
,18.95491633,1139.0,71.39,1.3520,FALSE POSITIVE,0.0000,6362.00,2.5340,1.228
,4.348866254,6421.0,2436.69,1.6790,FALSE POSITIVE,0.0000,3598.00,101.4510,1.187
,47.93094546,905.0,68.02,1.7370,FALSE POSITIVE,0.0000,8214.00,1.9380,1.272
,3.99751422,2203.0,2.98,1.3720,FALSE POSITIVE,,5066.00,5.3240,0.0303
,1.592633181,1053.0,1.56,0.6540,FALSE POSITIVE,0.0000,4506.00,0.6510,0.003
,67.5923754,588.0,12.1,1.3410,CONFIRMED,0.0000,6038.00,1.7440,0.728
Kepler-265 c,17.02902786,755.0,2.54,0.8810,CONFIRMED,1.0000,5839.00,1.0670,0.202
Kepler-265 b,6.84619236,1022.0,1.67,0.8810,CONFIRMED,0.9450,5839.00,1.0670,0.077
Kepler-265 e,67.8321638,476.0,2.39,0.8810,CONFIRMED,0.7650,5839.00,1.0670,0.027
Kepler-265 d,43.1312147,554.0,2.39,0.8810,CONFIRMED,0.8150,5839.00,1.0670,0.67
Kepler-756 b,1.224866441,1741.0,1.54,0.9330,CONFIRMED,0.9990,5553.00,1.1070,0.286
Kepler-1736 b,37.8102649,566.0,2.33,0.9760,CONFIRMED,0.9310,6085.00,0.9730,0.061
Kepler-268 b,25.93406406,695.0,2.48,1.0590,CONFIRMED,1.0000,5952.00,1.2250,0.014
Kepler-268 c,83.4463485,471.0,2.73,1.0590,CONFIRMED,0.9120,5952.00,1.2250,0.058
,7.04710032,986.0,25.2,0.9600,FALSE POSITIVE,0.0000,5766.00,1.0680,1.195
Kepler-772 b,12.99204853,866.0,2.03,0.9680,CONFIRMED,0.9890,5765.00,1.2420,0.091
,11.11620211,853.0,8.96,1.0700,FALSE POSITIVE,0.0000,6122.00,0.9960,0.937
,1.922861499,1392.0,5.09,1.0280,FALSE POSITIVE,0.0000,5778.00,0.9110,0.943
,0.635445336,1177.0,19,0.5540,FALSE POSITIVE,0.0000,3920.00,0.5500,1.253
,1.665784138,2636.0,97.27,1.3780,FALSE POSITIVE,0.0000,6261.00,2.7890,1.27
,55.6639167,434.0,34.14,0.8940,FALSE POSITIVE,0.0000,5587.00,0.8530,1.298
Kepler-79 d,52.09081627,592.0,7.14,1.1010,CONFIRMED,0.9940,6198.00,1.3240,0.065
,7.1548608,1482.0,7.41,1.6160,FALSE POSITIVE,,7443.00,1.7390,0.9848
Kepler-1973 b,4.28746668,942.0,2.29,0.9110,CONFIRMED,0.7110,5296.00,0.8150,0.374
,2.002779769,1311.0,1.42,0.7990,FALSE POSITIVE,0.0000,5346.00,0.8920,0.242
Kepler-260 b,8.18739443,782.0,1.92,0.8210,CONFIRMED,1.0000,5251.00,0.8490,0.377
Kepler-260 c,76.0498163,372.0,1.75,0.8210,CONFIRMED,0.8810,5251.00,0.8490,0.015
Kepler-111 b,3.341799486,1356.0,1.67,1.0920,CONFIRMED,1.0000,5873.00,1.2350,0.426
,3.3226948,3859.0,15.33,2.6980,FALSE POSITIVE,,5234.00,16.9590,0.4722
,36.97708808,602.0,38.6,0.8730,FALSE POSITIVE,0.0000,5589.00,1.2390,1.246
,1.851409163,2154.0,20.42,1.1800,FALSE POSITIVE,,7117.00,1.4690,1.1117
,1.303859704,2393.0,0.98,1.0690,FALSE POSITIVE,0.0000,6802.00,1.5210,0.674
,145.5624926,387.0,40.15,0.9690,FALSE POSITIVE,0.0000,6148.00,1.0950,1.274
Kepler-773 b,3.749105745,1160.0,1.68,0.9870,CONFIRMED,1.0000,5751.00,0.9830,0.942
Kepler-774 b,11.08956602,1422.0,3.51,1.4970,CONFIRMED,1.0000,6353.00,2.8670,0.02
,7.37290344,1004.0,2.67,0.9820,CANDIDATE,1.0000,5973.00,1.0700,0.993
,7.24476126,837.0,0.65,0.8690,FALSE POSITIVE,0.0000,5370.00,0.8740,0.04
,119.0624882,366.0,10.4,0.7600,CANDIDATE,1.0000,5697.00,0.9200,0.968
Kepler-415 c,8.70798309,543.0,2.01,0.5900,CONFIRMED,1.0000,4362.00,0.5540,0.063
,14.8623076,454.0,1.57,0.5900,CANDIDATE,0.0000,4362.00,0.5540,0.324
Kepler-415 b,4.17634276,694.0,1.23,0.5900,CONFIRMED,0.9990,4362.00,0.5540,0.142
Kepler-79 c,27.40229859,734.0,3.63,1.1010,CONFIRMED,1.0000,6198.00,1.3240,0.022
Kepler-743 b,3.179267286,1101.0,1.21,0.9600,CONFIRMED,1.0000,5511.00,0.8570,0.171
Kepler-261 b,10.38122447,672.0,2.18,0.8160,CONFIRMED,1.0000,5095.00,0.7800,0.319
Kepler-261 c,24.5709023,505.0,2.82,0.8160,CONFIRMED,1.0000,5095.00,0.7800,0.945
,81.221876,385.0,16.59,0.9560,FALSE POSITIVE,,5619.00,0.8740,1.01
,0.817026268,1784.0,2.92,0.9560,FALSE POSITIVE,0.0000,5619.00,0.8740,0.01
Kepler-43 b,3.024092505,1489.0,12.14,1.2270,CONFIRMED,1.0000,6063.00,1.3580,0.424
,5.670155713,341.0,5.85,0.1640,FALSE POSITIVE,1.0000,3337.00,0.1830,1.267
Kepler-757 b,1.022678654,1734.0,1.14,0.8750,CONFIRMED,1.0000,5366.00,1.0200,0.019
Kepler-758 b,12.10968709,1005.0,2.98,0.9600,CONFIRMED,1.0000,6021.00,1.4580,0.924
Kepler-758 c,4.75796103,1372.0,1.7,0.9600,CONFIRMED,0.7580,6021.00,1.4580,0.621
Kepler-758 d,20.4972755,843.0,2.96,0.9600,CONFIRMED,1.0000,6021.00,1.4580,0.966
,13.55480534,679.0,0.62,0.8690,FALSE POSITIVE,0.0000,5370.00,0.8740,0.497
,29.74454668,455.0,20.06,0.8390,FALSE POSITIVE,0.0000,4889.00,0.7880,0.337
,14.15402428,777.0,53.25,0.9940,FALSE POSITIVE,0.0000,5850.00,1.0370,1.1
,0.844786082,1864.0,35.27,0.8650,FALSE POSITIVE,0.0000,5705.00,0.9150,1.297
,0.848483947,1908.0,32.11,1.0190,FALSE POSITIVE,0.0010,5941.00,0.9360,1.264
,11.99097576,880.0,37.47,0.9440,FALSE POSITIVE,0.0000,6110.00,1.0720,1.269
Kepler-786 b,53.5292702,348.0,2.28,0.7910,CONFIRMED,1.0000,4736.00,0.7080,0.346
,0.393726813,2705.0,24.17,1.0850,FALSE POSITIVE,,6277.00,1.0310,1.1898
Kepler-1741 b,2.757584622,615.0,1.01,0.4540,CONFIRMED,1.0000,3683.00,0.4240,0.093
Kepler-787 b,0.928310036,1115.0,1.16,0.6210,CONFIRMED,0.9900,4109.00,0.6020,0.181
Kepler-79 b,13.48457668,929.0,3.39,1.1010,CONFIRMED,1.0000,6198.00,1.3240,0.011
Kepler-276 c,31.8841473,563.0,3.7,1.0370,CONFIRMED,0.9990,5779.00,0.9740,0.938
,16.15811112,660.0,86.13,0.9560,CANDIDATE,,5619.00,0.8740,1.8572
,67.69213907,1173.0,175.98,2.3720,FALSE POSITIVE,,5355.00,10.7030,0.5581
Kepler-744 b,12.06222962,750.0,1.62,0.8970,CONFIRMED,0.9990,5547.00,0.9330,0.392
Kepler-745 b,9.93146307,931.0,2.41,1.0350,CONFIRMED,0.8480,5782.00,1.2200,0.037
Kepler-262 c,21.85362905,618.0,1.75,0.9700,CONFIRMED,1.0000,5830.00,0.8760,0.676
Kepler-758 e,8.19345065,1144.0,1.74,0.9600,CONFIRMED,0.8840,6021.00,1.4580,0.815
,19.97867,1351.0,6.85,2.2190,FALSE POSITIVE,0.0000,9651.00,1.8950,0.923
Kepler-759 b,41.8059544,533.0,2.02,0.9610,CONFIRMED,1.0000,5907.00,0.9730,0.029
,15.45158184,1285.0,2.02,1.8780,FALSE POSITIVE,0.0000,7839.00,2.0690,0.636
,89.698168533,554.0,102.08,0.9590,FALSE POSITIVE,0.0000,6214.00,1.5830,0.684
,1.187352427,2251.0,67.35,1.2430,FALSE POSITIVE,0.5570,6424.00,1.4890,1.222
,3.012476582,2371.0,65.25,2.0630,FALSE POSITIVE,0.0000,8601.00,2.0310,1.261
Kepler-48 b,4.77800306,932.0,1.85,0.8560,CONFIRMED,1.0000,5192.00,0.8730,0.02
,7.814839231,903.0,5.33,0.9980,FALSE POSITIVE,0.0000,5887.00,0.9310,0.945
,29.7452499,557.0,3.6,0.8650,FALSE POSITIVE,0.0000,5334.00,1.0040,0.941
Kepler-269 b,5.32667299,1007.0,2.26,1.0160,CONFIRMED,1.0000,5831.00,0.9210,0.043
,0.741057213,1730.0,26.67,0.8690,FALSE POSITIVE,0.0000,5496.00,0.7760,1.26
,2.988085455,1101.0,21.81,0.9070,FALSE POSITIVE,0.0000,5497.00,0.8090,1.216
,2.783883492,1934.0,67.17,1.1480,FALSE POSITIVE,0.0000,6028.00,2.1470,1.255
,0.393727296,2216.0,23.05,0.9030,FALSE POSITIVE,0.0000,5628.00,0.8080,1.228
Kepler-1740 b,8.17242644,858.0,3.29,0.9430,CONFIRMED,1.0000,5705.00,0.9050,0.926
,1295.362215,169.0,57.82,0.8890,CANDIDATE,,5609.00,1.0480,1.3935
Kepler-262 b,13.0607936,734.0,1.45,0.9700,CONFIRMED,1.0000,5830.00,0.8760,0.718
,4.2989201,1046.0,2.12,0.8610,CANDIDATE,0.9900,5300.00,0.9860,0.972
,25.9518461,521.0,22.32,0.8920,FALSE POSITIVE,0.0000,5372.00,0.7960,1.22
,25.9518536,494.0,24.6,0.8130,FALSE POSITIVE,0.0000,5198.00,0.7420,1.25
,5.68628739,1059.0,4.5,0.9230,FALSE POSITIVE,,6052.00,0.9560,0.8548
,15.663886949,1060.0,27.36,1.4300,FALSE POSITIVE,0.0000,5996.00,2.2210,0.985
,4.020628573,1232.0,16.94,1.0930,FALSE POSITIVE,0.0080,6210.00,1.0330,0.827
,5.714817603,943.0,9.29,0.8690,CANDIDATE,1.0000,5695.00,0.8420,0.096
,185.02288222,379.0,49.82,1.1800,FALSE POSITIVE,0.0000,6025.00,1.3670,1.004
,2.897432135,2170.0,14.35,1.3590,FALSE POSITIVE,0.0000,5970.00,2.9940,0.967
Kepler-760 b,8.70420525,748.0,2.86,0.8090,CONFIRMED,1.0000,5074.00,0.8630,0.5
Kepler-269 c,8.1280933,875.0,1.39,1.0160,CONFIRMED,1.0000,5831.00,0.9210,0.357
,2.83668931,1242.0,1.19,1.0160,CANDIDATE,1.0000,5831.00,0.9210,0.33
Kepler-775 b,0.974868896,1612.0,1.16,0.9240,CONFIRMED,1.0000,5487.00,0.8320,0.12
Kepler-776 b,4.89721006,904.0,1.48,0.7940,CONFIRMED,1.0000,5093.00,0.8470,0.66
,2.757794163,1231.0,20.05,0.9480,FALSE POSITIVE,0.0000,5747.00,0.8910,0.8
,1.914158508,1646.0,13.63,1.1640,FALSE POSITIVE,0.0000,6289.00,1.1180,0.942
,3.98216698,1374.0,3.32,1.0190,FALSE POSITIVE,0.0000,5570.00,1.5480,0.775
,0.643794198,2011.0,19.51,0.9170,FALSE POSITIVE,0.0000,5958.00,0.8300,1.193
Kepler-275 c,16.08832318,875.0,3.42,1.0800,CONFIRMED,0.9860,6157.00,1.3300,0.648
Kepler-275 b,10.30067919,1015.0,2.2,1.0800,CONFIRMED,0.9940,6157.00,1.3300,0.004
Kepler-275 d,35.6757453,671.0,3.02,1.0800,CONFIRMED,0.9980,6157.00,1.3300,0.61
,1.00861677,,,,CANDIDATE,,,,
,161.78832712,375.0,36.14,1.1420,FALSE POSITIVE,0.0000,6018.00,1.2120,0.267
Kepler-263 b,16.56806842,548.0,2.54,0.7490,CONFIRMED,1.0000,4987.00,0.7160,0.164
Kepler-263 c,47.3329299,386.0,2.18,0.7490,CONFIRMED,1.0000,4987.00,0.7160,0.43
,0.856895349,1881.0,0.82,0.9580,FALSE POSITIVE,0.0000,6021.00,0.8730,0.554
Kepler-264 b,40.8065333,772.0,3.71,1.4720,CONFIRMED,0.9760,6207.00,2.0970,0.016
Kepler-760 c,2.46697039,1139.0,1.56,0.8090,CONFIRMED,1.0000,5074.00,0.8630,0.574
,2.624234833,1164.0,5.11,0.9630,CANDIDATE,1.0000,5340.00,0.8990,0.781
Kepler-266 b,6.61836309,1066.0,2.98,0.9470,CONFIRMED,1.0000,5529.00,1.2940,0.043
Kepler-266 c,107.7214092,421.0,4.75,0.9470,CONFIRMED,1.0000,5529.00,1.2940,0.003
,92.77779,410.0,1.92,1.0530,CANDIDATE,,5888.00,1.0190,0.0174
,5.251916208,952.0,37.15,0.9190,FALSE POSITIVE,0.0000,5542.00,0.8720,1.256
Kepler-48 c,9.673958488,736.0,2.63,0.8560,CONFIRMED,1.0000,5192.00,0.8730,0.194
,100.3039228,313.0,29.55,0.8000,FALSE POSITIVE,0.0000,5055.00,0.7720,1.256
,200.61103346,,,,FALSE POSITIVE,0.0000,,,
,0.986620248,2308.0,43.98,1.0490,FALSE POSITIVE,0.0000,6243.00,1.3850,1.252
,1.63484631,,,,FALSE POSITIVE,0.0000,,,
Kepler-276 b,14.12847677,739.0,2.73,1.0370,CONFIRMED,0.9850,5779.00,0.9740,0.811
Kepler-276 d,48.6478543,489.0,4.14,1.0370,CONFIRMED,0.8290,5779.00,0.9740,0.988
Kepler-788 b,8.39842977,984.0,2,1.0960,CONFIRMED,1.0000,6309.00,1.0440,0.573
Kepler-789 b,8.63847391,1419.0,5.99,1.5360,CONFIRMED,1.0000,5684.00,3.0460,0.049
,422.917678,292.0,5.89,1.0040,CANDIDATE,,5796.00,1.4440,0.7887
Kepler-264 c,140.10765,511.0,3.42,1.4720,CONFIRMED,0.9910,6207.00,2.0970,0.019
Kepler-746 b,3.4815917,1156.0,1.17,0.9020,CONFIRMED,0.9980,5405.00,1.0220,0.076
,8.360616221,1263.0,40.35,1.3430,FALSE POSITIVE,0.0460,5463.00,2.4450,0.21
,1.838514968,1426.0,4.86,1.0380,FALSE POSITIVE,0.0000,5751.00,0.9400,0.045
Kepler-747 b,35.61760233,456.0,5.17,0.7370,CONFIRMED,1.0000,5123.00,0.7790,0.009
,1.09206833,1611.0,1.29,0.9590,FALSE POSITIVE,0.0000,5639.00,0.8590,0.469
Kepler-761 b,10.12805158,767.0,1.95,0.8650,CONFIRMED,0.9980,5676.00,0.8200,0.753
,1.613001111,1680.0,1.25,0.8860,FALSE POSITIVE,0.0000,5580.00,1.2050,0.448
Kepler-762 b,3.770551475,1302.0,12.05,1.1240,CONFIRMED,1.0000,6322.00,1.0750,0.053
,1.343767797,2654.0,18.66,1.2300,FALSE POSITIVE,0.9640,6324.00,2.3120,0.891
,29.12436474,356.0,15.25,0.4940,FALSE POSITIVE,0.0000,4457.00,0.4810,1.181
,31.82814583,564.0,35.8,0.9930,FALSE POSITIVE,0.0000,5908.00,0.9200,1.276
,3.629442796,1434.0,3.28,1.1710,FALSE POSITIVE,0.0000,6506.00,1.2170,0.97
,0.553261874,3689.0,97.36,1.3250,FALSE POSITIVE,0.7620,5679.00,3.1420,1.246
Kepler-777 b,5.72812616,569.0,1.38,0.5670,CONFIRMED,1.0000,3968.00,0.5480,0.22
Kepler-778 b,3.75574267,977.0,1.58,0.8840,CONFIRMED,1.0000,5311.00,0.7880,0.127
,7.44042933,883.0,2.74,0.9730,FALSE POSITIVE,0.0000,5815.00,0.8770,0.968
Kepler-257 c,6.581477136,881.0,4.56,0.8680,CONFIRMED,1.0000,5188.00,0.9730,0.137
Kepler-470 b,24.669192732,1485.0,77.76,2.7360,CONFIRMED,1.0000,5313.00,9.3270,0.073
Kepler-257 b,2.382652873,1237.0,2.74,0.8680,CONFIRMED,1.0000,5188.00,0.9730,0.682
Kepler-257 d,24.66461416,567.0,5.34,0.8680,CONFIRMED,1.0000,5188.00,0.9730,0.8
Kepler-735 b,11.51517167,657.0,2.9,0.9100,CONFIRMED,1.0000,5177.00,0.7980,0.311
Kepler-18 c,7.641567589,899.0,4.91,0.8820,CONFIRMED,1.0000,5356.00,1.0550,0.027
,30.6113932,317.0,19.68,0.5550,FALSE POSITIVE,0.0000,3900.00,0.5340,1.264
Kepler-748 b,7.40742502,938.0,2.01,1.0020,CONFIRMED,1.0000,5922.00,0.9610,0.03
,569.934135,296.0,38.98,0.9350,FALSE POSITIVE,0.0000,5367.00,2.0570,0.919
,5.09246539,844.0,1.17,0.7270,FALSE POSITIVE,0.0000,5037.00,0.7510,0.161
,110.61576622,,,,FALSE POSITIVE,,,,
,1.103971357,1471.0,1.37,0.8350,FALSE POSITIVE,0.0000,5409.00,0.7460,0.52
Kepler-88 b,10.916108342,758.0,3.93,1.0510,CONFIRMED,,5575.00,0.9320,0.7699
Kepler-267 b,3.353732008,615.0,1.65,0.4670,CONFIRMED,1.0000,3789.00,0.4600,0.051
Kepler-267 c,6.877446033,484.0,2.05,0.4670,CONFIRMED,0.9900,3789.00,0.4600,0.79
Kepler-267 d,28.46464804,301.0,1.87,0.4670,CONFIRMED,0.9920,3789.00,0.4600,0.035
,0.293630085,2503.0,26.35,0.9280,FALSE POSITIVE,,5665.00,0.8430,1.2329
Kepler-48 d,42.89645024,448.0,2,0.8560,CONFIRMED,0.9980,5192.00,0.8730,0.007
,2.44199803,1282.0,1.44,0.8470,FALSE POSITIVE,0.0000,5970.00,0.7960,0.856
,30.5872153,621.0,2.32,1.0240,CANDIDATE,0.9960,5944.00,1.0820,0.013
Kepler-779 b,7.09712124,425.0,0.74,0.4000,CONFIRMED,1.0000,3569.00,0.3890,0.05
,2.6827683,1551.0,1.19,0.9970,FALSE POSITIVE,0.0000,6180.00,1.2230,0.769
Kepler-736 b,3.601465336,996.0,2.31,0.8050,CONFIRMED,1.0000,5052.00,0.8550,0.021
,3.108251172,1096.0,4.43,0.8190,FALSE POSITIVE,1.0000,5330.00,0.8470,0.9
Kepler-1666 b,25.8474958,672.0,2.4,1.0840,CONFIRMED,1.0000,6297.00,1.0310,0.054
Kepler-1666 c,40.715561,578.0,2.7,1.0840,CONFIRMED,0.9990,6297.00,1.0310,0.008
,20.42720701,674.0,4.42,1.0430,FALSE POSITIVE,0.0000,6014.00,0.9580,0.956
,6.198273591,985.0,19.81,0.9820,FALSE POSITIVE,0.0000,6038.00,0.8980,0.343
,1.023471798,1727.0,3.78,0.9010,FALSE POSITIVE,0.0000,5741.00,0.8930,0.974
,0.51872711,1965.0,19.07,0.8530,FALSE POSITIVE,0.0000,5572.00,0.7620,1.199
Kepler-749 b,17.31711739,454.0,2.04,0.5200,CONFIRMED,0.9950,4719.00,0.5020,0.684
Kepler-750 b,9.42889884,1163.0,4.39,1.2040,CONFIRMED,1.0000,5897.00,1.8600,0.011
,1.096583368,1474.0,1.35,0.7170,FALSE POSITIVE,0.0000,5222.00,0.7630,0.421
,9.95639775,905.0,28.15,1.1500,CANDIDATE,0.0000,6161.00,1.0530,1.222
Kepler-763 d,6.50327035,804.0,1.67,0.8000,CONFIRMED,1.0000,4999.00,0.8430,0.08
Kepler-763 c,4.09667624,938.0,1.42,0.8000,CONFIRMED,0.6950,4999.00,0.8430,0.142
Kepler-763 b,1.196548464,1414.0,1.25,0.8000,CONFIRMED,0.8210,4999.00,0.8430,0.332
Kepler-270 b,11.47609015,984.0,2.07,1.1560,CONFIRMED,1.0000,6071.00,1.4100,0.755
Kepler-270 c,25.2630467,756.0,1.71,1.1560,CONFIRMED,0.9980,6071.00,1.4100,0.743
,7.1688266,,,,FALSE POSITIVE,,,,
Kepler-780 b,0.677374687,2099.0,0.9,0.9740,CONFIRMED,1.0000,5718.00,1.0370,0.132
Kepler-271 b,10.43547031,759.0,1.22,0.8380,CONFIRMED,1.0000,5528.00,0.8530,0.174
Kepler-271 c,7.41084314,850.0,0.94,0.8380,CONFIRMED,0.9970,5528.00,0.8530,0.064
Kepler-737 b,28.59914031,298.0,1.83,0.4700,CONFIRMED,1.0000,3755.00,0.4610,0.009
Kepler-738 b,24.58716355,530.0,2.37,0.8310,CONFIRMED,1.0000,5474.00,0.7490,0.648
,34.193600311,778.0,21.95,1.1400,FALSE POSITIVE,0.9130,6129.00,1.7860,0.625
Kepler-739 b,12.53248222,775.0,3.24,0.9910,CONFIRMED,1.0000,5997.00,0.9040,0.668
,31.201692472,286.0,8.31,0.4610,CANDIDATE,0.9930,3748.00,0.4490,0.001
Kepler-258 b,13.19720694,642.0,4.18,0.8270,CONFIRMED,1.0000,4954.00,0.8850,0.568
Kepler-18 d,14.85890852,720.0,5.94,0.8820,CONFIRMED,1.0000,5356.00,1.0550,0.255
Kepler-750 c,4.08897299,1537.0,2.36,1.2040,CONFIRMED,0.9890,5897.00,1.8600,0.374
,2.866680334,1045.0,2.93,0.8540,FALSE POSITIVE,0.0000,5238.00,0.7640,0.968
Kepler-751 b,17.44486016,679.0,3.24,0.8820,CONFIRMED,1.0000,5568.00,0.9660,0.871
,8.30697421,1246.0,37.99,0.8040,FALSE POSITIVE,0.0000,5300.00,2.1240,1.151
,2.49705175,,,,FALSE POSITIVE,,,,
Kepler-764 b,7.33685101,875.0,1.52,0.9380,CONFIRMED,1.0000,5795.00,0.8480,0.018
,22.65117451,855.0,7.62,1.3330,FALSE POSITIVE,0.9830,6968.00,1.3330,0.925
,1.204274435,1564.0,1.19,0.9380,FALSE POSITIVE,0.0000,5668.00,0.8490,0.528
Kepler-1735 b,7.71790675,502.0,0.9,0.5350,CONFIRMED,0.9930,3975.00,0.5090,0.112
Kepler-765 b,27.6652847,641.0,2.21,0.9390,CONFIRMED,1.0000,6036.00,1.0170,0.004
,0.948950734,2103.0,36.87,1.1520,FALSE POSITIVE,0.0000,6307.00,1.1330,1.246
Kepler-473 b,14.55730897,879.0,4.32,1.0480,CONFIRMED,1.0000,5774.00,1.4120,0.036
,4.722254104,557.0,14.45,0.5170,FALSE POSITIVE,0.0000,3801.00,0.4880,0.506
,0.635069939,2351.0,57.77,1.1060,FALSE POSITIVE,0.0000,6340.00,1.0580,1.25
,6.810823723,1626.0,26.06,1.4610,CANDIDATE,0.8710,7226.00,2.0790,0.57
,0.933746515,1508.0,25.54,0.7370,FALSE POSITIVE,0.0000,5252.00,0.7160,1.262
,1.872421727,1298.0,5.65,0.7600,FALSE POSITIVE,0.0000,5337.00,0.8250,0.917
Kepler-258 c,33.6528474,470.0,3.05,0.8270,CONFIRMED,0.9820,4954.00,0.8850,0.567
Kepler-32 b,5.90127815,514.0,1.94,0.5090,CONFIRMED,1.0000,3731.00,0.4980,0.03
Kepler-32 c,8.75209691,451.0,1.83,0.5090,CONFIRMED,1.0000,3731.00,0.4980,0.017
Kepler-32 d,22.78078241,328.0,2.17,0.5090,CONFIRMED,1.0000,3731.00,0.4980,0.008
Kepler-32 e,2.896005211,652.0,1.23,0.5090,CONFIRMED,0.9680,3731.00,0.4980,0.082
Kepler-32 f,0.742957911,1026.0,1.47,0.5090,CONFIRMED,0.9960,3731.00,0.4980,0.162
,54.35635067,566.0,38.81,1.0950,FALSE POSITIVE,0.0000,6161.00,1.2550,1.142
,0.54624855,1837.0,18.93,0.7920,FALSE POSITIVE,0.0000,5414.00,0.7140,1.215
Kepler-752 b,18.82744023,632.0,2.7,0.9300,CONFIRMED,1.0000,5687.00,0.8600,0.025
,8.4120069,590.0,1.71,0.6620,FALSE POSITIVE,0.0000,4502.00,0.6210,0.022
Kepler-753 b,5.747711909,641.0,1.86,0.6370,CONFIRMED,1.0000,4252.00,0.6320,0.575
Kepler-18 b,3.504691252,1165.0,2.03,0.8820,CONFIRMED,1.0000,5356.00,1.0550,0.741
,0.995861402,1477.0,26.93,0.7310,FALSE POSITIVE,0.0000,5286.00,0.7060,1.256
Kepler-418 b,86.67856052,434.0,9.83,0.9570,CONFIRMED,0.9340,5822.00,1.0810,0.291
Kepler-418 c,12.21828097,835.0,5.1,0.9570,CONFIRMED,1.0000,5822.00,1.0810,0.778
,8.387210055,1211.0,72.52,1.2990,FALSE POSITIVE,0.0000,6089.00,1.7950,1.284
,15.2384539,829.0,9.84,1.1290,FALSE POSITIVE,0.0000,6384.00,1.0860,0.74
,0.413334492,2509.0,31.52,1.0990,FALSE POSITIVE,,5973.00,1.0160,1.2313
,0.93374614,3303.0,149.71,1.8070,FALSE POSITIVE,0.0000,5438.00,4.3190,1.27
,6.47179275,1075.0,2.08,1.0830,FALSE POSITIVE,0.0000,6341.00,1.0330,0.014
Kepler-1737 b,64.617518,383.0,5.4,0.8340,CONFIRMED,0.8940,5043.00,0.8810,0.9
Kepler-781 b,13.21409607,629.0,2.77,0.8130,CONFIRMED,1.0000,5333.00,0.7280,0.812
Kepler-272 c,6.05729966,947.0,1.94,0.8650,CONFIRMED,1.0000,5334.00,1.0040,0.219
Kepler-740 b,3.584101048,1131.0,4.66,1.0210,CONFIRMED,1.0000,5739.00,0.9220,0.045
Kepler-13 b,1.763587535,3559.0,21.42,2.4660,CONFIRMED,0.8750,9107.00,3.0310,0.512
Kepler-471 b,5.014234733,1308.0,10.63,1.3040,CONFIRMED,1.0000,6490.00,1.3070,0.066
Kepler-259 b,8.11528727,879.0,3.1,0.9780,CONFIRMED,1.0000,5926.00,0.8870,0.916
Kepler-259 c,36.9250409,530.0,3.01,0.9780,CONFIRMED,1.0000,5926.00,0.8870,0.838
,37.4783492,262.0,10.05,0.4590,FALSE POSITIVE,0.0000,3687.00,0.4400,1.161
,8.09695764,1197.0,34,1.1220,FALSE POSITIVE,0.0000,5949.00,1.7070,1.165
Kepler-1732 b,32.3122867,699.0,4.84,1.0430,CONFIRMED,1.0000,5821.00,1.4940,0.934
Kepler-1733 b,9.22961384,1021.0,2.79,1.2730,CONFIRMED,0.9970,6320.00,1.2520,0.067
Kepler-754 b,14.5598556,758.0,1.64,0.9830,CONFIRMED,0.8850,5959.00,0.9660,0.026
Kepler-472 b,4.176254191,876.0,3.07,0.8670,CONFIRMED,1.0000,4957.00,0.7760,0.715
,0.528755447,3271.0,47.75,1.1580,FALSE POSITIVE,0.0000,6151.00,1.9540,1.204
Kepler-766 b,6.10027621,990.0,2.59,1.0260,CONFIRMED,0.9940,5957.00,0.9370,0.015
,51.59809554,449.0,6.57,0.9570,CANDIDATE,0.9970,5681.00,0.8590,0.251
,1500,139.0,9.8,0.8320,CANDIDATE,,5606.00,0.7600,0.9243
,10.9110487,786.0,2.36,0.9550,FALSE POSITIVE,,5903.00,0.8640,0.9761
Kepler-112 b,8.408878137,809.0,2.28,0.7760,CONFIRMED,1.0000,5551.00,0.8120,0.018
Kepler-272 d,10.93725572,777.0,2.41,0.8650,CONFIRMED,0.9910,5334.00,1.0040,0.866
Kepler-272 b,2.97136658,1200.0,1.52,0.8650,CONFIRMED,0.9610,5334.00,1.0040,0.349
Kepler-782 b,158.6850022,350.0,3.08,0.8520,CONFIRMED,0.9990,5751.00,1.0340,0.034
Kepler-273 b,2.936527336,1209.0,1.92,0.8670,CONFIRMED,1.0000,5359.00,1.0020,0.524
Kepler-741 b,7.03902016,1051.0,2.45,1.1080,CONFIRMED,1.0000,6321.00,1.0580,0.015
Kepler-742 b,8.360870704,690.0,3.67,0.7860,CONFIRMED,1.0000,4743.00,0.8100,0.494
,3.14051153,1306.0,31.01,0.9590,FALSE POSITIVE,0.0000,6108.00,0.9740,1.251
Kepler-1731 b,21.76129812,486.0,2.53,0.7810,CONFIRMED,1.0000,4859.00,0.7200,0.123
,12.713794177,181.0,2.31,0.0940,FALSE POSITIVE,0.7290,2661.00,0.1160,0.485
,15.801100028,614.0,15.61,0.8850,FALSE POSITIVE,0.0000,5383.00,0.7890,0.512
,1500.1406772,206.0,18.35,1.0830,CANDIDATE,,5009.00,2.2830,0.9131
,1.739428983,1268.0,268.65,0.8060,FALSE POSITIVE,0.0000,5415.00,0.7420,4.246
,1.217266418,2378.0,14.49,1.3660,FALSE POSITIVE,0.0000,6631.00,1.6380,0.878
,19.563092517,965.0,23.76,1.1120,FALSE POSITIVE,0.0000,6208.00,1.8310,0.842
,3.7228551,1118.0,5.67,0.9540,FALSE POSITIVE,0.0000,5873.00,0.8630,0.911
,48.93786896,764.0,24.19,1.4060,FALSE POSITIVE,0.0000,7066.00,1.7610,0.981
,5.48990788,1039.0,23.6,1.0470,FALSE POSITIVE,0.0000,5982.00,0.9600,1.199
Kepler-767 b,161.5278347,366.0,8.19,1.0330,CONFIRMED,1.0000,5778.00,1.2130,0
,0.73093905,1488.0,1.45,0.7140,FALSE POSITIVE,0.0000,4768.00,0.7110,0.018
Kepler-768 b,11.39102358,618.0,1.67,0.8360,CONFIRMED,1.0000,4983.00,0.7280,0.732
Kepler-24 c,12.33343853,915.0,4.12,0.8840,CONFIRMED,1.0000,5896.00,1.2400,0.979
Kepler-273 c,8.01500821,865.0,2,0.8670,CONFIRMED,1.0000,5359.00,1.0020,0.645
,0.933749941,919.0,12.93,0.5120,FALSE POSITIVE,0.0000,3682.00,0.4800,1.225
Kepler-783 c,7.053934488,840.0,2.36,0.8540,CONFIRMED,1.0000,5357.00,0.8630,0.899
Kepler-783 b,4.29263699,991.0,0.68,0.8540,CONFIRMED,1.0000,5357.00,0.8630,0.454
Kepler-1738 b,7.6746614,957.0,2.8,1.0790,CONFIRMED,0.9940,6063.00,1.0010,0.939
,0.445275074,1950.0,1.21,0.8100,FALSE POSITIVE,0.0000,5346.00,0.7250,0.639
Kepler-42 b,1.213770423,525.0,0.78,0.1320,CONFIRMED,1.0000,3292.00,0.1480,0.83
Kepler-42 c,0.453287416,729.0,0.76,0.1320,CONFIRMED,0.0000,3292.00,0.1480,0.81
,10.810132734,985.0,13.95,1.1140,FALSE POSITIVE,0.0000,6211.00,1.2840,0.948
Kepler-42 d,1.865114193,455.0,0.66,0.1320,CONFIRMED,1.0000,3292.00,0.1480,0.785
,3.273699006,3060.0,22.36,2.7600,FALSE POSITIVE,0.0000,10816.00,2.4930,0.733
,7.047103499,955.0,51.86,1.0180,FALSE POSITIVE,0.0000,5730.00,1.0350,1.047
,0.530300102,2410.0,35.73,1.1000,FALSE POSITIVE,,6184.00,1.0380,1.2507
,1.073917869,1794.0,33.01,1.0110,FALSE POSITIVE,0.0000,5962.00,0.9590,1.266
,4.206096814,1252.0,32.66,1.1260,FALSE POSITIVE,0.0000,6306.00,1.0760,1.239
,19.56313723,706.0,9.73,0.9520,FALSE POSITIVE,0.0000,5766.00,1.0770,0.908
,2.227718792,1400.0,8.88,1.0000,FALSE POSITIVE,0.0000,6038.00,0.9220,1.04
,0.591914504,1646.0,27.21,0.7130,FALSE POSITIVE,0.0000,5122.00,0.6550,1.344
Kepler-290 c,36.7704935,437.0,2.83,0.8400,CONFIRMED,1.0000,5142.00,0.7550,0.545
Kepler-290 b,14.58932429,594.0,2.32,0.8400,CONFIRMED,1.0000,5142.00,0.7550,0.694
Kepler-290 d,0.764017553,1589.0,0.86,0.8400,CONFIRMED,0.9210,5142.00,0.7550,0.442
Kepler-61 b,59.8780258,273.0,2.19,0.5950,CONFIRMED,0.9980,4016.00,0.5990,0.004
,20.51360192,540.0,2.58,0.7330,CANDIDATE,1.0000,5310.00,0.7040,0.703
Kepler-297 c,74.92768653,409.0,6.39,0.8460,CONFIRMED,0.9070,5618.00,0.8970,0.796
Kepler-297 d,150.0189511,325.0,32.6,0.8460,CONFIRMED,0.9990,5618.00,0.8970,1.252
Kepler-844 b,2.613020421,713.0,1.5,0.5160,CONFIRMED,0.9990,3883.00,0.5170,0.891
Kepler-845 b,0.927859786,1361.0,1.79,0.7990,CONFIRMED,1.0000,4815.00,0.6990,0.795
Kepler-1750 b,205.912735,298.0,4.68,0.9810,CONFIRMED,0.9970,5644.00,0.9690,0.196
Kepler-23 b,7.10695741,1157.0,1.72,1.0360,CONFIRMED,0.9960,5761.00,1.5180,0.079
,0.783276173,2149.0,1.98,0.9790,CANDIDATE,1.0000,5640.00,1.2330,0.041
,3.17405898,1348.0,2.09,0.9790,CANDIDATE,0.5450,5640.00,1.2330,0.422
Kepler-280 b,2.1395563,1425.0,1.76,0.9260,CONFIRMED,1.0000,5534.00,1.0800,0.368
Kepler-280 c,4.807103254,1088.0,2.96,0.9260,CONFIRMED,1.0000,5534.00,1.0800,0.94
Kepler-56 c,21.4054422,1087.0,11.64,1.3810,CONFIRMED,1.0000,4838.00,4.3610,0.943
Kepler-56 b,10.5007712,1378.0,5.68,1.3810,CONFIRMED,0.0980,4838.00,4.3610,0.034
Kepler-285 b,2.633852528,1131.0,1.38,0.8170,CONFIRMED,1.0000,5114.00,0.8780,0.204
Kepler-285 c,6.18670882,851.0,1.21,0.8170,CONFIRMED,0.9780,5114.00,0.8780,0.013
Kepler-286 b,1.796320953,1367.0,1.2,0.8000,CONFIRMED,1.0000,5576.00,0.8290,0.015
Kepler-286 c,3.468073,1098.0,1.29,0.8000,CONFIRMED,0.9940,5576.00,0.8290,0.143
Kepler-286 d,5.9142668,919.0,1.31,0.8000,CONFIRMED,0.9500,5576.00,0.8290,0.04
Kepler-476 b,14.00640392,807.0,3.11,0.9690,CONFIRMED,1.0000,5788.00,1.1240,0.568
Kepler-291 b,3.546531809,1212.0,2.18,1.0930,CONFIRMED,1.0000,5993.00,0.9860,0.633
Kepler-291 c,5.70070626,1035.0,2.03,1.0930,CONFIRMED,0.9830,5993.00,0.9860,0.664
Kepler-292 f,20.8341497,563.0,2.26,0.8210,CONFIRMED,1.0000,5296.00,0.8080,0.269
Kepler-292 d,7.0556584,808.0,2.13,0.8210,CONFIRMED,1.0000,5296.00,0.8080,0.301
Kepler-298 b,10.47548084,540.0,2.11,0.6620,CONFIRMED,1.0000,4463.00,0.6110,0.664
Kepler-298 c,22.92886314,416.0,2.08,0.6620,CONFIRMED,1.0000,4463.00,0.6110,0.805
Kepler-298 d,77.4740991,277.0,2.63,0.6620,CONFIRMED,0.9960,4463.00,0.6110,0.758
,345.1589354,241.0,7.79,1.0320,CANDIDATE,0.9980,5597.00,0.9310,0.87
Kepler-299 c,6.88595222,946.0,2.68,0.9030,CONFIRMED,1.0000,5616.00,0.9990,0.953
,99.6442783,415.0,8.48,1.0490,CANDIDATE,1.0000,6102.00,1.0160,0.966
,3.125814002,1460.0,1.88,1.1250,FALSE POSITIVE,0.0000,6358.00,1.1810,0.506
Kepler-474 b,5.660669429,1115.0,3.24,0.9270,CONFIRMED,1.0000,5746.00,1.1730,0.477
,10.80487163,857.0,1.71,1.0740,FALSE POSITIVE,0.0000,6092.00,0.9980,0.207
Kepler-798 b,13.71938426,864.0,1.98,1.1450,CONFIRMED,1.0000,6387.00,1.1050,0.022
Kepler-286 e,29.2214959,539.0,1.81,0.8000,CONFIRMED,0.9100,5576.00,0.8290,0.779
Kepler-287 c,44.8520997,513.0,3.35,0.9260,CONFIRMED,0.9990,5514.00,1.0710,0.807
Kepler-287 b,20.34237838,667.0,2.88,0.9260,CONFIRMED,1.0000,5514.00,1.0710,0.826
Kepler-11 g,118.3786735,376.0,3.4,0.9210,CONFIRMED,0.9970,5657.00,1.0460,0.011
Kepler-811 b,23.58444746,730.0,3,0.9470,CONFIRMED,1.0000,5655.00,1.3540,0.711
Kepler-292 e,11.97884409,678.0,2.11,0.8210,CONFIRMED,1.0000,5296.00,0.8080,0.073
Kepler-292 c,3.71545593,1001.0,1.46,0.8210,CONFIRMED,0.8570,5296.00,0.8080,0.327
Kepler-292 b,2.58083264,1130.0,1.31,0.8210,CONFIRMED,1.0000,5296.00,0.8080,0.16
,1.487084251,1462.0,1.6,0.9930,FALSE POSITIVE,0.0000,5650.00,0.8760,0.678
Kepler-293 b,19.25404023,657.0,3.04,1.0380,CONFIRMED,1.0000,5798.00,0.9410,0.548
Kepler-299 d,15.0549356,729.0,1.6,0.9030,CONFIRMED,0.9970,5616.00,0.9990,0.321
Kepler-299 b,2.92721119,1258.0,1.29,0.9030,CONFIRMED,0.9990,5616.00,0.9990,0.043
Kepler-299 e,38.2856338,534.0,1.77,0.9030,CONFIRMED,0.9980,5616.00,0.9990,0.115
Kepler-846 b,19.80787763,624.0,2.08,0.9340,CONFIRMED,1.0000,5775.00,0.8400,0.054
Kepler-847 b,2.343230566,1054.0,1.18,0.7610,CONFIRMED,0.9960,4798.00,0.7820,0.047
,19.03723442,1051.0,5.74,1.0170,CANDIDATE,1.0000,5248.00,2.8920,0.033
,2.73987398,2113.0,34.83,1.3000,FALSE POSITIVE,0.4830,6520.00,2.2600,0.703
,5.801880653,964.0,19.91,0.9680,FALSE POSITIVE,0.0000,5845.00,0.8740,0.773
,85.34092607,409.0,1177.65,0.9780,FALSE POSITIVE,0.0000,6004.00,0.8980,12.773
,0.782045734,2070.0,45.05,1.0440,FALSE POSITIVE,0.0000,6113.00,0.9950,1.244
,0.576078683,1982.0,23.23,0.9110,CANDIDATE,0.0000,5693.00,0.8160,1.113
Kepler-812 b,10.1171684,1163.0,3.07,1.3990,CONFIRMED,1.0000,6306.00,1.7920,0.296
Kepler-813 b,19.12947603,817.0,4.23,1.0840,CONFIRMED,1.0000,5372.00,1.7100,0.861
Kepler-1667 b,83.5781976,655.0,6.63,1.4680,CONFIRMED,0.9390,6056.00,2.5620,0.544
Kepler-814 b,6.1469956,1164.0,2.04,1.1850,CONFIRMED,1.0000,6110.00,1.2960,0.083
,0.522457732,2308.0,1.52,0.9560,FALSE POSITIVE,0.0000,5991.00,0.9540,0.967
Kepler-293 c,54.1558384,466.0,3.88,1.0380,CONFIRMED,1.0000,5798.00,0.9410,0.927
Kepler-5 b,3.548465446,1640.0,14.92,1.3190,CONFIRMED,0.7540,6290.00,1.7460,0.075
Kepler-477 b,11.1199028,649.0,2.08,0.8160,CONFIRMED,1.0000,5078.00,0.7660,0.72
Kepler-828 b,0.567856484,1848.0,1.55,0.8060,CONFIRMED,1.0000,5073.00,0.8530,0.324
,251.0597249,301.0,44.2,0.9400,FALSE POSITIVE,0.0000,5714.00,1.0860,1.264
,11.70219638,719.0,16.15,0.8480,FALSE POSITIVE,0.0000,5758.00,0.7620,1.166
Kepler-300 c,40.7150498,516.0,2.2,0.9700,CONFIRMED,1.0000,5968.00,0.8810,0.638
Kepler-300 b,10.44635944,812.0,2.18,0.9700,CONFIRMED,1.0000,5968.00,0.8810,0.967
Kepler-301 b,2.508553286,1278.0,1.28,0.9440,CONFIRMED,1.0000,5814.00,0.8810,0.009
Kepler-301 d,13.75129636,725.0,1.66,0.9440,CONFIRMED,1.0000,5814.00,0.8810,0.359
,0.885747456,4958.0,269.98,2.5810,FALSE POSITIVE,0.0000,5487.00,10.3960,1.205
,3.611541977,1005.0,28.07,0.7500,FALSE POSITIVE,0.0000,5203.00,0.8020,1.254
Kepler-114 c,8.041347775,507.0,1.29,0.5600,CONFIRMED,0.6800,3980.00,0.5400,0.26
,5.082722475,1059.0,4.4,1.0000,FALSE POSITIVE,1.0000,5780.00,1.0000,0.019
,78.9257421,398.0,11.9,0.9800,CANDIDATE,0.4360,5750.00,0.8820,0.359
,9.991625291,907.0,38.93,0.9540,FALSE POSITIVE,0.0000,5874.00,1.0960,1.256
Kepler-815 b,8.57504983,1374.0,4.26,1.2680,CONFIRMED,0.9970,4986.00,3.4640,0.129
,6.84639884,1132.0,1.9,1.1150,CANDIDATE,1.0000,6065.00,1.3100,0.9
Kepler-1743 b,7.64970832,1144.0,1.43,1.2660,CONFIRMED,0.9970,5855.00,1.6130,0.898
,12.37679312,,,,CANDIDATE,,,,
Kepler-11 b,10.30401132,849.0,1.84,0.9210,CONFIRMED,1.0000,5657.00,1.0460,0.017
,2.171827838,1311.0,58.56,0.9440,FALSE POSITIVE,0.0000,5650.00,0.8910,1.323
Kepler-1745 b,3.016182013,1449.0,2.25,0.9950,CONFIRMED,1.0000,5611.00,1.4000,0.732
Kepler-829 b,6.8833761,857.0,1.69,0.8860,CONFIRMED,0.9950,5679.00,0.7940,0.075
,0.833980196,1816.0,1.45,0.9390,FALSE POSITIVE,0.0000,5747.00,0.8710,0.547
,69.62754202,,,,FALSE POSITIVE,,,,
,1.926353494,1484.0,1.33,0.8930,FALSE POSITIVE,0.0000,6063.00,0.8990,0.767
,0.890737359,2022.0,20.57,0.9790,FALSE POSITIVE,0.0000,5687.00,1.1690,1.146
Kepler-301 c,5.41908491,989.0,1.38,0.9440,CONFIRMED,0.9800,5814.00,0.8810,0.536
Kepler-1751 b,7.01733571,984.0,1.61,0.9740,CONFIRMED,1.0000,6052.00,0.9670,0.581
Kepler-848 b,6.91134223,1086.0,1.9,1.0390,CONFIRMED,1.0000,5685.00,1.3500,0.259
Kepler-849 b,394.6249514,325.0,7.79,1.1640,CONFIRMED,1.0000,5910.00,1.7270,0.336
Kepler-850 b,7.19304935,995.0,1.59,1.0600,CONFIRMED,0.9960,6185.00,0.9910,0.017
Kepler-420 b,86.64764448,419.0,9.4,0.9630,CONFIRMED,0.1170,5522.00,1.1200,0
Kepler-281 c,36.33750453,513.0,5.3,0.9840,CONFIRMED,0.9970,5717.00,0.8840,0.825
Kepler-281 b,14.64613058,694.0,2.22,0.9840,CONFIRMED,1.0000,5717.00,0.8840,0.561
Kepler-281 d,148.272013,321.0,4.3,0.9840,CONFIRMED,0.9600,5717.00,0.8840,0.883
,1.506507172,801.0,13.4,0.4850,FALSE POSITIVE,0.0000,3755.00,0.4730,1.226
,1.634614356,1611.0,44.22,1.0010,FALSE POSITIVE,0.0000,6121.00,0.9700,1.229
,16.025018977,657.0,1069.01,0.8790,FALSE POSITIVE,0.0020,5776.00,0.7890,13.239
Kepler-816 b,10.50682978,668.0,9.01,0.8720,CONFIRMED,1.0000,5127.00,0.7820,0.407
,0.711966971,1855.0,33.34,0.7410,FALSE POSITIVE,0.0000,5486.00,0.8300,1.268
,17.72724392,741.0,14.77,1.0740,FALSE POSITIVE,0.0000,6181.00,1.0060,0.825
Kepler-1746 b,321.2124365,310.0,7.25,1.0900,CONFIRMED,0.6770,6018.00,1.2860,0.873
,7.13895376,1622.0,49.96,1.3730,FALSE POSITIVE,0.0000,7131.00,2.1450,1.199
,4.4645454,1601.0,3.07,1.1680,FALSE POSITIVE,0.0000,6093.00,1.9850,0.808
Kepler-830 b,11.29689442,907.0,1.74,1.1550,CONFIRMED,0.9990,6096.00,1.1760,0.634
,19.30112039,669.0,1.66,0.8300,FALSE POSITIVE,0.4900,5687.00,0.9430,0.862
,1.20320092,2124.0,49.25,1.0450,FALSE POSITIVE,0.0000,6218.00,1.3490,1.274
Kepler-116 b,5.968724048,1251.0,3.26,1.1230,CONFIRMED,1.0000,6122.00,1.4390,0.166
,10.980246199,821.0,21.94,0.8510,FALSE POSITIVE,0.0000,5952.00,0.8970,0.733
Kepler-854 b,2.144632238,1736.0,59.19,1.0760,CONFIRMED,0.0410,6296.00,1.3050,1.228
,27.32204488,531.0,21.58,0.8630,FALSE POSITIVE,0.0000,5620.00,0.7720,0.257
,1.152216965,5283.0,187.73,3.4680,FALSE POSITIVE,0.0000,5560.00,15.1130,0.811
,5.2972293,2867.0,47.7,1.8120,FALSE POSITIVE,0.0000,4631.00,14.2960,0.022
Kepler-799 b,133.460999,433.0,11.21,1.0310,CONFIRMED,1.0000,5588.00,1.5930,0.249
Kepler-114 b,5.188563677,586.0,1,0.5600,CONFIRMED,0.9920,3980.00,0.5400,0.179
Kepler-799 c,15.19423359,893.0,3.69,1.0310,CONFIRMED,0.9880,5588.00,1.5930,0.906
,14.17098745,608.0,4.19,0.8070,FALSE POSITIVE,0.0000,5107.00,0.7770,0.041
,31.9734169,442.0,24.1,0.8650,FALSE POSITIVE,0.0000,4931.00,0.7740,1.24
Kepler-817 b,3.990105908,1124.0,7.45,1.0040,CONFIRMED,1.0000,5926.00,0.9130,0.582
,0.52205862,2022.0,27.16,0.8470,FALSE POSITIVE,0.0000,5359.00,0.8780,1.24
Kepler-818 b,10.035381809,786.0,4.42,0.9250,CONFIRMED,1.0000,5813.00,0.8330,0.079
,53.100942624,464.0,24.02,0.8590,FALSE POSITIVE,0.0000,5465.00,0.9730,0.988
,5.80181368,1491.0,4.52,1.1620,FALSE POSITIVE,0.0000,6020.00,2.0970,0.967
,15.6402515,640.0,18.11,0.7710,FALSE POSITIVE,0.0000,5346.00,0.8260,1.167
,0.691666384,2031.0,0.58,0.8300,FALSE POSITIVE,0.0000,5687.00,0.9430,0.552
Kepler-831 b,5.62154315,992.0,1.37,0.9240,CONFIRMED,1.0000,5637.00,0.9600,0.742
,1.074106954,1255.0,0.52,0.7560,FALSE POSITIVE,0.0000,4699.00,0.6760,0.122
,5.117401517,1130.0,28.41,1.1500,FALSE POSITIVE,0.0050,6161.00,1.0530,0.683
,4.20233673,1246.0,23.53,1.0830,FALSE POSITIVE,0.0850,6185.00,1.0940,0.004
Kepler-851 b,8.50698069,900.0,1.9,0.9510,CONFIRMED,0.9860,5822.00,0.9860,0.816
,15.60865244,1419.0,6.17,1.8740,FALSE POSITIVE,0.0000,8014.00,2.4300,0.985
Kepler-407 b,0.669310092,1983.0,1.13,0.9770,CONFIRMED,1.0000,5475.00,1.0030,0.157
,4.494498254,1667.0,62.11,1.5980,FALSE POSITIVE,0.0000,5117.00,3.4030,1.149
Kepler-852 b,44.9306706,565.0,2.49,1.2330,CONFIRMED,0.9790,6121.00,1.1640,0.481
Kepler-800 b,14.13175309,675.0,3.02,0.9070,CONFIRMED,1.0000,5616.00,0.8220,0.848
,1.061934816,1660.0,25.72,0.9680,FALSE POSITIVE,0.0000,5730.00,0.8700,1.25
Kepler-801 b,11.41926141,419.0,1.48,0.5130,CONFIRMED,1.0000,3823.00,0.4920,0.242
,5.93821065,996.0,61.63,0.9240,FALSE POSITIVE,0.0000,6123.00,0.8500,1.646
,268.9410974,321.0,13.57,1.0410,CANDIDATE,0.9960,5798.00,1.3060,0.765
,0.655001616,3162.0,31.77,1.4660,FALSE POSITIVE,0.0000,6426.00,2.0890,1.121
,80.9669561,364.0,5.04,0.8240,CANDIDATE,0.9090,5611.00,0.7370,0.007
Kepler-819 b,33.1996355,485.0,2.85,0.8190,CONFIRMED,0.9950,5102.00,0.8800,0.017
,8.65306587,633.0,19.78,0.6820,FALSE POSITIVE,0.0000,4641.00,0.6940,1.222
,6.80082032,697.0,1.88,0.7690,CANDIDATE,0.9990,4805.00,0.6880,0.597
Kepler-288 c,19.30581662,815.0,4,1.0400,CONFIRMED,1.0000,5661.00,1.5220,0.001
,3.221785738,1357.0,25.03,1.0130,FALSE POSITIVE,0.3830,6250.00,1.0410,0.777
,0.6243875,1639.0,29.45,0.6120,FALSE POSITIVE,0.0000,5211.00,0.6180,1.157
,18.610092584,686.0,55.23,0.9740,FALSE POSITIVE,0.0000,6077.00,0.8910,1.258
Kepler-478 b,13.22175358,640.0,2.38,0.8380,CONFIRMED,1.0000,5211.00,0.7990,0.451
,1.137525054,1746.0,42.74,0.9390,FALSE POSITIVE,0.0000,5912.00,0.9370,1.238
,23.799939273,637.0,51.74,0.9910,FALSE POSITIVE,0.0000,5934.00,0.9570,1.137
Kepler-853 b,7.16893064,1187.0,1.61,1.2250,CONFIRMED,0.9980,6221.00,1.4580,0.573
,54.325574,545.0,0.76,1.2130,CANDIDATE,,6343.00,1.1370,0.154
,20.01959599,,,,CANDIDATE,,,,
,1.22775877,1859.0,48.79,1.0210,FALSE POSITIVE,0.0000,6207.00,1.0440,1.111
,40.24649897,768.0,97.54,1.1740,FALSE POSITIVE,0.0000,6594.00,1.6910,0.877
,2.27999662,2000.0,20.74,1.1740,FALSE POSITIVE,0.9570,6594.00,1.6910,0.739
,2.48658617,1461.0,24.39,1.1730,FALSE POSITIVE,0.8670,5892.00,1.1980,0.079
Kepler-57 b,5.729317577,850.0,2.41,0.8820,CONFIRMED,1.0000,5320.00,0.7860,0.597
Kepler-114 d,11.776132317,446.0,2.08,0.5600,CONFIRMED,1.0000,3980.00,0.5400,0.54
Kepler-57 c,11.60908533,671.0,1.71,0.8820,CONFIRMED,1.0000,5320.00,0.7860,0.03
,162.0479502,437.0,11.52,1.2940,CANDIDATE,1.0000,6309.00,1.5670,0.663
,0.530967162,2704.0,23.72,1.0690,FALSE POSITIVE,,6449.00,1.1930,1.167
Kepler-802 b,40.05881661,489.0,3.43,0.9630,CONFIRMED,0.9270,5668.00,0.8680,0.819
Kepler-288 b,6.09747233,1197.0,2.22,1.0400,CONFIRMED,0.9990,5661.00,1.5220,0.012
Kepler-288 d,56.637918,570.0,3.68,1.0400,CONFIRMED,0.9910,5661.00,1.5220,0.298
,2.243016513,1167.0,1.37,0.8120,FALSE POSITIVE,0.0000,5462.00,0.7320,0.737
,8.6531216,772.0,22.58,0.9690,FALSE POSITIVE,0.0000,5421.00,0.8520,1.214
Kepler-115 c,8.99088621,960.0,2.78,1.0320,CONFIRMED,1.0000,5881.00,1.1710,0.77
,34.064566412,570.0,15.57,0.9550,FALSE POSITIVE,0.0000,6161.00,0.8920,0.524
,4.350087749,1136.0,24.77,1.0360,FALSE POSITIVE,0.0000,6060.00,0.9530,0.986
,1.744101106,1016.0,7.21,0.7060,FALSE POSITIVE,0.0000,4368.00,0.7030,0.618
,7.981187121,966.0,18.75,1.0560,FALSE POSITIVE,0.0000,6217.00,0.9890,1.036
,4.118775582,1067.0,4.48,0.9050,FALSE POSITIVE,0.0870,5944.00,0.8020,0.754
,1.694740233,797.0,2.12,0.5550,CANDIDATE,1.0000,3764.00,0.5270,0.671
,0.971933156,1754.0,50.75,0.8830,FALSE POSITIVE,0.0000,5592.00,0.9310,1.42
,121.5991278,358.0,379.63,0.9310,FALSE POSITIVE,0.0000,6036.00,0.8470,5.011
,15.068060768,742.0,16.43,1.0470,CANDIDATE,0.0000,5982.00,0.9600,0.88
Kepler-855 b,7.886632468,996.0,8.99,0.9460,CONFIRMED,1.0000,5847.00,1.1350,0.048
Kepler-856 b,8.027681123,824.0,8.43,1.0090,CONFIRMED,1.0000,5569.00,0.8870,0.495
Kepler-421 b,704.962626,178.0,4.53,0.7530,CONFIRMED,,5305.00,0.8180,0.8495
Kepler-803 b,50.28635977,543.0,3.88,1.0120,CONFIRMED,0.9360,5900.00,1.1670,0.018
Kepler-1991 c,22.79020351,634.0,2.57,0.9140,CONFIRMED,1.0000,5478.00,1.0530,0.036
Kepler-1991 b,13.26079792,760.0,1.47,0.9140,CONFIRMED,1.0000,5478.00,1.0530,0.22
,1.061932545,2508.0,2.29,1.1790,FALSE POSITIVE,0.0000,6134.00,1.8510,0.713
Kepler-820 b,127.8334997,554.0,9.46,1.6130,CONFIRMED,1.0000,6505.00,2.1700,0.416
Kepler-58 b,10.21864532,920.0,2.33,1.0170,CONFIRMED,1.0000,6100.00,1.0830,0.416
Kepler-58 c,15.573637,799.0,2.94,1.0170,CONFIRMED,1.0000,6100.00,1.0830,0.946
Kepler-58 d,40.1015561,583.0,2.92,1.0170,CONFIRMED,1.0000,6100.00,1.0830,0.868
Kepler-58 e,4.45814897,1212.0,1.61,1.0170,CONFIRMED,1.0000,6100.00,1.0830,0.754
,5.663621501,774.0,2.47,0.7610,FALSE POSITIVE,0.0000,4917.00,0.7230,0.169
Kepler-1747 b,6.230335,875.0,3.7,0.9830,CONFIRMED,1.0000,5477.00,0.8650,0.808
Kepler-479 b,12.49340725,649.0,2.2,0.8400,CONFIRMED,1.0000,5207.00,0.7950,0.594
Kepler-294 c,6.62643441,895.0,2.54,1.0060,CONFIRMED,1.0000,5616.00,0.9030,0.111
Kepler-294 b,3.70122061,1087.0,1.62,1.0060,CONFIRMED,0.9920,5616.00,0.9030,0.178
,6.247030799,512.0,1.89,0.5030,CANDIDATE,1.0000,3821.00,0.4870,0.039
Kepler-790 b,13.73474071,634.0,2.71,0.7260,CONFIRMED,1.0000,5196.00,0.7720,0.941
,700.00298217,238.0,6.43,1.1360,CANDIDATE,,6487.00,1.1180,0.143
,272.0868353,251.0,5.95,0.8060,CANDIDATE,,5587.00,0.7910,0.3629
Kepler-791 b,14.55387488,939.0,3.45,1.2460,CONFIRMED,1.0000,6143.00,1.5070,0.955
,0.895277575,4253.0,9.27,2.0530,FALSE POSITIVE,0.0000,8040.00,3.3250,0.928
Kepler-79 e,81.0637895,511.0,3.01,1.1010,CONFIRMED,0.9760,6198.00,1.3240,0.584
Kepler-282 d,24.8056775,588.0,2.16,0.7930,CONFIRMED,1.0000,5600.00,0.8720,0.007
Kepler-11 c,13.02493307,786.0,2.88,0.9210,CONFIRMED,1.0000,5657.00,1.0460,0.004
Kepler-282 e,44.3471936,484.0,2.45,0.7930,CONFIRMED,1.0000,5600.00,0.8720,0.273
Kepler-282 b,9.2207691,817.0,1.02,0.7930,CONFIRMED,0.8960,5600.00,0.8720,0.037
Kepler-282 c,13.6396648,717.0,1.1,0.7930,CONFIRMED,0.9920,5600.00,0.8720,0.105
Kepler-821 b,1.922799706,1215.0,1.28,0.8790,CONFIRMED,1.0000,5194.00,0.8150,0.036
Kepler-822 b,3.222975318,1239.0,1.47,0.8990,CONFIRMED,1.0000,5823.00,0.9600,0.33
,42.0370662,527.0,1.66,0.8990,CANDIDATE,0.9990,5823.00,0.9600,0.672
,21.0112068,663.0,1.4,0.8990,CANDIDATE,0.7540,5823.00,0.9600,0.853
Kepler-823 b,4.16811839,1277.0,2.28,1.0000,CONFIRMED,1.0000,5689.00,1.3130,0.709
Kepler-1748 b,5.82348911,955.0,3,0.9160,CONFIRMED,1.0000,5774.00,0.8640,0.877
,8.75059775,682.0,2.27,0.8840,CANDIDATE,1.0000,4942.00,0.7790,0.33
,9.41475056,962.0,19.33,1.0610,FALSE POSITIVE,0.0000,6406.00,1.0330,1.148
,0.56669006,2955.0,1.52,1.3210,FALSE POSITIVE,,6899.00,1.3860,0.7102
Kepler-832 b,7.13969705,965.0,2.24,1.1010,CONFIRMED,1.0000,6014.00,0.9930,0.027
Kepler-833 b,18.75470238,382.0,1.67,0.5590,CONFIRMED,1.0000,3976.00,0.5400,0.034
,3.00363219,1571.0,1.43,1.0460,FALSE POSITIVE,0.0010,6309.00,1.3200,0.727
Kepler-792 b,11.30123036,852.0,1.85,1.0050,CONFIRMED,0.9970,5730.00,1.1220,0.117
,0.796722833,2401.0,1.44,0.8580,FALSE POSITIVE,0.0000,5959.00,1.3340,0.601
Kepler-793 b,4.24153629,1177.0,1.44,0.8750,CONFIRMED,1.0000,5776.00,1.0470,0.257
Kepler-277 b,17.32419108,964.0,3.14,1.1790,CONFIRMED,1.0000,5968.00,1.8570,0.764
Kepler-804 b,14.37457572,779.0,1.94,0.9460,CONFIRMED,1.0000,5768.00,1.0670,0.035
Kepler-804 c,9.65188331,890.0,1.08,0.9460,CONFIRMED,0.9710,5768.00,1.0670,0.122
,6.0990118,1374.0,3.16,1.0770,FALSE POSITIVE,0.0000,5743.00,1.9710,0.688
Kepler-1742 b,49.4781446,462.0,1.88,0.9390,CONFIRMED,0.9890,5776.00,0.8490,0.048
Kepler-805 b,30.8639476,743.0,3.01,1.0810,CONFIRMED,0.9980,5977.00,1.5710,0.907
Kepler-115 b,2.403640701,1489.0,1.24,1.0320,CONFIRMED,1.0000,5881.00,1.1710,0.918
,2.90060781,1645.0,1.58,1.1980,FALSE POSITIVE,0.0000,6547.00,1.3710,0.47
Kepler-824 b,4.51436096,1231.0,1.84,1.0910,CONFIRMED,1.0000,5940.00,1.2150,0.118
Kepler-825 b,3.77359871,1270.0,1.29,0.8680,CONFIRMED,0.8080,6224.00,0.9690,0
Kepler-825 c,8.18182189,981.0,1.77,0.8680,CONFIRMED,1.0000,6224.00,0.9690,0.655
Kepler-834 b,13.32389352,378.0,1.26,0.4790,CONFIRMED,0.9990,3751.00,0.4500,0.073
Kepler-480 b,4.919584997,1312.0,2.86,1.2240,CONFIRMED,1.0000,6236.00,1.3780,0.243
Kepler-835 b,11.41911886,921.0,3.32,1.2530,CONFIRMED,0.9960,6311.00,1.1720,0.947
Kepler-836 b,11.36113254,869.0,2.6,1.0690,CONFIRMED,1.0000,6244.00,1.0090,0.734
,1.3866358,1503.0,0.72,0.9500,FALSE POSITIVE,,5693.00,0.8560,0.3783
Kepler-1749 b,14.53410833,420.0,1.36,0.5510,CONFIRMED,1.0000,3957.00,0.5530,0.766
Kepler-277 c,33.0063185,778.0,3.13,1.1790,CONFIRMED,0.9990,5968.00,1.8570,0.39
Kepler-794 b,11.13127159,952.0,2.06,1.1950,CONFIRMED,1.0000,5800.00,1.4350,0.01
,3.47143963,1358.0,1.19,1.1540,FALSE POSITIVE,0.0000,6341.00,1.1110,0.719
Kepler-795 b,29.6193891,580.0,1.74,0.9110,CONFIRMED,0.9990,5618.00,0.9960,0.046
,3.50376155,,,,FALSE POSITIVE,,,,
Kepler-113 c,8.925079516,628.0,2.36,0.7680,CONFIRMED,1.0000,4728.00,0.6930,0.74
Kepler-806 b,8.0922105,1089.0,1.44,0.9070,CONFIRMED,0.9980,5774.00,1.3950,0.951
,3.117087797,1842.0,88.51,1.4340,FALSE POSITIVE,0.0000,6338.00,2.0460,1.255
Kepler-11 d,22.687155,653.0,3.2,0.9210,CONFIRMED,1.0000,5657.00,1.0460,0.023
,0.937406378,1659.0,7.09,0.8760,FALSE POSITIVE,,5480.00,0.8430,0.8735
,0.668483615,1832.0,29.53,0.9070,FALSE POSITIVE,0.0000,5546.00,0.8100,1.269
,4.429633087,950.0,32.12,0.8370,FALSE POSITIVE,0.0000,5344.00,0.8090,1.264
,1.544927524,1824.0,1.39,1.0180,FALSE POSITIVE,0.0000,6309.00,1.1320,0.533
Kepler-826 b,4.48758768,1305.0,1.37,0.9720,CONFIRMED,0.9990,6060.00,1.2570,0.532
,0.323021692,2545.0,46.4,0.8280,FALSE POSITIVE,,5458.00,0.9720,1.1083
,4.70818628,1046.0,42.99,0.9870,FALSE POSITIVE,0.0000,5868.00,0.8940,1.082
,14.405857436,888.0,23.42,1.0390,FALSE POSITIVE,0.0000,5945.00,1.3460,0.001
,7.702374154,825.0,225.25,0.9280,FALSE POSITIVE,0.0000,5598.00,0.8300,3.346
Kepler-837 b,16.56062577,701.0,2.94,0.7270,CONFIRMED,1.0000,5818.00,0.8550,0.96
Kepler-838 b,15.74958583,777.0,2.77,1.0880,CONFIRMED,1.0000,6191.00,1.0250,0.637
Kepler-839 b,37.8145252,626.0,3.04,1.1960,CONFIRMED,0.9990,5988.00,1.3140,0.845
Kepler-295 b,12.64504291,741.0,1.55,0.8000,CONFIRMED,0.9860,5607.00,0.8860,0.931
Kepler-295 c,21.5262958,621.0,1.36,0.8000,CONFIRMED,0.9990,5607.00,0.8860,0.804
Kepler-295 d,33.8845825,533.0,1.74,0.8000,CONFIRMED,0.9350,5607.00,0.8860,0.961
Kepler-796 b,6.40087137,1109.0,1.91,0.9430,CONFIRMED,0.9970,5426.00,1.4210,0.861
Kepler-278 b,30.1599411,836.0,4.54,1.4140,CONFIRMED,1.0000,5010.00,3.0510,0.802
Kepler-278 c,51.0771048,702.0,3.66,1.4140,CONFIRMED,0.9810,5010.00,3.0510,0.498
,4.2856756,1790.0,2.13,1.4290,FALSE POSITIVE,,5055.00,3.7330,0.5445
,7.388833611,877.0,10.66,0.9260,FALSE POSITIVE,0.0000,5845.00,0.8380,0.799
,2.698021895,1582.0,52.51,1.2290,FALSE POSITIVE,0.2850,6568.00,1.2110,1.3
Kepler-807 b,117.93110803,418.0,10.36,1.1160,CONFIRMED,1.0000,6392.00,1.0720,0.615
,4.887806806,918.0,5.71,0.8040,FALSE POSITIVE,0.0000,5284.00,0.8120,0.561
,11.973605044,820.0,38.2,1.0200,FALSE POSITIVE,0.0000,6146.00,0.9430,1.3
,1.231364189,1707.0,5.39,0.7780,FALSE POSITIVE,0.0000,5897.00,0.8910,0.995
,2.102416517,1435.0,29.29,1.0450,FALSE POSITIVE,0.0000,5999.00,0.9590,1.236
,11.703109303,811.0,37.3,1.0430,FALSE POSITIVE,0.0000,6014.00,0.9580,1.279
,13.73808249,912.0,3.84,0.9910,FALSE POSITIVE,1.0000,6375.00,1.1780,0.957
,16.66216657,834.0,843.45,1.1960,FALSE POSITIVE,0.0000,6440.00,1.1690,7.444
,0.752159702,2224.0,43.73,0.9950,FALSE POSITIVE,0.0000,5916.00,1.1750,1.272
,4.81886153,803.0,2.96,0.7050,FALSE POSITIVE,0.0000,5030.00,0.6510,0.924
Kepler-289 c,125.86540191,394.0,12.37,0.9980,CONFIRMED,1.0000,5933.00,1.1150,0.101
Kepler-289 b,34.5439452,607.0,2.67,0.9980,CONFIRMED,1.0000,5933.00,1.1150,0.87
Kepler-23 c,10.74241765,1008.0,3.06,1.0360,CONFIRMED,1.0000,5761.00,1.5180,0.034
,4.02378908,2504.0,2.24,2.2180,FALSE POSITIVE,0.0000,7516.00,3.6850,0.715
,0.312941621,3151.0,58.02,1.0510,FALSE POSITIVE,,6286.00,1.1880,1.1789
Kepler-840 b,2.495780169,1408.0,15.75,0.9590,CONFIRMED,0.9200,6039.00,0.9920,0.133
,8.428090255,817.0,517.43,0.8930,FALSE POSITIVE,0.0000,5761.00,0.8050,6.787
,8.344104633,785.0,836.31,0.9280,FALSE POSITIVE,0.0000,5447.00,0.8380,10.047
,1.714274727,827.0,25,0.5410,CANDIDATE,0.0000,3874.00,0.5350,1.182
,137.75960504,396.0,49.52,0.9340,FALSE POSITIVE,0.0000,5323.00,1.4520,0.776
,2.155278342,1272.0,16.89,0.9160,FALSE POSITIVE,0.0000,5665.00,0.8200,0.926
,3.661326482,1023.0,12.07,0.7370,FALSE POSITIVE,0.0000,5319.00,0.7980,0.812
Kepler-113 b,4.75400072,775.0,2,0.7680,CONFIRMED,1.0000,4728.00,0.6930,0.672
,0.76973817,,,,FALSE POSITIVE,,,,
,165.739861,692.0,57.54,1.6630,FALSE POSITIVE,1.0000,5019.00,6.8360,0.263
,9.08937826,1104.0,5.35,1.2830,FALSE POSITIVE,0.0000,6739.00,1.2750,0.982
Kepler-6 b,3.234699282,1356.0,13.06,1.0470,CONFIRMED,0.9870,5640.00,1.2910,0.079
Kepler-11 e,31.99552485,582.0,4.12,0.9210,CONFIRMED,1.0000,5657.00,1.0460,0.69
,1.577800747,1513.0,31.24,0.8620,FALSE POSITIVE,0.0030,6089.00,0.8020,1.332
,2.380862632,1480.0,21.65,0.9220,FALSE POSITIVE,0.5650,5821.00,1.1290,0.664
,1.752567456,1502.0,26.56,0.9800,FALSE POSITIVE,0.0000,5739.00,0.9960,1.218
Kepler-827 b,51.92920654,574.0,8.49,1.0170,CONFIRMED,0.9950,5671.00,1.4420,0.398
,384.02570682,,,,CANDIDATE,,,,
,3.014330766,1124.0,2.87,0.9250,CANDIDATE,1.0000,5209.00,0.9530,0.01
Kepler-1987 d,5.644914154,744.0,2.66,0.7990,CONFIRMED,1.0000,4769.00,0.7140,0.445
Kepler-475 b,3.105507835,980.0,2.68,0.8780,CONFIRMED,1.0000,4989.00,0.7910,0.799
,1.336109338,1727.0,35.19,0.9820,FALSE POSITIVE,0.0000,6119.00,0.9670,1.28
,13.35151248,585.0,4.44,0.7550,CANDIDATE,1.0000,4843.00,0.7540,0.573
,1693.6636225,157.0,10.23,1.0590,CANDIDATE,,5923.00,1.0210,0.5283
Kepler-296 c,5.841636615,446.0,1.38,0.3940,CONFIRMED,1.0000,3526.00,0.3830,0.026
Kepler-296 d,19.85029495,297.0,1.52,0.3940,CONFIRMED,1.0000,3526.00,0.3830,0.217
Kepler-23 d,15.27443889,896.0,2.17,1.0360,CONFIRMED,1.0000,5761.00,1.5180,0.153
,22.34293693,399.0,2.92,0.5650,FALSE POSITIVE,0.0000,4260.00,0.5800,0.001
,119.40817159,328.0,16.26,0.8340,FALSE POSITIVE,0.0000,5316.00,0.8720,0.915
,1.171536413,2387.0,7.12,1.5140,FALSE POSITIVE,0.0000,7021.00,1.4850,0.973
,0.973547911,1814.0,11.52,0.9440,FALSE POSITIVE,0.0000,6084.00,0.8630,1.097
,3.053563251,1171.0,21.79,0.9590,FALSE POSITIVE,0.0000,5764.00,0.8630,1.208
,1.031096352,2020.0,2.36,1.1170,FALSE POSITIVE,0.0000,6371.00,1.0720,0.979
Kepler-283 b,11.00817635,488.0,2.15,0.5960,CONFIRMED,1.0000,4141.00,0.5820,0.025
Kepler-283 c,92.7495777,240.0,1.87,0.5960,CONFIRMED,0.0000,4141.00,0.5820,0.019
Kepler-432 b,52.5008645,812.0,12.41,1.3520,CONFIRMED,0.9810,4976.00,4.1570,0.11
Kepler-808 b,0.63133171,1322.0,1.2,0.5260,CONFIRMED,1.0000,4441.00,0.5300,0.726
Kepler-284 b,12.69905011,686.0,2.62,0.8750,CONFIRMED,1.0000,5291.00,0.8820,0.663
Kepler-1987 e,8.74292005,643.0,1.92,0.7990,CONFIRMED,0.9990,4769.00,0.7140,0.025
Kepler-1987 c,3.64830183,860.0,1.33,0.7990,CONFIRMED,1.0000,4769.00,0.7140,0.063
Kepler-1987 b,2.345863002,997.0,1.23,0.7990,CONFIRMED,0.9330,4769.00,0.7140,0.035
Kepler-1744 b,37.1011418,532.0,3.19,0.8860,CONFIRMED,1.0000,5986.00,0.8500,0.41
,104.8205868,376.0,6.45,0.8860,CANDIDATE,1.0000,5986.00,0.8500,0.918
Kepler-296 b,10.8644095,363.0,1.14,0.3940,CONFIRMED,0.9850,3526.00,0.3830,0.763
Kepler-841 b,124.4197175,416.0,10.3,0.9450,CONFIRMED,1.0000,5066.00,1.6590,0.017
Kepler-842 b,1.219568047,1252.0,1.51,0.7780,CONFIRMED,1.0000,4838.00,0.7010,0.067
Kepler-843 b,2.05388477,1523.0,2.74,0.9650,CONFIRMED,1.0000,5632.00,1.1760,0.282
Kepler-297 b,38.86848956,509.0,2.81,0.8460,CONFIRMED,1.0000,5618.00,0.8970,0.028
Kepler-279 c,35.7353616,774.0,5.47,1.1640,CONFIRMED,0.0860,6366.00,1.6970,0.878
Kepler-279 b,12.30971679,1104.0,3.82,1.1640,CONFIRMED,0.2420,6366.00,1.6970,0.847
Kepler-279 d,54.4205407,574.0,3.2,1.0970,CONFIRMED,,6781.00,1.0670,0.9414
,30.00908916,,,,FALSE POSITIVE,,,,
,14.32407216,782.0,38.86,1.1160,FALSE POSITIVE,0.0000,6022.00,1.0390,1.292
Kepler-797 b,27.07237655,605.0,2.18,1.0750,CONFIRMED,1.0000,5936.00,0.9650,0.015
Kepler-284 c,37.5142128,478.0,2.68,0.8750,CONFIRMED,1.0000,5291.00,0.8820,0.366
Kepler-809 b,55.6391882,478.0,3.13,1.0500,CONFIRMED,1.0000,5949.00,0.9620,0.811
Kepler-11 f,46.6856205,513.0,2.52,0.9210,CONFIRMED,0.9980,5657.00,1.0460,0.217
,34.2966363,584.0,3.29,0.9110,CANDIDATE,0.9980,5490.00,1.1670,0.711
Kepler-810 b,4.59726613,1105.0,1.69,1.0450,CONFIRMED,0.9840,5999.00,0.9590,0.033
Kepler-1758 b,9.97716876,1028.0,2.53,1.0350,CONFIRMED,0.9930,5557.00,1.6160,0.002
Kepler-904 b,3.02168007,1332.0,1.31,1.0580,CONFIRMED,1.0000,6201.00,0.9890,0.349
,30.882538697,593.0,15.4,1.1010,FALSE POSITIVE,0.0000,6014.00,0.9930,0.197
,72.4914068,700.0,15.33,1.2090,FALSE POSITIVE,0.0000,5754.00,2.7580,0.989
,4.93913074,1182.0,24.03,1.0530,FALSE POSITIVE,0.0000,5956.00,1.1700,1.167
Kepler-316 b,2.240486703,837.0,1.22,0.5870,CONFIRMED,1.0000,4198.00,0.5740,0.461
Kepler-1766 b,105.0145774,406.0,2.29,0.9150,CONFIRMED,0.8550,5868.00,1.0420,0.954
Kepler-935 b,4.88084456,879.0,1.55,0.8170,CONFIRMED,1.0000,4929.00,0.8610,0.227
Kepler-936 b,10.56137217,867.0,2.43,1.0340,CONFIRMED,0.9690,5610.00,1.1710,0.963
Kepler-937 b,67.6690554,495.0,3.39,0.9640,CONFIRMED,0.9640,6127.00,1.0800,0.354
Kepler-861 b,3.949627144,966.0,2.32,0.8490,CONFIRMED,1.0000,5155.00,0.8360,0.049
Kepler-1753 b,16.00460392,583.0,2.24,0.8600,CONFIRMED,1.0000,5180.00,0.7690,0.49
,3.55650737,1405.0,3.05,0.9310,FALSE POSITIVE,0.0000,4951.00,1.8430,0.01
Kepler-862 b,3.148661555,1097.0,2.15,0.7970,CONFIRMED,1.0000,5258.00,0.8730,0.652
,0.70544824,1868.0,20.03,0.9170,FALSE POSITIVE,0.0000,5717.00,0.8260,1.2
Kepler-304 b,3.295701024,875.0,2.81,0.7600,CONFIRMED,1.0000,4723.00,0.6910,0.267
Kepler-304 d,9.65349016,611.0,2.41,0.7600,CONFIRMED,1.0000,4723.00,0.6910,0.149
Kepler-304 c,5.315954488,746.0,2.33,0.7600,CONFIRMED,1.0000,4723.00,0.6910,0.718
Kepler-484 b,10.04556377,766.0,2.19,0.9520,CONFIRMED,1.0000,5632.00,0.8530,0.075
Kepler-304 e,1.499144441,1137.0,1.09,0.7600,CONFIRMED,1.0000,4723.00,0.6910,0.331
Kepler-905 b,5.082748362,928.0,1.4,0.9610,CONFIRMED,1.0000,5430.00,0.8580,0.063
,5.00673576,1324.0,2,1.0050,FALSE POSITIVE,0.0000,6116.00,1.3830,0.599
Kepler-311 b,9.17617167,960.0,1.66,0.9740,CONFIRMED,1.0000,5903.00,1.1560,0.107
Kepler-311 c,19.7383992,744.0,1.61,0.9740,CONFIRMED,0.9980,5903.00,1.1560,0.732
Kepler-906 b,41.6980186,537.0,2.03,1.0040,CONFIRMED,0.9960,5997.00,0.9710,0.002
Kepler-1767 b,59.6585348,393.0,3.59,0.8870,CONFIRMED,0.9990,5243.00,0.8310,0.956
Kepler-938 b,52.6298542,544.0,3.68,0.9330,CONFIRMED,1.0000,5339.00,1.4330,0.311
Kepler-427 b,10.290994129,996.0,13.43,0.9370,CONFIRMED,0.9910,5803.00,1.3730,0.049
Kepler-939 b,14.8783945,692.0,1.63,0.9200,CONFIRMED,0.8200,5822.00,0.8370,0.749
Kepler-940 b,59.6222627,486.0,3.63,1.0720,CONFIRMED,0.9920,6108.00,0.9970,0.873
,4.9883873,1236.0,3.28,1.2410,FALSE POSITIVE,0.0000,6418.00,1.1710,0.944
Kepler-1754 b,8.19596647,672.0,2.04,0.7340,CONFIRMED,0.9940,4723.00,0.7470,0.252
Kepler-863 b,15.59466045,718.0,2.74,0.9950,CONFIRMED,0.9990,5900.00,0.9290,0.266
Kepler-482 b,56.35407916,352.0,2.59,0.6860,CONFIRMED,0.9990,4802.00,0.7010,0.835
,36.12895451,546.0,53.72,0.9230,FALSE POSITIVE,0.0000,5921.00,0.9120,1.474
,32.50456309,591.0,10.68,0.9800,FALSE POSITIVE,0.0000,6132.00,0.9470,0.927
,1.332560589,1086.0,1.4,0.6210,FALSE POSITIVE,0.0000,4489.00,0.6090,0.009
,31.56904354,575.0,11.18,0.8860,CANDIDATE,0.0000,5654.00,0.9980,0.985
,9.08590495,861.0,6.28,0.8250,FALSE POSITIVE,0.0000,5931.00,0.8660,0.978
,0.784512952,1952.0,25.48,0.9910,FALSE POSITIVE,0.0000,5997.00,0.9040,1.234
,0.883778461,1934.0,1.09,0.9350,FALSE POSITIVE,0.0000,5975.00,0.9490,0.605
Kepler-408 b,2.465024332,1561.0,0.69,1.0160,CONFIRMED,1.0000,6139.00,1.1940,0.548
Kepler-907 b,15.86624787,879.0,1.31,0.9740,CONFIRMED,1.0000,6099.00,1.3080,0.858
,4.288515468,1722.0,76.51,1.1040,FALSE POSITIVE,0.0000,6378.00,2.0020,1.283
Kepler-425 b,3.797018259,982.0,10.07,0.8830,CONFIRMED,0.9950,5167.00,0.8480,0.321
Kepler-908 b,1.340596782,1783.0,1.16,1.1220,CONFIRMED,1.0000,5992.00,1.1250,0.007
Kepler-941 b,17.42393582,722.0,3.29,0.9860,CONFIRMED,1.0000,6018.00,0.9690,0.927
Kepler-1651 b,9.8786461,393.0,1.6,0.4520,CONFIRMED,1.0000,3609.00,0.4220,0.019
Kepler-942 b,44.96407458,379.0,2,0.8170,CONFIRMED,0.7480,4827.00,0.7290,0.11
Kepler-943 b,49.7700907,455.0,5.12,0.9070,CONFIRMED,0.9980,5774.00,0.8180,0.655
,12.7319385,1145.0,70.11,1.4910,FALSE POSITIVE,0.9940,7238.00,1.5680,1.278
,0.520222869,2145.0,1.52,0.9700,FALSE POSITIVE,0.0000,5776.00,0.8890,0.562
Kepler-864 b,5.83376197,1143.0,2.98,1.2700,CONFIRMED,0.9970,6213.00,1.1950,0.742
Kepler-864 c,2.42150341,1532.0,1.62,1.2700,CONFIRMED,0.9990,6213.00,1.1950,0.55
Kepler-865 b,14.16400071,694.0,2.35,0.7820,CONFIRMED,1.0000,5440.00,0.8850,0.027
,0.840594032,1780.0,0.62,0.7820,CANDIDATE,0.9440,5440.00,0.8850,0.018
Kepler-865 c,6.20920207,914.0,0.89,0.7820,CONFIRMED,0.4640,5440.00,0.8850,0.272
Kepler-305 b,5.48711441,836.0,3.24,0.8230,CONFIRMED,1.0000,5103.00,0.7870,0.812
Kepler-305 c,8.29084167,728.0,3.21,0.8230,CONFIRMED,0.9990,5103.00,0.7870,0.929
Kepler-305 e,3.20539622,1000.0,1.7,0.8230,CONFIRMED,1.0000,5103.00,0.7870,0.512
Kepler-305 d,16.73869035,576.0,2.56,0.8230,CONFIRMED,1.0000,5103.00,0.7870,0.578
,5.093938816,1137.0,17.19,1.0960,FALSE POSITIVE,0.0030,6197.00,1.0350,0.618
Kepler-909 b,13.93291548,852.0,1.66,1.1130,CONFIRMED,0.9990,6026.00,1.2070,0.908
Kepler-910 b,2.36436762,1752.0,0.82,1.3260,CONFIRMED,0.9120,6250.00,1.5430,0.146
,20.6654374,487.0,0.66,0.6710,CANDIDATE,1.0000,4830.00,0.6760,0.05
Kepler-911 b,20.31047472,931.0,2.41,1.1970,CONFIRMED,1.0000,6065.00,1.8770,0.05
,69.8347983,765.0,3.51,1.7740,CANDIDATE,0.8550,7732.00,2.0220,0.672
Kepler-912 b,2.53475568,1218.0,2.02,0.8080,CONFIRMED,1.0000,5662.00,0.8060,0.878
,2.59488443,1014.0,2.36,0.7760,CANDIDATE,0.8090,4748.00,0.7970,0.885
Kepler-944 b,43.3167427,459.0,2.42,0.8650,CONFIRMED,1.0000,5654.00,0.7740,0.034
,19.18109525,513.0,1.72,0.5910,CANDIDATE,0.9380,5214.00,0.5870,0.007
,37.590298548,573.0,14.39,1.0640,FALSE POSITIVE,0.0000,6147.00,1.0030,0.38
Kepler-945 b,31.0033072,616.0,2.72,1.1730,CONFIRMED,1.0000,6090.00,1.0710,0.151
,3.351556891,1074.0,1.64,0.8370,FALSE POSITIVE,0.0000,5185.00,0.9110,0.129
Kepler-866 b,2.617028373,996.0,1.57,0.7060,CONFIRMED,1.0000,4831.00,0.7240,0.146
,1.876406096,1192.0,1.57,0.8430,FALSE POSITIVE,0.0000,5198.00,0.7590,0.302
,6.71425632,1565.0,5.76,1.3720,FALSE POSITIVE,0.0000,6093.00,2.6230,0.965
Kepler-867 b,150.2412582,327.0,4.6,0.9160,CONFIRMED,1.0000,5604.00,0.9430,0.345
Kepler-891 b,53.44944498,486.0,5.82,1.1140,CONFIRMED,0.9890,5919.00,1.0000,0.092
,0.466743525,2197.0,20.43,0.9460,FALSE POSITIVE,0.0000,5791.00,0.8560,1.186
,1.727177258,1250.0,1.42,0.8050,FALSE POSITIVE,0.0010,5394.00,0.7200,0.676
Kepler-306 c,7.24022418,716.0,2.14,0.7740,CONFIRMED,1.0000,4955.00,0.7210,0.507
Kepler-306 b,4.64622383,830.0,1.82,0.7740,CONFIRMED,1.0000,4955.00,0.7210,0.88
Kepler-913 b,10.29674097,1129.0,5.75,1.2940,CONFIRMED,1.0000,6068.00,1.7970,0.298
Kepler-913 c,5.93919041,1357.0,3.7,1.2940,CONFIRMED,0.9970,6068.00,1.7970,0.107
Kepler-312 c,19.74733983,754.0,2.62,1.2260,CONFIRMED,1.0000,6243.00,1.1490,0.595
Kepler-486 b,30.360445359,459.0,10.99,0.7400,CONFIRMED,0.9820,4939.00,0.7650,0.359
Kepler-914 b,4.4096675,1192.0,1.51,1.1000,CONFIRMED,0.9950,5836.00,1.1660,0.814
Kepler-1671 b,4.16787814,962.0,1.07,0.9100,CONFIRMED,0.9990,5251.00,0.8470,0.168
,220.65651253,,,,CANDIDATE,,,,
Kepler-946 b,11.79161234,857.0,2.41,0.9620,CONFIRMED,0.9980,5619.00,1.1990,0.034
,20.55848388,624.0,36.9,0.9740,FALSE POSITIVE,1.0000,5578.00,0.9360,1.334
Kepler-947 b,26.964501,573.0,2.2,1.0210,CONFIRMED,1.0000,5754.00,0.9050,0.006
Kepler-948 b,7.76845639,841.0,1.35,0.9280,CONFIRMED,0.9990,5447.00,0.9170,0.353
,2.178154348,1392.0,22.22,0.8600,FALSE POSITIVE,0.0000,5947.00,0.8810,1.21
Kepler-868 b,5.03257009,1047.0,2.53,0.9960,CONFIRMED,1.0000,5970.00,0.9080,0.97
Kepler-869 b,40.4286676,494.0,2.92,0.9250,CONFIRMED,1.0000,5813.00,0.8330,0.872
Kepler-870 b,21.3588236,691.0,2.52,1.0630,CONFIRMED,1.0000,6170.00,0.9920,0.092
Kepler-871 b,22.0459163,640.0,3.05,1.0650,CONFIRMED,1.0000,5900.00,0.9510,0.837
,49.6456235,648.0,43.41,1.0950,FALSE POSITIVE,0.0010,6273.00,1.4930,1.236
Kepler-306 d,17.32670445,535.0,2.23,0.7740,CONFIRMED,1.0000,4955.00,0.7210,0.756
Kepler-306 e,44.8411168,390.0,2.75,0.7740,CONFIRMED,0.9990,4955.00,0.7210,0.864
,1.008917105,1636.0,1.51,0.8830,FALSE POSITIVE,0.0000,5708.00,0.7950,0.545
Kepler-892 b,13.75207851,556.0,2.81,0.7380,CONFIRMED,1.0000,4802.00,0.6990,0.836
Kepler-893 b,6.33855946,1034.0,3.31,1.1320,CONFIRMED,1.0000,6108.00,1.0300,0.907
,11.30507984,744.0,1.4,0.9360,CANDIDATE,0.9880,5705.00,0.8440,0.195
Kepler-915 b,4.59489816,1319.0,1.85,1.1480,CONFIRMED,1.0000,6056.00,1.3810,0.953
Kepler-916 b,32.2964275,503.0,1.9,0.8540,CONFIRMED,0.9770,5246.00,0.8910,0.207
Kepler-917 b,2.97041801,991.0,1.7,0.8330,CONFIRMED,1.0000,5068.00,0.7430,0.379
,9.9824036,966.0,1.17,1.0920,CANDIDATE,,6273.00,1.1390,0.8093
,12.681733929,601.0,7.25,0.6770,CANDIDATE,1.0000,4976.00,0.7010,0.929
,6.814984472,836.0,14.18,0.8970,FALSE POSITIVE,0.0000,5465.00,0.8170,0.793
,63.9354965,2590.0,2637.6,1.6730,FALSE POSITIVE,0.0000,3626.00,97.4100,1.2
,83.09708021,329.0,13.83,0.6260,CANDIDATE,0.0000,5286.00,0.6360,0.993
Kepler-422 b,7.891448838,1028.0,12.63,1.1480,CONFIRMED,0.9880,5972.00,1.2370,0.306
,0.839961456,1455.0,1.63,0.8080,CANDIDATE,1.0000,4932.00,0.7180,0.548
Kepler-872 b,2.578852119,1230.0,1.63,0.9490,CONFIRMED,1.0000,5743.00,0.8530,0.625
,9.04189129,729.0,3.24,0.9270,FALSE POSITIVE,0.0000,5237.00,0.8260,0.967
Kepler-483 b,30.22910274,755.0,3.49,1.2960,CONFIRMED,1.0000,6325.00,1.5180,0.77
,0.798200403,2128.0,24.03,1.0870,FALSE POSITIVE,0.0000,6258.00,1.0310,1.193
,3.479425638,1166.0,12.86,0.9290,FALSE POSITIVE,0.8760,5907.00,0.8780,0.612
,2.92878704,1239.0,22.76,0.9720,FALSE POSITIVE,0.0010,5955.00,0.8830,1.212
Kepler-894 b,9.80321143,896.0,2.99,1.0630,CONFIRMED,1.0000,6170.00,0.9920,0.663
Kepler-1755 b,24.81097206,631.0,4.22,1.0030,CONFIRMED,1.0000,6086.00,0.9210,0.039
,7.136922,956.0,1.38,1.0030,CANDIDATE,1.0000,6086.00,0.9210,0.072
Kepler-918 b,4.8538404,1052.0,1.72,1.0380,CONFIRMED,0.9860,5778.00,0.9680,0.943
Kepler-919 b,11.04605365,869.0,1.8,1.0250,CONFIRMED,0.9960,6093.00,1.0250,0.064
,2.621706694,1288.0,34.68,0.7720,FALSE POSITIVE,0.0000,5749.00,0.8810,1.279
Kepler-1759 b,3.72020708,954.0,0.99,0.7600,CONFIRMED,1.0000,5017.00,0.7970,0.341
,12.264867364,1077.0,28.29,1.2950,FALSE POSITIVE,0.0000,5372.00,2.3440,0.818
Kepler-949 b,8.689301216,782.0,2.92,0.8170,CONFIRMED,1.0000,5211.00,0.8950,0.029
Kepler-949 c,20.99757968,582.0,2.97,0.8170,CONFIRMED,0.0000,5211.00,0.8950,0.277
,0.979442525,1567.0,1.64,0.8330,FALSE POSITIVE,0.0010,5532.00,0.7450,0.388
Kepler-488 b,3.120828136,1303.0,14.16,1.0700,CONFIRMED,0.8020,6122.00,0.9960,0.784
Kepler-1768 b,15.13590453,933.0,2.57,1.2400,CONFIRMED,0.9920,6050.00,1.5720,0.46
,1.399326503,1143.0,1,0.7220,FALSE POSITIVE,0.0000,4502.00,0.7280,0.009
Kepler-303 b,1.937029968,802.0,0.87,0.5050,CONFIRMED,0.8890,4042.00,0.4900,0.105
Kepler-303 c,7.06117322,521.0,1.23,0.5050,CONFIRMED,0.9910,4042.00,0.4900,0.845
Kepler-873 b,20.55331441,749.0,3.19,1.1570,CONFIRMED,1.0000,6325.00,1.1120,0.795
Kepler-874 b,40.0686713,560.0,3.1,0.9240,CONFIRMED,1.0000,6026.00,0.9920,0.029
Kepler-87 b,114.73658,476.0,12.28,0.9690,CONFIRMED,1.0000,5597.00,1.6990,0.595
Kepler-87 c,191.239133,401.0,6.47,0.9690,CONFIRMED,0.0000,5597.00,1.6990,0.876
,5.83393857,1285.0,1.98,0.9690,CANDIDATE,0.9520,5597.00,1.6990,0.398
,24.3282251,520.0,294.02,0.8720,FALSE POSITIVE,0.0000,5286.00,0.7800,4.426
Kepler-307 b,10.41572666,797.0,3.01,0.9470,CONFIRMED,1.0000,5511.00,0.9870,0.682
Kepler-313 b,14.97031664,883.0,2.53,1.0660,CONFIRMED,0.9990,5726.00,1.4830,0.352
Kepler-313 c,32.2753853,683.0,2.31,1.0660,CONFIRMED,0.9870,5726.00,1.4830,0.608
,6.33027476,1046.0,1.02,0.9640,CANDIDATE,,5900.00,1.0700,0.3288
Kepler-1760 b,38.3262237,480.0,2.43,0.8210,CONFIRMED,0.9940,5229.00,0.9030,0.963
Kepler-1761 b,4.04355245,613.0,1.75,0.5730,CONFIRMED,0.9920,3871.00,0.5320,0.984
,5.59728249,930.0,3.28,0.9530,CANDIDATE,1.0000,5610.00,0.8580,0.473
Kepler-317 b,5.52418625,976.0,2.25,0.8650,CONFIRMED,0.6770,5334.00,1.0040,0.492
Kepler-317 c,8.77514782,837.0,1.91,0.8650,CONFIRMED,0.9720,5334.00,1.0040,0.504
,10.12742274,969.0,3.8,1.2320,FALSE POSITIVE,1.0000,6392.00,1.1620,0.696
,0.870693883,1876.0,2.09,0.9400,FALSE POSITIVE,0.4060,5985.00,0.8830,0.832
Kepler-875 b,27.5071114,569.0,2.58,0.9770,CONFIRMED,1.0000,5783.00,0.8800,0.918
Kepler-876 b,5.1443645,923.0,1.55,0.8300,CONFIRMED,1.0000,5157.00,0.9040,0.031
Kepler-877 b,18.45848388,632.0,2.5,0.8590,CONFIRMED,1.0000,5311.00,0.9480,0.832
Kepler-878 b,25.9421582,501.0,1.95,0.8910,CONFIRMED,1.0000,5167.00,0.7960,0.577
Kepler-1711 b,21.06075303,669.0,1.78,0.9400,CONFIRMED,1.0000,5706.00,1.0340,0.176
Kepler-307 c,13.08424286,739.0,2.71,0.9470,CONFIRMED,1.0000,5511.00,0.9870,0.701
Kepler-423 b,2.684328541,1265.0,12.73,0.8590,CONFIRMED,0.9950,5561.00,0.9560,0.076
,23.3397956,653.0,1.23,0.9830,CANDIDATE,,5671.00,1.0840,0.4757
Kepler-895 b,2.806243488,771.0,1.41,0.5950,CONFIRMED,1.0000,4153.00,0.5810,0.043
,2.27190723,1318.0,1.12,0.8560,FALSE POSITIVE,0.0000,5788.00,0.8560,0.719
,7.132351753,1579.0,49.34,1.6330,FALSE POSITIVE,0.0000,7530.00,1.9300,1.206
Kepler-920 b,6.53194024,907.0,3.09,0.8560,CONFIRMED,1.0000,5301.00,0.9770,0.83
Kepler-921 b,51.3011844,492.0,2.07,1.0140,CONFIRMED,0.9940,6032.00,0.9290,0.003
,1.097211085,740.0,16.07,0.3390,FALSE POSITIVE,0.0000,3497.00,0.3340,1.145
Kepler-922 b,0.938466959,1876.0,1.58,0.9060,CONFIRMED,1.0000,5499.00,1.0870,0.054
,51.3901452,570.0,3.62,1.1730,CANDIDATE,0.9960,6074.00,1.2920,0.946
Kepler-426 b,3.217518511,1185.0,11.38,0.8820,CONFIRMED,1.0000,5720.00,0.9030,0.638
Kepler-318 b,4.66271902,1039.0,3.86,1.0510,CONFIRMED,1.0000,5729.00,0.9390,0.485
Kepler-318 c,11.8150174,762.0,3.48,1.0510,CONFIRMED,1.0000,5729.00,0.9390,0.875
Kepler-411 c,7.834433676,689.0,3.47,0.8220,CONFIRMED,1.0000,4920.00,0.7200,0.714
Kepler-411 b,3.005156911,949.0,2.2,0.8220,CONFIRMED,1.0000,4920.00,0.7200,0.844
Kepler-879 b,33.3856176,580.0,2.48,0.9740,CONFIRMED,0.9980,5833.00,1.0220,0.562
,8.48039789,866.0,1.71,0.9300,FALSE POSITIVE,0.0000,5401.00,1.0500,0.486
,1.333395306,1390.0,0.86,0.8070,FALSE POSITIVE,0.0000,5199.00,0.8110,0.151
Kepler-880 b,7.71467686,1622.0,4.65,1.7140,CONFIRMED,1.0000,6900.00,2.5990,0.899
Kepler-881 b,4.4444826,1217.0,1.71,1.1350,CONFIRMED,1.0000,6240.00,1.0790,0.941
,21.3781146,727.0,3.18,1.2190,FALSE POSITIVE,0.0000,6218.00,1.1310,0.906
Kepler-896 c,29.5422566,515.0,3.15,0.8770,CONFIRMED,1.0000,5510.00,0.8030,0.959
Kepler-896 b,144.551628,303.0,3.06,0.8770,CONFIRMED,0.9940,5510.00,0.8030,0.887
,186.4361811,353.0,11.32,0.9260,CANDIDATE,1.0000,5393.00,1.3700,0.921
Kepler-897 b,8.04727721,855.0,2.33,0.9420,CONFIRMED,1.0000,5840.00,0.8490,0.937
Kepler-898 b,5.87063416,616.0,1.44,0.6240,CONFIRMED,0.9980,4166.00,0.6120,0.642
Kepler-487 b,15.358767771,662.0,10.89,0.8740,CONFIRMED,0.9980,5422.00,0.8870,0.487
Kepler-1762 b,29.5390897,714.0,2.51,1.2980,CONFIRMED,1.0000,6572.00,1.2380,0.213
,35.6364022,537.0,1.99,0.9780,CANDIDATE,0.9850,5926.00,0.8870,0.654
,0.94773253,2321.0,45.58,0.8950,FALSE POSITIVE,0.0000,6302.00,1.2690,1.186
,0.784031658,1705.0,1.55,0.9370,FALSE POSITIVE,0.0000,5435.00,0.8240,0.102
,8.98128472,898.0,7.19,1.1330,CANDIDATE,0.9780,5977.00,1.0220,0.294
Kepler-116 c,13.07141889,964.0,2.47,1.1230,CONFIRMED,1.0000,6122.00,1.4390,0.751
,0.692015479,1057.0,19.31,0.5030,FALSE POSITIVE,0.0000,3752.00,0.4970,1.267
,17.0421346,594.0,5.14,0.8540,FALSE POSITIVE,0.0000,5367.00,0.7730,0.784
,7.94671044,673.0,27.43,0.7890,FALSE POSITIVE,0.0000,4859.00,0.7020,1.255
,3.74781242,1172.0,38.04,1.0000,FALSE POSITIVE,0.0000,5780.00,1.0000,1.258
,192.667139,283.0,3.64,0.8630,CANDIDATE,0.9900,5401.00,0.8780,0.911
Kepler-882 b,3.989544192,903.0,0.93,0.7650,CONFIRMED,1.0000,5229.00,0.6880,0.085
Kepler-59 c,17.9776037,752.0,1.58,1.0660,CONFIRMED,1.0000,6296.00,1.0060,0.721
Kepler-59 b,11.8693144,864.0,1.09,1.0660,CONFIRMED,1.0000,6296.00,1.0060,0.73
Kepler-883 b,12.98494603,818.0,1.64,0.9300,CONFIRMED,1.0000,5948.00,1.0250,0.046
,7.300735516,1086.0,13.32,1.1690,FALSE POSITIVE,0.0040,6434.00,1.1380,0.446
Kepler-899 b,19.17893976,640.0,2.4,0.9790,CONFIRMED,1.0000,5767.00,0.8810,0.004
Kepler-900 b,6.99130452,716.0,1.95,0.8600,CONFIRMED,1.0000,4847.00,0.7610,0.74
,52.971584,402.0,29.02,0.8080,CANDIDATE,0.0000,5204.00,0.7890,1.259
Kepler-901 b,3.517494725,704.0,1.42,0.5780,CONFIRMED,1.0000,4132.00,0.5640,0.742
Kepler-923 b,6.93365167,1104.0,1.7,1.0100,CONFIRMED,0.9930,5861.00,1.3040,0.904
,5.91393977,1112.0,1.07,1.2080,CANDIDATE,,6194.00,1.1290,0.0896
Kepler-924 b,61.0373591,610.0,3.38,1.3580,CONFIRMED,0.9890,6309.00,1.6140,0.071
Kepler-925 b,33.8677783,394.0,2.31,0.6830,CONFIRMED,0.9910,4564.00,0.6910,0.787
,14.62399621,681.0,21.92,0.9070,CANDIDATE,1.0000,5753.00,0.8150,1.209
,1064.2680956,281.0,33.63,1.1740,FALSE POSITIVE,0.0000,6340.00,2.1730,0.447
,2.113202658,1281.0,207.71,0.8530,FALSE POSITIVE,0.0000,5482.00,0.8580,3.178
,9.771462706,799.0,10.15,0.9470,CANDIDATE,0.0000,5812.00,0.8530,0.946
,281.5628889,214.0,10.83,0.7550,CANDIDATE,0.9980,4810.00,0.7760,0
,1.157808038,1579.0,22.9,0.9750,FALSE POSITIVE,0.0000,5566.00,0.8860,1.203
,6.14281498,1355.0,1.82,1.1820,FALSE POSITIVE,0.0000,6495.00,1.5540,0.67
Kepler-884 b,5.69919592,964.0,1.16,0.9860,CONFIRMED,1.0000,5646.00,0.9320,0.007
Kepler-885 b,18.11473813,830.0,2.49,1.1940,CONFIRMED,0.9970,6109.00,1.3600,0.896
Kepler-886 b,6.24145791,1111.0,1.6,1.0260,CONFIRMED,1.0000,5810.00,1.2590,0.029
Kepler-887 b,20.4222447,785.0,1.78,1.1570,CONFIRMED,1.0000,6119.00,1.2990,0.059
Kepler-84 b,8.72585478,985.0,2.86,0.9870,CONFIRMED,0.9980,6036.00,1.1310,0.911
Kepler-84 c,12.88291395,865.0,3.15,0.9870,CONFIRMED,1.0000,6036.00,1.1310,0.962
Kepler-84 e,27.4345973,672.0,2.56,0.9870,CONFIRMED,1.0000,6036.00,1.1310,0.603
Kepler-84 d,4.22453631,1254.0,1.6,0.9870,CONFIRMED,0.9960,6036.00,1.1310,0.823
Kepler-84 f,44.5520266,572.0,2.29,0.9870,CONFIRMED,0.9960,6036.00,1.1310,0.689
Kepler-926 b,52.069002,524.0,2.92,1.0080,CONFIRMED,0.9940,5565.00,1.2460,0.275
Kepler-487 d,2.418406841,1226.0,2.25,0.8740,CONFIRMED,0.9960,5422.00,0.8870,0.018
,8.51170088,,,,CANDIDATE,,,,
,5.0825188,968.0,0.88,0.9300,FALSE POSITIVE,0.0000,5706.00,0.8340,0.522
,6.93910337,445.0,1.41,0.4500,CANDIDATE,1.0000,3638.00,0.4200,0.966
Kepler-927 b,9.11500269,906.0,1.78,1.0390,CONFIRMED,0.9970,5962.00,1.0280,0.675
,8.48031942,918.0,4.54,0.9830,FALSE POSITIVE,0.0000,5951.00,0.9910,0.918
Kepler-69 b,13.7223682,746.0,2.23,0.8130,CONFIRMED,1.0000,5637.00,0.9430,0.009
,3.582076914,1265.0,5.33,0.9500,FALSE POSITIVE,0.0000,6109.00,0.9930,0.966
Kepler-1668 b,15.43400996,721.0,4.3,1.0650,CONFIRMED,1.0000,5900.00,0.9510,0.707
,1.780984316,1397.0,2.33,0.9680,FALSE POSITIVE,0.0000,5730.00,0.8700,0.782
Kepler-887 c,7.63846084,1089.0,1.12,1.1570,CONFIRMED,0.9930,6119.00,1.2990,0.405
Kepler-888 b,70.6981724,417.0,1.63,0.9400,CONFIRMED,0.9560,5811.00,0.8660,0.026
Kepler-889 b,3.74443645,1328.0,1.1,1.1320,CONFIRMED,1.0000,5876.00,1.2930,0.169
,10.19154678,1144.0,1.39,1.1560,CANDIDATE,0.9240,6212.00,1.6840,0.659
,10.581581895,1098.0,53.19,1.0610,FALSE POSITIVE,0.0000,6168.00,1.5670,0.202
,2.819453322,1357.0,29.8,0.9000,FALSE POSITIVE,0.4880,5767.00,1.0740,0.532
,12.89006728,620.0,1.93,0.7810,CANDIDATE,0.9980,4915.00,0.8120,0.082
,23.210509958,595.0,21.19,0.8950,CANDIDATE,0.0000,5875.00,0.8090,0.954
Kepler-1756 b,2.35574505,1093.0,1.34,0.7810,CONFIRMED,0.9030,4915.00,0.8120,0.5
,4.74666128,865.0,1.3,0.7810,CANDIDATE,0.9960,4915.00,0.8120,0.441
Kepler-1757 b,19.65639342,549.0,2.83,0.8280,CONFIRMED,1.0000,5288.00,0.7400,0.955
,62.81584402,582.0,57.62,1.3790,FALSE POSITIVE,0.0000,6340.00,1.4920,1.31
Kepler-1764 b,70.468171,511.0,3.46,1.1620,CONFIRMED,0.3650,6461.00,1.1310,0.031
,56.86716792,,,,FALSE POSITIVE,,,,
Kepler-928 b,3.93246069,894.0,1.65,0.7560,CONFIRMED,1.0000,4841.00,0.7790,0.416
Kepler-929 b,0.921030497,2362.0,1.62,1.1150,CONFIRMED,1.0000,5843.00,1.6150,0.025
Kepler-314 c,5.960400011,890.0,2.85,0.9780,CONFIRMED,1.0000,5418.00,0.8860,0.8
Kepler-857 b,85.3514875,390.0,6.31,0.9660,CONFIRMED,0.9360,5584.00,0.9380,0.052
,23.02028478,604.0,7.58,1.0460,CANDIDATE,1.0000,5613.00,0.9560,0.794
Kepler-419 b,69.72646639,613.0,11.65,1.3980,CONFIRMED,0.9850,6430.00,1.7310,0.019
Kepler-1669 c,1.609321941,958.0,1.57,0.6090,CONFIRMED,1.0000,4224.00,0.6030,0.016
Kepler-1669 b,9.51220046,530.0,1.99,0.6090,CONFIRMED,0.9750,4224.00,0.6030,0.133
Kepler-1669 d,4.72941177,669.0,1.22,0.6090,CONFIRMED,0.9870,4224.00,0.6030,0.236
Kepler-3 b,4.887803076,800.0,4.82,0.8300,CONFIRMED,0.9130,4778.00,0.7630,0.054
Kepler-12 b,4.437962934,1338.0,18.05,1.0930,CONFIRMED,0.7610,5953.00,1.4150,0.069
Kepler-458 c,20.74028645,798.0,4.24,1.1290,CONFIRMED,0.9990,6226.00,1.2990,0.431
,1.207852845,1539.0,38.59,0.7910,FALSE POSITIVE,0.0000,5601.00,0.7970,1.113
,2.379282197,1571.0,25.74,1.2320,FALSE POSITIVE,0.7590,6392.00,1.1620,0.003
,26.0692512,591.0,23.61,0.7730,FALSE POSITIVE,0.0000,5585.00,0.9100,1.206
Kepler-308 b,9.69501146,833.0,2.08,1.0000,CONFIRMED,0.9640,5896.00,0.9140,0.293
Kepler-308 c,15.3825394,714.0,2.14,1.0000,CONFIRMED,1.0000,5896.00,0.9140,0.015
,1.818939148,1549.0,1.82,1.0360,FALSE POSITIVE,0.0000,6153.00,0.9620,0.56
Kepler-902 b,40.1097817,556.0,3.11,0.9180,CONFIRMED,1.0000,5509.00,1.1690,0.016
,0.708621057,1846.0,1.2,0.8740,CANDIDATE,0.9980,5422.00,0.8870,0.033
Kepler-314 b,2.46106962,1195.0,0.84,0.9780,CONFIRMED,0.9590,5418.00,0.8860,0.575
,3.403743926,1101.0,10.77,0.9060,FALSE POSITIVE,1.0000,5596.00,0.8530,1.075
Kepler-931 b,8.03753796,744.0,1.54,0.7640,CONFIRMED,1.0000,5044.00,0.8040,0.821
,2.43902575,2307.0,2.61,1.8520,FALSE POSITIVE,0.9830,6546.00,2.7840,0.483
Kepler-1752 b,56.3587987,419.0,5.04,0.8240,CONFIRMED,0.9990,5446.00,0.8210,0.906
Kepler-69 c,242.467406,286.0,1.73,0.8130,CONFIRMED,0.6930,5637.00,0.9430,0.173
,169.4976085,272.0,9.06,0.9000,CANDIDATE,0.9220,5270.00,0.7870,0.625
Kepler-858 b,76.13622222,399.0,4.78,0.9040,CONFIRMED,0.9610,5591.00,0.8920,0.044
,4.9883872,990.0,2.59,0.9100,FALSE POSITIVE,0.0000,5819.00,0.8230,0.939
,2.586878667,1666.0,19.84,1.1030,FALSE POSITIVE,0.0000,6812.00,1.1720,0.651
,3.964333304,1680.0,37.09,1.2580,FALSE POSITIVE,0.1860,5758.00,2.3180,0.094
,1.525924389,1722.0,49.86,1.0910,FALSE POSITIVE,0.0000,6203.00,1.0600,1.217
,5.910371418,1053.0,12.62,1.0290,FALSE POSITIVE,0.9260,6200.00,0.9580,0.065
,0.917568975,1748.0,11.92,1.0100,CANDIDATE,0.7330,5713.00,0.8930,0.667
Kepler-309 b,5.92365747,531.0,0.99,0.5180,CONFIRMED,1.0000,3883.00,0.4960,0.045
Kepler-309 c,105.3582299,204.0,1.87,0.5180,CONFIRMED,0.7380,3883.00,0.4960,0.75
Kepler-485 b,3.24325988,1243.0,12.91,1.0270,CONFIRMED,0.9980,5823.00,1.0130,0.117
,7.79668781,1116.0,2.44,1.3340,CANDIDATE,1.0000,6521.00,1.2760,0.005
Kepler-310 c,56.4758069,417.0,3.22,0.9520,CONFIRMED,0.9860,5497.00,0.8390,0.862
Kepler-310 d,92.8747294,353.0,2.64,0.9520,CONFIRMED,1.0000,5497.00,0.8390,0.917
Kepler-1650 b,1.538180949,602.0,1,0.2600,CONFIRMED,0.9990,3364.00,0.2740,0.932
Kepler-1765 b,10.4188915,855.0,3.17,0.9460,CONFIRMED,1.0000,5692.00,1.0640,0.856
Kepler-1670 b,20.4998763,731.0,2.8,1.1300,CONFIRMED,1.0000,6249.00,1.0760,0.943
Kepler-932 b,1.921437488,1276.0,1.77,0.7840,CONFIRMED,1.0000,5238.00,0.8510,0.919
Kepler-315 b,96.109323,409.0,4.01,0.8750,CONFIRMED,0.9980,5792.00,1.0050,0.948
Kepler-859 b,20.38174802,528.0,3.16,0.7790,CONFIRMED,1.0000,4883.00,0.8080,0.295
,7.00447892,754.0,1.19,0.7790,CANDIDATE,0.9770,4883.00,0.8080,0.139
Kepler-860 b,5.101375725,1050.0,2.84,1.0010,CONFIRMED,1.0000,5869.00,0.9540,0.027
,17.7940049,762.0,312.48,1.0990,FALSE POSITIVE,0.0000,6273.00,1.0440,3.72
,3.47021401,933.0,2.4,0.7260,FALSE POSITIVE,0.1330,4922.00,0.7440,0.076
,30.69395532,614.0,13.72,1.0860,CANDIDATE,1.0000,6137.00,1.0180,0.001
,2.139325409,1007.0,11.61,0.7170,FALSE POSITIVE,0.0000,4765.00,0.6660,1.019
,29.481061268,571.0,16.61,0.7620,CANDIDATE,0.0000,5631.00,0.9010,0.983
Kepler-458 b,572.376632,264.0,5.8,1.1290,CONFIRMED,0.0000,6226.00,1.2990,0.712
,2.233799622,1287.0,28.63,0.9380,FALSE POSITIVE,0.0000,5741.00,0.8460,1.249
,31.13862664,582.0,12.88,1.1140,FALSE POSITIVE,0.0000,5919.00,1.0000,0.889
Kepler-310 b,13.93068791,665.0,1.4,0.9520,CONFIRMED,1.0000,5497.00,0.8390,0.912
Kepler-1659 c,20.4074846,660.0,2.9,1.0200,CONFIRMED,0.9000,5823.00,0.9720,0.986
,12.36564669,804.0,24.89,1.0330,FALSE POSITIVE,0.0000,6075.00,0.9520,1.22
Kepler-903 b,10.35078415,842.0,1.97,0.9260,CONFIRMED,0.9990,5534.00,1.0800,0.79
Kepler-903 c,62.9224936,462.0,2.75,0.9260,CONFIRMED,0.8380,5534.00,1.0800,0.928
,32.7737631,686.0,5,1.0230,CANDIDATE,1.0000,5640.00,1.5340,0.971
Kepler-487 c,38.6520796,487.0,2.07,0.8740,CONFIRMED,0.0000,5422.00,0.8870,0.038
Kepler-933 b,14.20442616,602.0,1.9,0.7580,CONFIRMED,0.9970,5350.00,0.6780,0.011
Kepler-934 b,55.673582,384.0,2.19,0.8060,CONFIRMED,0.9910,4998.00,0.8080,0.274
Kepler-316 c,6.82778157,577.0,1.34,0.5870,CONFIRMED,1.0000,4198.00,0.5740,0.336
,0.687895191,1391.0,1.35,0.6370,FALSE POSITIVE,0.0000,4478.00,0.6510,0.018
Kepler-302 c,127.2824442,392.0,12.04,0.9740,CONFIRMED,1.0000,5733.00,1.1830,0.827
Kepler-481 b,10.06083238,899.0,2.58,0.9390,CONFIRMED,1.0000,5705.00,1.1400,0.672
Kepler-302 b,30.1837021,634.0,3.65,0.9740,CONFIRMED,1.0000,5733.00,1.1830,0.011
,2.92928244,2112.0,38.42,1.2530,FALSE POSITIVE,0.0000,6634.00,2.2510,1.14
,77.63424586,325.0,9.4,0.7340,CANDIDATE,0.9390,4812.00,0.7550,0.113
Kepler-890 b,52.75878505,540.0,8.76,1.2210,CONFIRMED,0.3310,6228.00,1.1370,0.344
,1.332564478,1618.0,27.04,0.9640,FALSE POSITIVE,0.0000,5995.00,0.8780,1.248
,41.0772969,523.0,3.25,0.7730,FALSE POSITIVE,0.0000,5665.00,0.9380,0.03
,135.9121619,370.0,40.18,0.9820,FALSE POSITIVE,0.0000,6141.00,0.9590,1.256
Kepler-341 e,42.4729078,539.0,2.03,0.9570,CONFIRMED,1.0000,5616.00,1.1110,0.361
Kepler-342 b,15.17026921,905.0,2.47,1.2470,CONFIRMED,0.9980,6297.00,1.3690,0.917
Kepler-342 d,39.4576228,658.0,2.8,1.2470,CONFIRMED,0.6030,6297.00,1.3690,0.967
Kepler-66 b,17.8159689,699.0,3.12,0.9680,CONFIRMED,1.0000,5964.00,0.9330,0.911
Kepler-1026 b,36.5157639,425.0,2.55,0.7720,CONFIRMED,1.0000,4847.00,0.7810,0.787
Kepler-1063 b,14.07969236,931.0,2.08,1.0920,CONFIRMED,1.0000,5821.00,1.5470,0.544
Kepler-1064 b,16.54081386,570.0,1.57,0.8060,CONFIRMED,0.9980,5064.00,0.7690,0.688
Kepler-1065 b,3.609313059,1092.0,3.26,0.9630,CONFIRMED,1.0000,5668.00,0.8680,0.408
Kepler-1066 b,1.93155546,1290.0,2.25,0.9570,CONFIRMED,1.0000,5461.00,0.8580,0.861
Kepler-353 c,8.41100305,472.0,1.8,0.5520,CONFIRMED,0.9780,3757.00,0.5390,0.905
Kepler-964 b,13.52252364,652.0,2.11,0.8750,CONFIRMED,1.0000,5338.00,0.8160,0.216
Kepler-965 b,134.2520474,393.0,3.43,0.9910,CONFIRMED,0.9870,5818.00,1.2000,0.001
Kepler-490 b,3.268695042,1597.0,16.91,1.1610,CONFIRMED,0.9990,5927.00,1.6910,0.065
Kepler-966 b,99.7468804,391.0,3.94,0.7970,CONFIRMED,1.0000,5620.00,0.9740,0.828
,22.84156293,557.0,30,0.8580,FALSE POSITIVE,0.0000,5381.00,0.8260,1.267
Kepler-492 b,11.720123999,660.0,7.94,0.7920,CONFIRMED,0.9980,5215.00,0.7700,0.623
Kepler-1002 b,4.33643506,1453.0,1.75,1.2750,CONFIRMED,1.0000,6180.00,1.6030,0.641
Kepler-330 c,15.95541913,573.0,2.18,0.7760,CONFIRMED,1.0000,4891.00,0.8050,0.314
Kepler-330 b,8.25980352,714.0,1.35,0.7760,CONFIRMED,0.9900,4891.00,0.8050,0.161
Kepler-1674 b,62.5613879,417.0,3.54,0.9370,CONFIRMED,1.0000,5662.00,0.8400,0.842
Kepler-343 b,8.96847034,1024.0,2.17,1.0540,CONFIRMED,1.0000,5808.00,1.3740,0.558
Kepler-1027 b,1.907810683,1268.0,0.91,0.9370,CONFIRMED,1.0000,5435.00,0.8240,0.41
,32.85862571,691.0,2.31,0.9950,CANDIDATE,1.0000,5899.00,1.4140,0.955
,48.118812545,490.0,45.18,0.9520,FALSE POSITIVE,0.0000,6003.00,0.8720,1.079
,2.229326354,1273.0,0.6,0.9140,CANDIDATE,1.0000,5587.00,0.8650,0.249
Kepler-1028 b,2.514628496,1217.0,1.27,0.9370,CONFIRMED,1.0000,5662.00,0.8400,0.247
Kepler-494 b,8.025118521,1093.0,7.79,1.0730,CONFIRMED,1.0000,6002.00,1.3690,0.454
Kepler-353 b,5.79529495,534.0,1.05,0.5520,CONFIRMED,1.0000,3757.00,0.5390,0.714
Kepler-1995 b,73.7578875,375.0,4.28,0.8470,CONFIRMED,0.9790,5029.00,0.9300,0.714
,8.56267266,768.0,2.26,0.8470,CANDIDATE,1.0000,5029.00,0.9300,0.335
Kepler-85 b,8.30537702,809.0,1.69,0.8700,CONFIRMED,1.0000,5435.00,0.8730,0.489
Kepler-967 b,13.22714056,638.0,2.22,0.8250,CONFIRMED,1.0000,5180.00,0.8000,0.013
Kepler-324 c,51.8098276,410.0,2.6,0.8440,CONFIRMED,1.0000,5191.00,0.8260,0.273
Kepler-324 b,4.38536428,935.0,1.15,0.8440,CONFIRMED,0.9500,5191.00,0.8260,0.335
Kepler-324 d,34.205785079,471.0,1.1,0.8440,CONFIRMED,0.8500,5191.00,0.8260,0.319
Kepler-324 e,13.97945055,635.0,1.97,0.8440,CONFIRMED,0.9800,5191.00,0.8260,0.924
Kepler-1003 b,3.554856338,1157.0,1.29,0.9310,CONFIRMED,1.0000,6068.00,0.8310,0.331
Kepler-1004 b,5.28790754,1661.0,7.1,1.4410,CONFIRMED,1.0000,4994.00,3.8180,0.474
Kepler-331 b,8.45746636,540.0,1.87,0.5370,CONFIRMED,1.0000,4347.00,0.5240,0.209
Kepler-331 c,17.28116957,425.0,2.04,0.5370,CONFIRMED,1.0000,4347.00,0.5240,0.206
Kepler-331 d,32.1340014,346.0,1.84,0.5370,CONFIRMED,0.2430,4347.00,0.5240,0.256
Kepler-1774 b,59.7711433,522.0,3.17,1.1010,CONFIRMED,0.9380,6214.00,1.1220,0.899
Kepler-1029 b,4.417692516,790.0,1.57,0.7230,CONFIRMED,1.0000,4766.00,0.6640,0.971
Kepler-1778 b,10.08744556,942.0,3.15,1.1430,CONFIRMED,1.0000,6310.00,1.0950,0.921
Kepler-1779 b,16.34355902,730.0,3.26,1.0080,CONFIRMED,1.0000,5730.00,1.0560,0.716
Kepler-344 b,21.96401646,643.0,2.57,0.9370,CONFIRMED,1.0000,5774.00,0.9580,0.483
Kepler-344 c,125.602323,360.0,2.89,0.9370,CONFIRMED,0.8990,5774.00,0.9580,0.065
Kepler-85 c,12.51353325,706.0,1.88,0.8700,CONFIRMED,1.0000,5435.00,0.8730,0.596
Kepler-85 d,17.9134215,626.0,1.39,0.8700,CONFIRMED,0.8890,5435.00,0.8730,0.832
Kepler-85 e,25.2149143,559.0,1.19,0.8700,CONFIRMED,0.9980,5435.00,0.8730,0.599
Kepler-1067 c,5.42586901,973.0,1.48,0.9810,CONFIRMED,0.9510,5594.00,0.9340,0.1
Kepler-1785 b,19.58561177,666.0,3.09,0.9110,CONFIRMED,1.0000,5618.00,0.9960,0.964
Kepler-325 b,4.544436472,1017.0,3,0.9190,CONFIRMED,1.0000,5445.00,0.9370,0.731
Kepler-325 c,12.76220558,721.0,3.18,0.9190,CONFIRMED,0.9740,5445.00,0.9370,0.955
Kepler-325 d,38.7149617,498.0,2.62,0.9190,CONFIRMED,0.9990,5445.00,0.9370,0.691
,8.78458274,1149.0,2.6,1.1610,FALSE POSITIVE,0.0000,5927.00,1.6910,0.681
Kepler-968 b,3.69298623,745.0,1.74,0.5750,CONFIRMED,1.0000,4402.00,0.5720,0.775
Kepler-433 b,5.334082429,1495.0,13.08,1.3730,CONFIRMED,1.0000,6332.00,1.9050,0.045
Kepler-1005 b,6.4980147,1026.0,1.87,0.9460,CONFIRMED,1.0000,5727.00,1.1040,0.92
Kepler-1006 b,19.76169247,791.0,2.81,1.0640,CONFIRMED,0.9750,6327.00,1.1750,0.924
Kepler-1007 b,5.18498961,652.0,1.15,0.5470,CONFIRMED,1.0000,4325.00,0.5600,0.021
Kepler-1775 b,85.6542476,522.0,3.56,1.1490,CONFIRMED,0.9560,5818.00,1.6470,0.012
Kepler-1030 b,19.32945602,529.0,2.26,0.8750,CONFIRMED,1.0000,5026.00,0.7630,0.009
,17.79108667,830.0,2.88,0.9200,CANDIDATE,0.9910,5855.00,1.3400,0.654
Kepler-1032 b,3.290114076,802.0,1.49,0.5800,CONFIRMED,1.0000,4484.00,0.5940,0.203
,2.086075752,1845.0,10.3,0.8620,FALSE POSITIVE,0.0000,6131.00,1.4170,0.914
Kepler-424 b,3.311864148,1116.0,9.06,1.0120,CONFIRMED,1.0000,5461.00,0.9370,0.905
,63.0732241,1077.0,17.8,2.3820,CANDIDATE,0.9940,6234.00,6.3540,0.746
Kepler-119 b,2.422084188,1213.0,3.55,0.9280,CONFIRMED,1.0000,5598.00,0.8300,0.058
Kepler-1786 b,78.5461106,501.0,3.55,1.0580,CONFIRMED,0.9830,5808.00,1.3970,0.044
Kepler-1068 b,16.92342126,702.0,3.4,1.0440,CONFIRMED,1.0000,5786.00,0.9900,0.515
Kepler-354 b,5.47665801,741.0,2.01,0.7040,CONFIRMED,1.0000,4650.00,0.7060,0.788
Kepler-326 c,4.580346161,889.0,1.38,0.8200,CONFIRMED,1.0000,5103.00,0.7890,0.384
Kepler-326 b,2.248288213,1127.0,1.25,0.8200,CONFIRMED,1.0000,5103.00,0.7890,0.004
Kepler-326 d,6.76690759,781.0,1.31,0.8200,CONFIRMED,1.0000,5103.00,0.7890,0.648
Kepler-969 b,34.1732156,465.0,2.37,0.9480,CONFIRMED,1.0000,5201.00,0.8340,0.815
Kepler-970 b,16.7364755,464.0,2.73,0.6460,CONFIRMED,1.0000,4334.00,0.6530,0.9
,137.8645881,170.0,15.9,0.4600,FALSE POSITIVE,0.0000,3645.00,0.4490,1.265
Kepler-1008 b,12.43929428,627.0,1.3,0.7420,CONFIRMED,0.9840,4987.00,0.7730,0.663
Kepler-332 b,7.62635494,703.0,1.21,0.7740,CONFIRMED,1.0000,4955.00,0.7210,0.237
,8.710442022,760.0,3.61,0.9000,CANDIDATE,1.0000,5416.00,0.8090,0.935
Kepler-1009 b,11.35010642,403.0,1.75,0.5220,CONFIRMED,1.0000,3597.00,0.5140,0.035
Kepler-1780 b,109.4450597,340.0,3.04,0.8680,CONFIRMED,1.0000,5403.00,0.8680,0.149
Kepler-1033 b,7.56052209,914.0,2.4,1.0260,CONFIRMED,0.9980,5895.00,0.9400,0.022
Kepler-1034 b,12.12401737,675.0,2.37,0.8130,CONFIRMED,1.0000,5094.00,0.8700,0.029
Kepler-345 c,9.38740646,575.0,1.69,0.7100,CONFIRMED,1.0000,4500.00,0.6460,0.946
Kepler-345 b,7.41556471,622.0,0.79,0.7100,CONFIRMED,1.0000,4500.00,0.6460,0.434
Kepler-354 d,24.2101973,451.0,1.5,0.7040,CONFIRMED,0.4000,4650.00,0.7060,0.45
Kepler-1069 b,23.8990075,823.0,3.26,1.1150,CONFIRMED,1.0000,5511.00,1.9300,0.153
Kepler-1070 b,6.22161107,1101.0,1.59,1.1480,CONFIRMED,1.0000,6277.00,1.0970,0.838
Kepler-1071 b,6.17998508,814.0,2.12,0.8110,CONFIRMED,1.0000,5149.00,0.7910,0.175
Kepler-1072 b,1.569066598,1849.0,1.68,1.0540,CONFIRMED,1.0000,5821.00,1.3950,0.097
Kepler-971 b,9.59068586,1087.0,3.93,0.8190,CONFIRMED,1.0000,5476.00,1.6730,0.359
Kepler-972 b,7.03932913,1060.0,4.67,1.0640,CONFIRMED,1.0000,5846.00,1.2400,0.956
Kepler-973 b,49.6075771,402.0,2.12,0.8580,CONFIRMED,0.9780,5187.00,0.7740,0.764
Kepler-1770 b,16.84183355,699.0,3.08,0.9410,CONFIRMED,1.0000,5602.00,1.0090,0.688
Kepler-74 b,7.340714946,1155.0,14.31,1.2680,CONFIRMED,0.9980,6056.00,1.4980,0.568
Kepler-333 b,12.55111099,480.0,1.34,0.6090,CONFIRMED,1.0000,4213.00,0.5980,0.519
Kepler-493 b,3.003879547,1438.0,10.96,1.2530,CONFIRMED,1.0000,6311.00,1.1720,0.338
Kepler-333 c,24.0884178,386.0,1.16,0.6090,CONFIRMED,1.0000,4213.00,0.5980,0.376
Kepler-334 c,12.75800092,822.0,1.49,0.9570,CONFIRMED,0.9990,5782.00,1.0950,0.011
Kepler-334 b,5.47033376,1090.0,1.15,0.9570,CONFIRMED,1.0000,5782.00,1.0950,0.074
Kepler-346 b,6.51112385,1008.0,3.09,1.0650,CONFIRMED,1.0000,6032.00,1.0010,0.882
Kepler-346 c,23.85163321,654.0,3.37,1.0650,CONFIRMED,1.0000,6032.00,1.0010,0.88
Kepler-1035 b,2.714078374,1301.0,1.38,1.0380,CONFIRMED,0.9980,5815.00,0.9920,0.868
Kepler-1036 b,122.8799543,326.0,2.7,0.8750,CONFIRMED,1.0000,5413.00,0.8610,0.872
Kepler-1781 b,4.88753111,1003.0,2.45,1.0530,CONFIRMED,1.0000,5568.00,0.9570,0.147
Kepler-1076 b,6.14728341,770.0,0.79,0.8060,CONFIRMED,0.9940,4997.00,0.7460,0.188
Kepler-1788 b,2.800111267,956.0,2.13,0.6860,CONFIRMED,1.0000,4786.00,0.7040,0.806
Kepler-1077 b,34.3511339,576.0,2.75,1.0450,CONFIRMED,1.0000,6091.00,0.9670,0.88
Kepler-495 b,3.413036353,1200.0,6.62,0.8880,CONFIRMED,1.0000,5392.00,1.0870,0.046
Kepler-1078 b,3.00725068,1122.0,1.56,0.8730,CONFIRMED,1.0000,5667.00,0.7810,0.897
Kepler-974 b,4.194496867,577.0,1.57,0.5550,CONFIRMED,1.0000,3706.00,0.5220,0.863
,6.35585682,503.0,0.86,0.5550,CANDIDATE,0.9740,3706.00,0.5220,0.912
Kepler-975 b,1.970340203,1599.0,3.97,0.9510,CONFIRMED,1.0000,4883.00,1.6670,0.859
Kepler-975 c,5.05821338,1168.0,10.69,0.9510,CONFIRMED,1.0000,4883.00,1.6670,1.004
Kepler-977 b,26.85323647,544.0,2.65,0.7860,CONFIRMED,1.0000,5329.00,0.8690,0.01
Kepler-334 d,25.0985083,656.0,1.59,0.9570,CONFIRMED,0.9870,5782.00,1.0950,0.814
Kepler-1010 b,34.2685741,477.0,2.44,0.8150,CONFIRMED,0.9950,5083.00,0.8720,0.677
Kepler-1011 b,5.75321539,920.0,3.14,1.0170,CONFIRMED,1.0000,5445.00,0.9290,0.921
Kepler-1012 b,5.50860699,934.0,1.49,0.8770,CONFIRMED,1.0000,5448.00,0.8830,0.879
Kepler-1013 b,18.93055119,766.0,4.41,0.9550,CONFIRMED,1.0000,5015.00,1.6430,0.583
,42.94386258,520.0,41.62,0.8080,FALSE POSITIVE,0.0000,5750.00,0.9400,1.285
Kepler-1677 b,22.06402,712.0,2.67,1.1740,CONFIRMED,0.9910,6232.00,1.0900,0.941
Kepler-1782 b,5.756245244,773.0,2.24,0.7940,CONFIRMED,1.0000,4931.00,0.7340,0.888
Kepler-1038 b,148.4601819,285.0,3.61,0.8680,CONFIRMED,0.9930,5159.00,0.8210,0.808
Kepler-1039 b,0.934885365,2080.0,3.21,0.9530,CONFIRMED,1.0000,4777.00,1.7950,0.731
Kepler-355 c,25.7626846,633.0,2.66,1.0020,CONFIRMED,0.8620,5739.00,1.0690,0.327
Kepler-355 b,11.0317836,840.0,1.45,1.0020,CONFIRMED,0.9950,5739.00,1.0690,0.405
Kepler-119 c,4.12511935,1016.0,0.88,0.9280,CONFIRMED,1.0000,5598.00,0.8300,0.253
,4.22464216,1279.0,4.31,1.2130,CANDIDATE,1.0000,6343.00,1.1400,0.913
Kepler-356 c,13.12162167,913.0,1.99,1.0940,CONFIRMED,0.9780,6140.00,1.2770,0.807
Kepler-978 b,49.6220669,546.0,3.33,1.0970,CONFIRMED,0.9990,5938.00,1.1840,0.939
Kepler-979 b,8.08801663,792.0,2.94,0.8700,CONFIRMED,1.0000,5269.00,0.8740,0.744
Kepler-980 b,11.55103848,845.0,2.17,1.0140,CONFIRMED,1.0000,5907.00,1.0580,0.493
Kepler-981 b,4.469754641,1103.0,2.26,1.0210,CONFIRMED,1.0000,5988.00,0.9340,0.494
Kepler-982 b,15.77382794,955.0,2.72,1.1500,CONFIRMED,1.0000,6283.00,1.5310,0.035
Kepler-335 b,6.56226483,1290.0,3.07,1.2120,CONFIRMED,1.0000,5878.00,1.8120,0.643
Kepler-336 d,20.67876365,749.0,2.42,1.0880,CONFIRMED,1.0000,5865.00,1.2720,0.665
Kepler-117 c,50.79034648,612.0,10.6,1.1020,CONFIRMED,0.9930,6163.00,1.4060,0.058
Kepler-336 c,9.59993246,967.0,2.08,1.0880,CONFIRMED,1.0000,5865.00,1.2720,0.063
Kepler-336 b,2.0248205,1625.0,1.01,1.0880,CONFIRMED,0.9330,5865.00,1.2720,0.248
Kepler-1040 b,201.118319,300.0,2.28,0.9290,CONFIRMED,0.8610,5646.00,0.9540,0.001
Kepler-1041 b,24.7577652,644.0,2.44,1.0430,CONFIRMED,1.0000,6106.00,0.9660,0.896
Kepler-347 b,12.7983174,908.0,2.88,1.0000,CONFIRMED,1.0000,5592.00,1.4510,0.738
Kepler-1042 b,10.13200555,574.0,1.67,0.5610,CONFIRMED,1.0000,4777.00,0.5610,0.03
Kepler-1043 b,38.505224,532.0,2.45,0.9040,CONFIRMED,1.0000,5974.00,0.8810,0.654
Kepler-356 b,4.6126736,1294.0,1.6,1.0940,CONFIRMED,0.9830,6140.00,1.2770,0.755
Kepler-1073 b,8.67890312,905.0,2.56,0.9240,CONFIRMED,0.9990,5509.00,1.1160,0.203
Kepler-1787 b,39.3135699,540.0,2.07,1.0080,CONFIRMED,1.0000,6060.00,0.9250,0.006
Kepler-1074 b,5.94565516,568.0,1.12,0.5810,CONFIRMED,1.0000,3974.00,0.5640,0.229
Kepler-1075 b,1.52373073,818.0,1.26,0.5160,CONFIRMED,1.0000,3746.00,0.5100,0.942
Kepler-491 b,4.225384543,1111.0,9,1.0250,CONFIRMED,0.9980,5574.00,1.0540,0.074
Kepler-983 b,60.0853848,485.0,2.4,1.1490,CONFIRMED,0.9970,6028.00,1.0470,0.79
Kepler-984 b,43.0343364,484.0,2.5,0.9060,CONFIRMED,0.9900,5550.00,0.9110,0.882
,46.2991052,592.0,4.33,0.8980,CANDIDATE,0.9990,5396.00,1.5070,0.025
Kepler-1771 b,88.6440015,391.0,2.51,0.9410,CONFIRMED,0.8620,5661.00,0.9340,0.724
Kepler-1776 b,35.01190875,603.0,2.97,1.0410,CONFIRMED,0.9990,5872.00,1.1530,0.927
Kepler-1014 b,16.57099265,614.0,2.03,0.8650,CONFIRMED,1.0000,5483.00,0.7790,0.55
Kepler-1015 b,16.00496657,1040.0,3.71,1.4120,CONFIRMED,1.0000,6384.00,1.9040,0.013
Kepler-1016 b,1.954525966,1540.0,2.38,1.0100,CONFIRMED,1.0000,5741.00,1.1360,0.673
,15.09521323,,,,CANDIDATE,,,,
Kepler-1017 b,7.23400381,831.0,1.78,0.8790,CONFIRMED,1.0000,5411.00,0.8500,0.032
Kepler-1044 b,6.77408984,1058.0,2.5,1.1800,CONFIRMED,1.0000,6246.00,1.0920,0.026
Kepler-118 c,20.172024672,564.0,6.24,0.8110,CONFIRMED,1.0000,5064.00,0.8640,0.334
Kepler-1045 b,26.41044199,512.0,2.45,0.8150,CONFIRMED,1.0000,5448.00,0.7340,0.674
Kepler-1783 b,8.27745764,1088.0,2.46,0.8870,CONFIRMED,1.0000,5129.00,1.7810,0.261
Kepler-1046 b,14.37504582,786.0,2.05,1.0230,CONFIRMED,1.0000,5931.00,1.0530,0.927
,6.31219171,1096.0,2.17,1.1240,CANDIDATE,1.0000,6322.00,1.0750,0.018
Kepler-1678 b,147.97391,329.0,3.33,0.9050,CONFIRMED,0.9970,5578.00,0.9500,0.034
Kepler-1079 b,13.24503482,887.0,1.77,0.9880,CONFIRMED,0.9750,5636.00,1.3900,0.498
Kepler-1080 b,77.2550726,548.0,3.7,1.2120,CONFIRMED,0.9370,6564.00,1.3560,0.837
Kepler-1081 b,3.85690686,972.0,0.93,0.9020,CONFIRMED,0.9000,5272.00,0.8130,0.466
Kepler-985 b,116.3311739,323.0,3.26,0.8680,CONFIRMED,1.0000,5354.00,0.8350,0.032
,86.049055,410.0,2.06,0.9810,CANDIDATE,,5733.00,0.9970,0.2597
Kepler-416 b,6.31943553,986.0,2.71,0.9490,CONFIRMED,1.0000,5670.00,1.0220,0.775
Kepler-416 c,12.20951755,791.0,2.61,0.9490,CONFIRMED,1.0000,5670.00,1.0220,0.779
Kepler-416 d,3.07644709,1253.0,1.61,0.9490,CONFIRMED,1.0000,5670.00,1.0220,0.708
,2.11913005,2090.0,1.35,1.3390,FALSE POSITIVE,0.9990,5799.00,2.3770,0.67
Kepler-409 b,68.958447,402.0,1.11,0.9020,CONFIRMED,0.9990,5455.00,0.8880,0.821
Kepler-117 b,18.79591276,852.0,7.39,1.1020,CONFIRMED,1.0000,6163.00,1.4060,0.695
,47.76397728,,,,FALSE POSITIVE,,,,
Kepler-1675 b,63.0380366,465.0,2.59,0.9760,CONFIRMED,0.9860,5798.00,1.0190,0.021
Kepler-337 c,9.69315023,1017.0,1.89,1.0140,CONFIRMED,1.0000,5683.00,1.4720,0.734
,8.48031229,952.0,2.58,0.9820,FALSE POSITIVE,0.0000,5910.00,1.0780,0.951
Kepler-1047 b,56.1886436,503.0,2.56,1.0710,CONFIRMED,0.9990,5700.00,1.1760,0.873
Kepler-1048 b,6.92101452,619.0,1.48,0.5710,CONFIRMED,1.0000,4461.00,0.5850,0.771
Kepler-1049 b,3.27344784,625.0,0.81,0.5280,CONFIRMED,1.0000,3758.00,0.4960,0.44
Kepler-1050 b,15.3789014,1039.0,2.94,1.2760,CONFIRMED,0.9990,5817.00,2.1530,0.359
Kepler-1662 b,134.4785189,412.0,10.52,0.9960,CONFIRMED,0.9990,5791.00,1.3360,0.924
,5.007414194,1114.0,8.8,1.0340,CANDIDATE,0.9990,5957.00,1.0420,0.926
,24.68662378,1149.0,48.04,0.9500,FALSE POSITIVE,0.0000,4648.00,5.1320,0.643
Kepler-950 b,98.7179332,360.0,6.99,0.8710,CONFIRMED,1.0000,5808.00,0.7860,0.588
Kepler-951 b,71.52543938,340.0,5.76,0.7690,CONFIRMED,0.9330,4855.00,0.7780,0.066
,17.50441726,824.0,3.56,0.9330,CANDIDATE,1.0000,5815.00,1.3290,0.006
Kepler-412 b,1.72086129,1647.0,13.25,1.0680,CONFIRMED,1.0000,5742.00,1.2150,0.725
Kepler-986 b,56.4349933,465.0,2.37,0.8800,CONFIRMED,0.3590,5534.00,1.0010,0.019
Kepler-1673 b,33.7888028,611.0,2.71,1.1220,CONFIRMED,1.0000,6202.00,1.0620,0.078
Kepler-1772 b,3.215109385,1155.0,1.54,0.9420,CONFIRMED,1.0000,5541.00,0.9340,0.954
Kepler-337 b,3.29276797,1458.0,1.39,1.0140,CONFIRMED,0.9980,5683.00,1.4720,0.663
Kepler-338 b,13.72710334,1005.0,2.38,1.0860,CONFIRMED,0.9990,5951.00,1.6930,0.025
Kepler-338 c,24.3110031,831.0,2.3,1.0860,CONFIRMED,0.9980,5951.00,1.6930,0.146
Kepler-338 d,44.4304059,680.0,2.61,1.0860,CONFIRMED,0.8960,5951.00,1.6930,0.025
Kepler-338 e,9.34145925,1143.0,1.56,1.0860,CONFIRMED,0.9960,5951.00,1.6930,0.455
Kepler-339 b,4.97760447,1023.0,1.75,0.8700,CONFIRMED,1.0000,5353.00,1.0230,0.474
Kepler-1050 c,21.1285655,935.0,2.88,1.2760,CONFIRMED,0.9740,5817.00,2.1530,0.36
,24.4851178,1179.0,7.14,1.4200,FALSE POSITIVE,0.0000,6655.00,2.9950,0.987
Kepler-118 b,7.51854537,784.0,1.42,0.8110,CONFIRMED,0.9920,5064.00,0.8640,0.13
,86.7490807,398.0,2.23,0.9010,CANDIDATE,0.9360,5579.00,0.9700,0.003
Kepler-1051 b,25.96190067,850.0,3.25,1.3370,CONFIRMED,0.8790,6369.00,1.7290,0.02
Kepler-952 b,130.3543929,369.0,7.7,1.0890,CONFIRMED,0.9990,5970.00,1.0150,0.675
Kepler-41 b,1.855557556,1436.0,10.05,0.9030,CONFIRMED,1.0000,5657.00,0.9470,0.554
,3.261759866,1262.0,8.01,1.0230,CANDIDATE,1.0000,6131.00,0.9450,0.949
,3.364425589,1106.0,56.83,0.8550,FALSE POSITIVE,0.0030,5813.00,0.7750,1.597
Kepler-954 b,16.78175788,545.0,2.25,0.7780,CONFIRMED,1.0000,4925.00,0.7420,0.502
Kepler-987 b,105.3035093,351.0,3.18,0.9140,CONFIRMED,1.0000,5534.00,0.8750,0.027
Kepler-327 b,2.549562652,682.0,1.11,0.5130,CONFIRMED,1.0000,3716.00,0.5060,0.047
Kepler-327 d,13.96950181,387.0,2.04,0.5130,CONFIRMED,1.0000,3716.00,0.5060,0.901
Kepler-327 c,5.21230171,537.0,1.04,0.5130,CONFIRMED,1.0000,3716.00,0.5060,0.187
Kepler-988 b,17.76076524,368.0,1.93,0.5400,CONFIRMED,1.0000,3826.00,0.5160,0.627
Kepler-339 d,10.55840479,796.0,1.41,0.8700,CONFIRMED,0.9820,5353.00,1.0230,0.31
,20.92735802,735.0,17.36,1.0210,CANDIDATE,0.0000,6126.00,1.1090,0.991
Kepler-339 c,6.98800953,914.0,1.39,0.8700,CONFIRMED,0.9670,5353.00,1.0230,0.024
Kepler-340 c,22.8245144,946.0,3.36,1.4210,CONFIRMED,0.9440,6642.00,1.8460,0.279
Kepler-1018 b,49.1011093,498.0,3.28,0.8950,CONFIRMED,0.9990,5393.00,1.1100,0.52
Kepler-348 b,7.05675145,1196.0,1.68,1.2590,CONFIRMED,0.9890,6388.00,1.4020,0.631
Kepler-1052 b,34.8536903,522.0,2.4,0.9370,CONFIRMED,0.9960,5818.00,0.8480,0.493
Kepler-1053 b,2.41434868,953.0,0.97,0.7150,CONFIRMED,1.0000,4507.00,0.7240,0.221
,2.466070972,1260.0,24.3,0.9630,FALSE POSITIVE,0.9980,5708.00,0.8840,1.223
Kepler-1054 b,4.30656389,1177.0,1.95,1.1320,CONFIRMED,1.0000,6108.00,1.0300,0.894
,12.964717746,834.0,39.93,1.0930,FALSE POSITIVE,0.0000,6210.00,1.0330,1.282
,1.731079436,1541.0,56.05,1.0380,FALSE POSITIVE,0.4600,6045.00,0.9550,1.404
Kepler-447 b,7.794302043,882.0,16.51,0.8930,CONFIRMED,1.0000,5494.00,0.9820,1.06
Kepler-955 b,14.5324483,664.0,3.11,0.8020,CONFIRMED,1.0000,5345.00,0.8600,0.001
Kepler-956 b,5.248667607,1056.0,2.84,1.0210,CONFIRMED,1.0000,5807.00,1.0120,0.847
Kepler-989 b,7.96431492,805.0,2.44,0.8310,CONFIRMED,1.0000,5185.00,0.9100,0.189
Kepler-1996 c,92.7297248,276.0,2.81,0.7480,CONFIRMED,0.9980,4580.00,0.6750,0.857
Kepler-17 b,1.485710994,1562.0,14.48,1.0210,CONFIRMED,1.0000,5624.00,1.0180,0.105
,30.5231459,506.0,11.26,0.8850,CANDIDATE,1.0000,5518.00,0.7900,1.06
Kepler-328 c,71.3116598,475.0,4.94,1.1610,CONFIRMED,0.9890,6194.00,1.0690,0.035
,28.78270955,443.0,2.11,0.7700,CANDIDATE,1.0000,4774.00,0.7450,0.002
,15.44428875,731.0,37.58,1.1050,FALSE POSITIVE,0.0000,5895.00,0.9910,1.275
Kepler-1019 b,1.411230023,1164.0,1.71,0.7260,CONFIRMED,0.9720,4575.00,0.7370,0.851
Kepler-1020 b,96.9151707,325.0,2.37,0.8260,CONFIRMED,1.0000,5162.00,0.7910,0.541
Kepler-1021 b,13.47472742,634.0,1.96,0.8210,CONFIRMED,1.0000,5395.00,0.7340,0.025
Kepler-1055 b,2.29503515,1304.0,1.18,0.9140,CONFIRMED,1.0000,5637.00,0.9090,0.16
Kepler-1056 b,27.495634,590.0,2.11,0.7620,CONFIRMED,1.0000,5657.00,0.9110,0.664
Kepler-1057 b,14.08826442,724.0,2.66,0.9900,CONFIRMED,1.0000,5853.00,0.8950,0.133
Kepler-71 b,3.905081685,1046.0,12.78,0.9970,CONFIRMED,0.9990,5543.00,0.8870,0.131
Kepler-1058 b,110.9643706,239.0,2.11,0.5380,CONFIRMED,0.9960,4441.00,0.5460,0.729
,4.539297295,830.0,2.34,0.7830,CANDIDATE,1.0000,4914.00,0.7240,0.83
Kepler-319 c,6.94135824,876.0,2.96,0.8750,CONFIRMED,1.0000,5527.00,0.8800,0.871
Kepler-489 b,17.276296682,538.0,7.31,0.7900,CONFIRMED,0.9900,4941.00,0.7380,0.085
Kepler-319 d,31.7821117,528.0,2.08,0.8750,CONFIRMED,1.0000,5527.00,0.8800,0.17
Kepler-319 b,4.36273233,1023.0,1.76,0.8750,CONFIRMED,1.0000,5527.00,0.8800,0.732
Kepler-329 c,18.6848377,402.0,1.93,0.5590,CONFIRMED,1.0000,4156.00,0.5450,0.405
Kepler-329 b,7.41634701,547.0,1.24,0.5590,CONFIRMED,1.0000,4156.00,0.5450,0.476
Kepler-990 b,9.91724268,903.0,2.85,0.9320,CONFIRMED,1.0000,5539.00,1.2070,0.786
Kepler-991 b,82.5341188,260.0,2.45,0.5840,CONFIRMED,0.8540,4316.00,0.5800,0.033
Kepler-992 b,20.16037858,510.0,1.75,0.8180,CONFIRMED,1.0000,4975.00,0.7240,0.941
Kepler-1022 b,10.99470891,512.0,1.71,0.5730,CONFIRMED,1.0000,4302.00,0.5860,0.265
,6.73679732,,,,CANDIDATE,,,,
,124.03589939,413.0,11.13,1.0470,CANDIDATE,0.9980,5822.00,1.2800,0.075
,1.194812329,1806.0,1.36,1.0240,FALSE POSITIVE,0.0000,6198.00,0.9700,0.404
Kepler-1978 b,10.84969477,676.0,2.67,0.8690,CONFIRMED,1.0000,5251.00,0.7780,0.55
Kepler-1777 b,12.18420006,819.0,2.59,0.9840,CONFIRMED,1.0000,5771.00,1.0680,0.746
Kepler-1059 b,3.76417012,908.0,1.7,0.8130,CONFIRMED,1.0000,5063.00,0.7280,0.287
Kepler-349 b,5.92972237,972.0,1.92,1.0350,CONFIRMED,1.0000,5741.00,0.9560,0.048
Kepler-349 c,12.2476121,763.0,1.9,1.0350,CONFIRMED,1.0000,5741.00,0.9560,0.116
Kepler-1784 b,13.59051547,724.0,2.4,0.8870,CONFIRMED,0.9990,5442.00,0.9740,0.232
Kepler-1060 b,46.8776724,484.0,2.62,0.9430,CONFIRMED,0.9900,5504.00,0.9930,0.834
Kepler-1769 b,89.1935737,483.0,3.81,1.0610,CONFIRMED,0.9720,6071.00,1.2950,0.015
Kepler-321 c,13.09390911,752.0,2.2,1.0220,CONFIRMED,0.3710,5772.00,0.9560,0.86
Kepler-321 b,4.915385452,1042.0,1.46,1.0220,CONFIRMED,0.4040,5772.00,0.9560,0.484
,87.455958,728.0,70.11,1.6920,FALSE POSITIVE,0.0000,7700.00,2.1110,1.262
,0.805259257,2723.0,63.55,1.2560,FALSE POSITIVE,0.0000,5872.00,2.0220,1.245
Kepler-958 b,9.76785911,749.0,2.54,0.8640,CONFIRMED,1.0000,5371.00,0.8520,0.916
Kepler-1773 b,40.80957343,623.0,3.44,1.2410,CONFIRMED,1.0000,6183.00,1.3000,0.949
Kepler-993 b,22.08551599,352.0,3.34,0.6000,CONFIRMED,1.0000,3828.00,0.5650,0.656
Kepler-994 b,1.151166776,957.0,1.28,0.5610,CONFIRMED,1.0000,3951.00,0.5350,0.029
,4.693305543,1389.0,17.85,1.3120,FALSE POSITIVE,0.2690,6365.00,1.4700,0.23
Kepler-44 b,3.246732048,1459.0,12.4,1.0930,CONFIRMED,1.0000,5763.00,1.4570,0.475
,8.3606759,929.0,1.49,0.9840,FALSE POSITIVE,0.0000,5771.00,1.0680,0.259
Kepler-1023 b,62.1385979,524.0,5.14,0.9410,CONFIRMED,0.9920,5123.00,1.6210,0.699
,17.1181036,654.0,1.22,1.0310,CANDIDATE,,5576.00,0.9290,0.4346
,8.29482811,876.0,2.76,0.9670,CANDIDATE,1.0000,5773.00,0.9390,0.932
,26.635216,536.0,27.64,0.8080,FALSE POSITIVE,0.0000,5215.00,0.8820,1.242
Kepler-350 c,17.84850835,888.0,3.29,1.1110,CONFIRMED,1.0000,6188.00,1.4650,0.849
Kepler-350 d,26.1363443,782.0,2.8,1.1110,CONFIRMED,0.9980,6188.00,1.4650,0.187
Kepler-350 b,11.1895709,1037.0,1.81,1.1110,CONFIRMED,0.9960,6188.00,1.4650,0.541
Kepler-1061 b,2.757977384,1332.0,1.69,0.9940,CONFIRMED,1.0000,5919.00,1.0000,0.875
,18.692860599,528.0,14.81,0.7320,FALSE POSITIVE,0.0000,5190.00,0.6600,0.116
Kepler-959 b,14.80075082,1912.0,17.38,2.6460,CONFIRMED,1.0000,6327.00,7.6630,0.367
Kepler-960 b,3.126861192,1391.0,5.12,0.9700,CONFIRMED,1.0000,4854.00,1.7490,0.603
,87.24250316,390.0,15.86,1.0540,FALSE POSITIVE,0.0000,5671.00,0.9550,0.884
,10.240611361,656.0,3.9,0.6280,CANDIDATE,1.0000,5227.00,0.6400,0.786
Kepler-961 b,16.87725775,642.0,2.54,0.9010,CONFIRMED,1.0000,5497.00,0.8720,0.516
Kepler-962 b,12.05705659,689.0,1.96,0.8730,CONFIRMED,1.0000,5365.00,0.8340,0.548
Kepler-995 b,28.26727385,517.0,2.93,0.8200,CONFIRMED,1.0000,5132.00,0.8860,0.01
Kepler-996 b,3.770590654,1272.0,2.13,0.9990,CONFIRMED,1.0000,5714.00,1.2080,0.24
Kepler-997 b,2.7073064,1709.0,1.36,1.1330,CONFIRMED,0.9990,6045.00,1.6290,0.007
,23.11707222,548.0,4.37,0.7390,CANDIDATE,0.0110,5275.00,0.7960,0.807
,4.77502117,926.0,1.73,0.7390,CANDIDATE,0.9890,5275.00,0.7960,0.518
Kepler-1024 b,66.4159789,376.0,3.44,0.8510,CONFIRMED,0.8940,5383.00,0.7590,0.371
Kepler-341 c,8.0103929,940.0,1.88,0.9570,CONFIRMED,0.9970,5616.00,1.1110,0.045
,5.69590202,1043.0,6.61,1.0130,CANDIDATE,1.0000,6106.00,0.9400,0.049
Kepler-341 d,27.6666375,622.0,2.04,0.9570,CONFIRMED,0.9670,5616.00,1.1110,0.519
Kepler-341 b,5.19559398,1085.0,1.18,0.9570,CONFIRMED,1.0000,5616.00,1.1110,0.054
Kepler-351 c,57.2488518,431.0,3.19,0.9100,CONFIRMED,0.9980,5642.00,0.8460,0.022
Kepler-351 b,37.0551726,498.0,3.19,0.9100,CONFIRMED,1.0000,5642.00,0.8460,0.884
Kepler-352 c,16.33269981,591.0,1.61,0.7960,CONFIRMED,1.0000,5208.00,0.7720,0.893
Kepler-352 b,10.05550267,694.0,0.92,0.7960,CONFIRMED,1.0000,5208.00,0.7720,0.061
Kepler-1062 b,9.30413878,583.0,1.67,0.6450,CONFIRMED,1.0000,4458.00,0.6580,0.488
Kepler-322 c,4.33722007,996.0,1.63,0.8830,CONFIRMED,1.0000,5390.00,0.8760,0.053
Kepler-322 b,1.653889476,1373.0,0.97,0.8830,CONFIRMED,0.9730,5390.00,0.8760,0.226
Kepler-1672 b,150.8783198,423.0,4.37,1.0990,CONFIRMED,1.0000,5504.00,1.7370,0.022
Kepler-323 c,3.553831111,1292.0,1.62,0.9980,CONFIRMED,1.0000,6015.00,1.0810,0.74
Kepler-323 b,1.6783263,1659.0,1.57,0.9980,CONFIRMED,1.0000,6015.00,1.0810,0.91
Kepler-998 b,5.65378163,1020.0,1.82,1.0210,CONFIRMED,1.0000,5988.00,0.9340,0.439
Kepler-999 b,5.99185827,1355.0,2.75,1.1730,CONFIRMED,1.0000,6157.00,1.6950,0.905
Kepler-1000 b,120.0183551,473.0,4.54,1.4060,CONFIRMED,0.9780,6469.00,1.4670,0.58
Kepler-1001 b,14.30517579,693.0,3.05,0.9380,CONFIRMED,1.0000,5741.00,0.8460,0.924
Kepler-1001 c,9.18189122,804.0,2.17,0.9380,CONFIRMED,0.9760,5741.00,0.8460,0.971
,2.64622742,1082.0,0.99,0.8120,CANDIDATE,0.9920,5167.00,0.7870,0.478
Kepler-1814 b,2.935362067,1022.0,3.15,0.7900,CONFIRMED,1.0000,4922.00,0.8230,0.86
Kepler-1158 b,13.53953595,1079.0,2.32,1.4060,CONFIRMED,0.9990,6109.00,1.9970,0.219
Kepler-1159 b,22.7082375,677.0,1.72,1.0630,CONFIRMED,1.0000,6170.00,0.9920,0.032
Kepler-1160 b,7.97033985,839.0,1.81,0.9070,CONFIRMED,0.9960,5774.00,0.8180,0.107
,5.33459393,627.0,0.79,0.5250,FALSE POSITIVE,0.0000,4275.00,0.5330,0.158
Kepler-1195 b,8.49640437,702.0,2.14,0.7070,CONFIRMED,1.0000,5093.00,0.7090,0.628
Kepler-1196 b,66.1843646,436.0,2.72,0.9770,CONFIRMED,0.9980,5640.00,0.9780,0.877
Kepler-1197 b,2.032318856,1011.0,1.12,0.7610,CONFIRMED,1.0000,4670.00,0.6820,0.009
,65.18703725,,,,CANDIDATE,,,,
Kepler-501 c,3.62275506,1304.0,1.62,1.0320,CONFIRMED,0.9970,5794.00,1.2160,0.007
Kepler-1096 b,2.892216772,794.0,1.31,0.6250,CONFIRMED,0.9980,4229.00,0.6150,0.806
Kepler-1097 b,187.746606,267.0,2.95,0.7340,CONFIRMED,0.9960,5303.00,0.7530,0.015
Kepler-1098 b,2.543063763,1319.0,1.26,0.9450,CONFIRMED,0.9990,5579.00,1.0290,0.215
Kepler-121 b,3.177414601,997.0,2.65,0.7850,CONFIRMED,1.0000,5303.00,0.7080,0.786
Kepler-1099 b,2.168451063,1558.0,2.41,1.0770,CONFIRMED,1.0000,6153.00,1.1090,0.207
Kepler-367 b,37.8154157,401.0,1.21,0.7900,CONFIRMED,0.9990,4856.00,0.7050,0.533
Kepler-367 c,53.5783052,357.0,1.16,0.7900,CONFIRMED,0.0000,4856.00,0.7050,0.769
,6.69332825,609.0,2.44,0.6490,CANDIDATE,0.9730,4245.00,0.6370,0.952
Kepler-1802 c,33.1362861,357.0,2.05,0.6490,CONFIRMED,0.9930,4245.00,0.6370,0.791
Kepler-1802 b,7.72513619,581.0,1.71,0.6490,CONFIRMED,0.9930,4245.00,0.6370,0.954
Kepler-1161 b,10.71253475,485.0,2.02,0.5610,CONFIRMED,1.0000,4175.00,0.5440,0.72
Kepler-1162 b,32.5635249,490.0,2.05,0.8610,CONFIRMED,1.0000,5225.00,0.8590,0.371
Kepler-1815 b,12.19140405,763.0,2.46,0.8560,CONFIRMED,1.0000,5516.00,0.9670,0.091
Kepler-1163 b,6.11784972,1211.0,1.05,1.1430,CONFIRMED,1.0000,6226.00,1.3330,0.391
Kepler-1164 b,3.97599629,936.0,1.11,0.8030,CONFIRMED,0.9970,5143.00,0.7780,0.331
Kepler-1198 b,7.68478504,830.0,1.47,0.8840,CONFIRMED,1.0000,5344.00,0.9070,0.045
,0.990516282,2841.0,3.52,1.1940,FALSE POSITIVE,0.0130,5975.00,2.3990,0.989
Kepler-1199 b,15.0447098,931.0,1.51,0.8990,CONFIRMED,1.0000,5798.00,1.5250,0.022
,29.0726293,614.0,2.32,0.9280,CANDIDATE,0.0560,5799.00,1.0420,0.682
Kepler-1200 b,1.118547814,1174.0,0.98,0.7250,CONFIRMED,0.9990,4496.00,0.6580,0.221
Kepler-1100 b,6.42199919,1000.0,1.25,1.0300,CONFIRMED,1.0000,5985.00,0.9810,0.281
Kepler-1679 b,9.75374033,813.0,1.87,0.9960,CONFIRMED,1.0000,5806.00,0.8990,0.295
Kepler-1101 b,81.3153052,393.0,2.55,0.8520,CONFIRMED,0.9790,5325.00,0.9750,0.013
Kepler-1102 b,51.3283527,546.0,3.06,1.0270,CONFIRMED,0.9980,6119.00,1.1190,0.582
Kepler-1103 b,19.7919389,736.0,2.58,1.0840,CONFIRMED,1.0000,6285.00,1.0390,0.954
Kepler-368 b,26.8475962,800.0,3.2,1.1360,CONFIRMED,0.9890,5508.00,1.9880,0.457
Kepler-1132 b,62.8917493,384.0,2.5,0.8050,CONFIRMED,1.0000,5052.00,0.8550,0.632
Kepler-369 c,14.87149773,391.0,1.59,0.5610,CONFIRMED,0.9980,3825.00,0.5240,0.018
Kepler-369 b,2.732767897,687.0,1.42,0.5610,CONFIRMED,0.9920,3825.00,0.5240,0.748
,119.8401019,255.0,26.96,0.7330,FALSE POSITIVE,0.0000,4602.00,0.6750,1.269
Kepler-498 b,9.61375316,931.0,3.27,1.0370,CONFIRMED,1.0000,5997.00,1.1100,0.604
,6.6254781,828.0,0.9,0.7990,CANDIDATE,,5211.00,0.8320,0.2113
Kepler-1165 c,29.9685917,644.0,1.91,1.1300,CONFIRMED,0.9620,6249.00,1.0760,0.282
Kepler-1166 b,33.2407985,486.0,1.51,0.9280,CONFIRMED,0.9990,5382.00,0.8270,0.231
,2.97600846,1892.0,2.27,1.2560,FALSE POSITIVE,0.0000,6208.00,2.0880,0.715
Kepler-1201 b,15.18727049,789.0,1.94,0.9560,CONFIRMED,0.9910,6136.00,1.0050,0.839
Kepler-1202 b,28.6853212,547.0,2.69,0.9300,CONFIRMED,0.9990,5726.00,0.8380,0.922
Kepler-1203 b,0.588001053,1188.0,0.99,0.5760,CONFIRMED,0.1500,3814.00,0.5700,0.403
Kepler-1204 b,85.7357202,448.0,2.94,1.0540,CONFIRMED,0.9900,6096.00,1.0770,0.033
Kepler-1205 b,1.078389713,1667.0,1.98,0.8570,CONFIRMED,1.0000,5325.00,0.9850,0.846
Kepler-1104 b,5.03728033,1321.0,1.55,1.3060,CONFIRMED,0.9980,6387.00,1.3810,0.96
Kepler-360 b,3.289726319,1116.0,1.37,0.9370,CONFIRMED,1.0000,5463.00,0.9100,0.052
Kepler-360 c,7.18644594,860.0,2.19,0.9370,CONFIRMED,1.0000,5463.00,0.9100,0.892
Kepler-417 c,15.94248453,616.0,2.62,0.8970,CONFIRMED,1.0000,5376.00,0.8060,0.022
Kepler-121 c,41.0081117,425.0,2.64,0.7850,CONFIRMED,1.0000,5303.00,0.7080,0.878
Kepler-1133 b,11.55562042,703.0,2.11,0.9450,CONFIRMED,0.9900,5420.00,0.8500,0.874
Kepler-1804 b,12.2885046,913.0,3.22,0.9290,CONFIRMED,1.0000,5109.00,1.6710,0.632
Kepler-1134 b,17.13263125,611.0,2.31,0.8760,CONFIRMED,0.9690,5477.00,0.7940,0.298
Kepler-370 c,19.0231361,647.0,2.04,0.9550,CONFIRMED,1.0000,5569.00,0.9540,0.698
Kepler-370 b,4.57948235,1040.0,1.35,0.9550,CONFIRMED,1.0000,5569.00,0.9540,0.055
Kepler-1167 b,1.003931703,1419.0,1.6,0.7150,CONFIRMED,1.0000,4949.00,0.7410,0.023
,0.614083885,2603.0,2.55,1.3340,FALSE POSITIVE,0.0000,6521.00,1.2760,0.106
Kepler-1168 b,55.8224775,379.0,2.13,0.8170,CONFIRMED,0.9980,5162.00,0.7360,0.031
,1.34145255,3015.0,1.31,1.7540,CANDIDATE,0.0360,7495.00,2.3890,0.68
Kepler-1169 b,6.11010439,1125.0,0.93,1.2700,CONFIRMED,0.9990,6213.00,1.1950,0.284
Kepler-502 b,4.286866229,1217.0,4.14,1.1070,CONFIRMED,0.0070,6228.00,1.0490,0.757
Kepler-1828 b,10.27380957,799.0,1.68,0.9960,CONFIRMED,1.0000,5806.00,0.8990,0.125
Kepler-381 c,13.39155154,1180.0,1.58,1.1980,CONFIRMED,1.0000,6197.00,2.1880,0.539
Kepler-381 b,5.62904396,1576.0,1.39,1.1980,CONFIRMED,1.0000,6197.00,2.1880,0.237
Kepler-381 d,8.2562857,1387.0,1.49,1.1980,CONFIRMED,1.0000,6197.00,2.1880,0.816
Kepler-417 b,12.33087921,671.0,2.34,0.8970,CONFIRMED,1.0000,5376.00,0.8060,0.011
Kepler-1105 b,4.421566535,729.0,2.19,0.7130,CONFIRMED,1.0000,4299.00,0.6970,0.869
Kepler-67 b,15.72585941,602.0,2.69,0.8240,CONFIRMED,0.9990,5332.00,0.7550,0.122
Kepler-1106 b,1.252753881,2199.0,2.44,1.1650,CONFIRMED,1.0000,5907.00,1.7050,0.4
Kepler-1795 b,13.36019864,520.0,1.84,0.7680,CONFIRMED,1.0000,4500.00,0.6880,0.534
Kepler-1135 b,76.957056,451.0,2.09,0.9120,CONFIRMED,0.9780,5878.00,1.0410,0.638
,14.97974335,620.0,3.79,0.8030,CANDIDATE,1.0000,5062.00,0.8530,0.93
,6.7445683,983.0,0.86,0.9740,CANDIDATE,,6106.00,0.9230,0.1199
,33.35859852,459.0,4.44,0.7630,CANDIDATE,0.9750,5009.00,0.7990,0.937
Kepler-1805 b,8.84784273,479.0,1.15,0.5810,CONFIRMED,1.0000,3867.00,0.5520,0.047
Kepler-1170 b,9.98970266,705.0,2.48,0.9100,CONFIRMED,0.9990,5265.00,0.8100,0.005
Kepler-499 b,5.63252508,844.0,2.04,0.8960,CONFIRMED,1.0000,5216.00,0.8040,0.455
Kepler-1171 b,1.442592305,2700.0,2.67,1.4620,CONFIRMED,1.0000,7216.00,2.0430,0.207
Kepler-376 c,14.17222858,873.0,2.39,0.9980,CONFIRMED,0.9970,5845.00,1.3140,0.869
Kepler-376 b,4.92031063,1242.0,1.18,0.9980,CONFIRMED,0.9910,5845.00,1.3140,0.242
Kepler-1830 b,56.4931698,681.0,4.43,1.4430,CONFIRMED,0.9730,6160.00,2.0460,0.707
Kepler-124 c,13.82142084,560.0,2.2,0.7150,CONFIRMED,1.0000,4983.00,0.6510,0.904
,2.30367952,1384.0,1.3,0.9610,FALSE POSITIVE,0.0060,6191.00,0.8650,0.964
Kepler-1831 b,5.78387049,1051.0,2.07,1.1170,CONFIRMED,1.0000,6063.00,1.0120,0.227
Kepler-1208 b,11.08507658,665.0,2.5,0.7920,CONFIRMED,0.9970,5080.00,0.7930,0.819
Kepler-1107 b,0.571038347,1897.0,1.65,0.8200,CONFIRMED,1.0000,5132.00,0.8860,0.876
Kepler-1680 b,8.77425786,771.0,1.75,0.8320,CONFIRMED,1.0000,5146.00,0.9050,0.917
Kepler-1108 b,4.51005082,1063.0,1.74,0.8730,CONFIRMED,0.0000,5362.00,1.0320,0.115
Kepler-1109 b,37.6468519,787.0,5.37,1.4100,CONFIRMED,1.0000,5443.00,2.6520,0.008
Kepler-1796 b,29.4557841,598.0,2.19,1.0180,CONFIRMED,1.0000,6036.00,0.9490,0.018
Kepler-122 c,12.466004437,897.0,5.65,0.9950,CONFIRMED,1.0000,6038.00,1.1910,0.209
Kepler-1136 b,2.361724472,922.0,1.53,0.6370,CONFIRMED,1.0000,4478.00,0.6510,0.009
Kepler-371 b,34.7630543,554.0,1.75,0.8020,CONFIRMED,0.9910,5670.00,0.9500,0.731
Kepler-372 c,20.0545282,755.0,2.63,1.1470,CONFIRMED,0.9980,6056.00,1.2090,0.939
Kepler-1138 b,3.17059731,1080.0,1.69,0.9450,CONFIRMED,1.0000,5431.00,0.8430,0.793
Kepler-377 c,27.0142622,677.0,2,1.0270,CONFIRMED,1.0000,5949.00,1.1840,0.009
Kepler-377 b,12.50945798,875.0,1.54,1.0270,CONFIRMED,0.9980,5949.00,1.1840,0.626
Kepler-1172 b,26.0203329,675.0,4.53,0.9310,CONFIRMED,1.0000,5624.00,1.2440,0.704
Kepler-1173 b,0.769854899,1650.0,0.93,0.8740,CONFIRMED,0.9950,5173.00,0.8220,0.705
Kepler-1174 b,6.89226333,1156.0,2.13,1.0970,CONFIRMED,1.0000,5862.00,1.4630,0.061
Kepler-1210 b,8.07127043,856.0,1.53,0.8740,CONFIRMED,0.9990,5766.00,0.8530,0.271
Kepler-1211 b,11.01819178,840.0,2.64,1.0480,CONFIRMED,1.0000,6075.00,0.9690,0.883
Kepler-124 d,30.9505927,428.0,1.51,0.7150,CONFIRMED,0.9820,4983.00,0.6510,0.958
,6.3143447,1012.0,1.34,1.0480,CANDIDATE,,6075.00,0.9690,0.0584
,78.7327023,761.0,7.76,1.5810,CANDIDATE,0.9840,6715.00,2.7630,0.956
,3.979867514,1173.0,26.5,1.0550,FALSE POSITIVE,0.0000,6032.00,0.9730,1.216
,42.3375799,311.0,1.45,0.5930,CANDIDATE,0.9920,4132.00,0.5810,0.947
Kepler-1797 b,23.3593589,684.0,2.98,1.0690,CONFIRMED,1.0000,6244.00,1.0090,0.94
Kepler-1110 b,9.69310837,609.0,2.12,0.6070,CONFIRMED,1.0000,4818.00,0.6180,0.534
,24.2598301,547.0,25.42,0.8910,FALSE POSITIVE,0.0000,5485.00,0.8050,1.244
,116.5214317,457.0,44.41,1.0960,FALSE POSITIVE,0.0000,6056.00,1.4110,1.26
Kepler-1139 b,0.813166357,1693.0,1.14,0.9070,CONFIRMED,1.0000,5237.00,0.8870,0.06
Kepler-1807 b,10.86062378,1108.0,2.09,1.0870,CONFIRMED,0.9890,6455.00,1.4960,0.261
Kepler-1140 b,24.08632177,500.0,2.78,0.7410,CONFIRMED,1.0000,4973.00,0.7680,0.802
,1.834277283,1459.0,1.64,0.9620,CANDIDATE,0.9990,5751.00,0.9580,0.381
,17.40208965,422.0,16.37,0.6340,FALSE POSITIVE,0.0000,4098.00,0.6150,1.216
Kepler-1175 b,37.9456138,515.0,2.79,0.9570,CONFIRMED,1.0000,5861.00,0.8650,0.263
,1.141877248,2184.0,88.62,0.9690,FALSE POSITIVE,0.0000,6158.00,1.3680,0.598
,5.77675928,954.0,32.77,0.7610,FALSE POSITIVE,0.0000,5544.00,0.8750,1.272
Kepler-1176 b,24.1738244,595.0,2.21,0.9130,CONFIRMED,1.0000,5468.00,0.9680,0.251
Kepler-1829 b,5.186737262,860.0,2.4,0.8730,CONFIRMED,1.0000,5230.00,0.7770,0.825
,1.151244686,1756.0,40.32,1.0030,CANDIDATE,1.0000,6086.00,0.9210,1.387
Kepler-1206 b,1.217000383,1314.0,1.58,0.7340,CONFIRMED,1.0000,4859.00,0.7570,0.028
Kepler-1207 b,13.6823798,802.0,1.43,1.0990,CONFIRMED,0.9970,6102.00,1.0260,0.595
,2.42088277,1616.0,2.27,1.0170,CANDIDATE,0.9990,5583.00,1.5300,0.227
Kepler-1111 b,8.79618433,938.0,1.77,1.1430,CONFIRMED,1.0000,6142.00,1.0460,0.05
Kepler-1798 b,16.85592593,408.0,1.7,0.5930,CONFIRMED,1.0000,3967.00,0.5870,0.038
Kepler-1112 b,14.36270451,918.0,2.31,1.2350,CONFIRMED,1.0000,6643.00,1.2160,0.272
Kepler-1681 b,69.8956789,442.0,3.04,0.8930,CONFIRMED,0.9990,5390.00,1.1040,0.872
Kepler-91 b,6.24667547,1902.0,14.93,1.2180,CONFIRMED,0.0590,4604.00,6.2210,0.877
Kepler-1141 b,2.344512589,1471.0,0.97,0.9950,CONFIRMED,1.0000,5821.00,1.1320,0.803
Kepler-122 b,5.766165573,1159.0,2.27,0.9950,CONFIRMED,1.0000,6038.00,1.1910,0.017
Kepler-1142 b,18.3027235,902.0,2.72,0.9620,CONFIRMED,0.9880,5528.00,1.8390,0.742
Kepler-1143 b,2.888904439,976.0,1.68,0.8170,CONFIRMED,0.9990,4895.00,0.7590,0.77
Kepler-1144 b,17.14648756,811.0,3.64,0.9740,CONFIRMED,1.0000,5559.00,1.4120,0.918
Kepler-378 b,16.09227518,503.0,0.98,0.7480,CONFIRMED,0.1990,4657.00,0.6700,0.932
,38.103908,456.0,4.08,0.7210,CANDIDATE,0.9970,5250.00,0.7710,0.987
Kepler-379 c,62.7843981,530.0,2.28,1.0980,CONFIRMED,0.9440,6053.00,1.2600,0.272
Kepler-1816 b,91.500873,310.0,1.82,0.7860,CONFIRMED,0.9700,5051.00,0.7060,0.032
Kepler-1817 b,44.2993483,463.0,2.68,0.8780,CONFIRMED,0.9850,5316.00,0.9150,0.614
Kepler-1832 b,3.13877646,1022.0,0.97,0.6840,CONFIRMED,0.9990,5242.00,0.7220,0.436
,5.24242029,1367.0,3.86,0.8130,CANDIDATE,0.3050,5383.00,1.8290,0.863
Kepler-430 b,35.9682692,674.0,2.95,1.2050,CONFIRMED,0.9980,5883.00,1.5290,0.883
Kepler-1209 b,25.3690868,755.0,1.67,1.2120,CONFIRMED,0.9980,6126.00,1.4060,0.845
Kepler-1833 b,6.89213244,1177.0,1.35,1.2860,CONFIRMED,0.9990,6164.00,1.4460,0.541
Kepler-1113 b,42.3006282,558.0,2.54,1.0480,CONFIRMED,0.9120,5852.00,1.1290,0.269
,0.838597429,2278.0,44.67,1.2570,FALSE POSITIVE,0.0000,6366.00,1.2360,1.274
Kepler-361 c,55.1866213,568.0,2.47,1.0850,CONFIRMED,0.9790,6178.00,1.2670,0.225
,1.728528176,2720.0,5.07,1.5500,FALSE POSITIVE,0.0000,6153.00,3.2790,0.787
Kepler-1114 b,14.97436238,631.0,1.28,0.7960,CONFIRMED,0.9970,5311.00,0.8000,0.092
Kepler-1145 b,3.97076603,958.0,1.6,0.7320,CONFIRMED,1.0000,5178.00,0.7780,0.775
Kepler-1146 b,2.352273912,1019.0,1.29,0.8360,CONFIRMED,0.9940,4816.00,0.7480,0.095
,22.0425953,760.0,28.78,0.9530,FALSE POSITIVE,0.0000,5974.00,1.2600,1.191
Kepler-1808 b,23.34036251,601.0,2.21,0.7730,CONFIRMED,1.0000,5530.00,0.8920,0.25
,37.8034121,460.0,2.95,0.9120,CANDIDATE,1.0000,5329.00,0.8190,0.968
Kepler-1683 b,15.03366411,669.0,1.7,0.9720,CONFIRMED,1.0000,5523.00,0.8910,0.01
,131.485184,400.0,3.03,0.9680,CANDIDATE,0.9700,5765.00,1.2420,0.578
,16.2908527,622.0,0.52,0.8220,CANDIDATE,0.9610,5425.00,0.7970,0.105
Kepler-1177 b,106.247882,377.0,2.01,0.9380,CONFIRMED,0.9900,5679.00,0.9720,0.586
Kepler-500 b,8.508333104,909.0,2.6,0.9630,CONFIRMED,1.0000,5767.00,1.0300,0.004
Kepler-1212 b,12.94123564,795.0,1.7,1.0100,CONFIRMED,0.9960,6119.00,0.9380,0.028
Kepler-1213 b,5.349791,1156.0,1.29,1.1970,CONFIRMED,0.9970,6074.00,1.1830,0.867
,147.281212,353.0,2.28,0.9390,CANDIDATE,0.9900,5708.00,1.0540,0.474
Kepler-382 b,5.26211833,1166.0,1.95,0.9630,CONFIRMED,0.9940,5587.00,1.3090,0.71
Kepler-382 c,12.1628195,882.0,3.14,0.9630,CONFIRMED,0.9980,5587.00,1.3090,0.971
Kepler-1115 b,23.5541012,1381.0,2.33,2.3350,CONFIRMED,0.9950,9565.00,2.2860,0.536
Kepler-1116 b,41.6977582,488.0,2.26,0.9680,CONFIRMED,1.0000,5730.00,0.8700,0.018
Kepler-1117 b,4.79029482,938.0,1.01,0.9450,CONFIRMED,0.9990,5412.00,0.8430,0.46
Kepler-1118 b,38.6715843,502.0,2.45,0.8010,CONFIRMED,0.9910,5432.00,0.9130,0.773
Kepler-1119 b,8.32651854,938.0,1.8,1.0240,CONFIRMED,1.0000,6057.00,1.0000,0.782
Kepler-373 b,5.53533152,1054.0,1.75,0.9460,CONFIRMED,1.0000,5588.00,1.1000,0.051
Kepler-373 c,16.7261969,729.0,1.56,0.9460,CONFIRMED,0.9830,5588.00,1.1000,0.496
Kepler-122 d,21.58752788,747.0,2.18,0.9950,CONFIRMED,1.0000,6038.00,1.1910,0.009
Kepler-1809 b,3.757294695,877.0,1.23,0.8070,CONFIRMED,0.9950,4901.00,0.7160,0.586
Kepler-374 c,3.2828024,1467.0,1.79,1.0240,CONFIRMED,1.0000,5640.00,1.5150,0.159
Kepler-1818 b,4.64495172,1209.0,1.38,1.0210,CONFIRMED,1.0000,6047.00,1.1290,0.301
,16.6671415,469.0,0.7,0.5340,CANDIDATE,0.9000,4729.00,0.5250,0.444
Kepler-1819 b,16.48686712,760.0,27.45,1.1730,CONFIRMED,1.0000,6090.00,1.0710,1.198
Kepler-1179 b,2.685054445,1137.0,1.46,0.7650,CONFIRMED,0.9920,5266.00,0.8290,0.762
Kepler-1180 b,16.8600805,765.0,1.71,0.9060,CONFIRMED,0.9820,6205.00,0.9730,0.682
Kepler-1082 b,1.54320541,1827.0,1.23,0.9500,CONFIRMED,1.0000,5866.00,1.2820,0.217
Kepler-357 d,49.5004725,402.0,2.49,0.7910,CONFIRMED,0.9930,4954.00,0.8280,0.162
Kepler-357 b,6.47539108,793.0,1.92,0.7910,CONFIRMED,1.0000,4954.00,0.8280,0.486
Kepler-357 c,16.85825609,576.0,2.51,0.7910,CONFIRMED,0.9990,4954.00,0.8280,0.763
,3.132604547,1444.0,48.73,1.0780,FALSE POSITIVE,0.0000,6248.00,1.1810,1.251
Kepler-1120 b,2.949029106,1027.0,1.48,0.7710,CONFIRMED,1.0000,4983.00,0.8070,0.044
Kepler-362 c,37.8658964,543.0,2.01,1.0160,CONFIRMED,1.0000,5757.00,1.0170,0.18
Kepler-496 b,8.30865307,747.0,2.42,0.8040,CONFIRMED,1.0000,5022.00,0.8490,0.333
Kepler-363 d,11.93205399,905.0,1.83,1.1730,CONFIRMED,1.0000,5711.00,1.3910,0.123
Kepler-363 c,7.54235832,1054.0,1.59,1.1730,CONFIRMED,1.0000,5711.00,1.3910,0.318
Kepler-374 d,5.02818253,1272.0,2.03,1.0240,CONFIRMED,0.9950,5640.00,1.5150,0.3
Kepler-374 b,1.897828815,1761.0,1.73,1.0240,CONFIRMED,1.0000,5640.00,1.5150,0.227
Kepler-1147 b,10.62788695,872.0,1.87,1.0410,CONFIRMED,0.9950,6082.00,1.0140,0.473
,34.135676,1526.0,13.98,2.6070,CANDIDATE,0.9870,7818.00,5.5550,0.087
Kepler-1148 b,1.104462494,1397.0,1.6,0.7230,CONFIRMED,1.0000,5002.00,0.7530,0.151
Kepler-1181 b,4.89336495,1374.0,1.6,1.3360,CONFIRMED,1.0000,6688.00,1.3470,0.218
Kepler-1182 b,11.17392077,796.0,1.64,1.0060,CONFIRMED,0.9990,5911.00,0.9140,0.025
Kepler-1820 b,31.0325991,561.0,2.64,1.0470,CONFIRMED,0.9950,5841.00,0.9310,0.611
,0.512407185,1255.0,1.03,0.5660,FALSE POSITIVE,0.0000,3862.00,0.5630,0.301
,4.150297119,981.0,3.03,0.8870,FALSE POSITIVE,1.0000,5290.00,0.8580,0.971
Kepler-495 c,5.89661966,1000.0,1.28,0.8880,CONFIRMED,1.0000,5392.00,1.0870,0.039
Kepler-1083 b,33.4178173,448.0,3.13,0.8270,CONFIRMED,1.0000,5136.00,0.7440,0.913
Kepler-1084 b,2.053341891,1737.0,1.44,1.0760,CONFIRMED,0.9990,6084.00,1.3580,0.966
Kepler-1085 c,56.7769831,491.0,3.21,1.1170,CONFIRMED,0.9920,6063.00,1.0120,0.703
Kepler-1086 b,18.78429232,433.0,2.14,0.6510,CONFIRMED,1.0000,4243.00,0.6410,0.658
Kepler-363 b,3.61460279,1347.0,1.14,1.1730,CONFIRMED,0.7490,5711.00,1.3910,0.516
Kepler-1121 b,13.15140223,1008.0,1.87,1.2870,CONFIRMED,0.9890,6154.00,1.6360,0.872
Kepler-1979 b,18.5084526,683.0,29.33,1.0280,CONFIRMED,0.9990,5942.00,0.9380,1.258
,7.47763833,1346.0,2.05,0.9830,FALSE POSITIVE,0.0000,5957.00,1.9530,0.012
Kepler-1122 b,42.1918331,526.0,2.35,0.9280,CONFIRMED,0.9990,5520.00,1.0800,0.067
Kepler-1149 b,3.73090026,1128.0,1.48,1.0140,CONFIRMED,0.9990,5709.00,0.9500,0.822
,86.130534,391.0,1.47,0.9700,CANDIDATE,,5830.00,0.8760,0.072
Kepler-1150 b,2.787874175,1432.0,2.33,0.9520,CONFIRMED,0.9980,4827.00,1.7270,0.153
Kepler-122 e,37.9962369,618.0,2.39,0.9950,CONFIRMED,1.0000,6038.00,1.1910,0.023
,8.46354384,805.0,2.51,0.8960,CANDIDATE,1.0000,5427.00,0.8870,0.387
Kepler-123 b,17.23232894,817.0,2.79,1.0130,CONFIRMED,1.0000,6086.00,1.2160,0.395
Kepler-1183 b,28.5057217,555.0,2.55,0.9440,CONFIRMED,1.0000,5712.00,0.8700,0.695
Kepler-1184 b,53.5991459,529.0,2.49,1.0840,CONFIRMED,0.9710,6319.00,1.0320,0.658
Kepler-1821 b,16.4581861,644.0,1.82,0.9460,CONFIRMED,1.0000,5475.00,0.8840,0.108
,191.86419296,,,,CANDIDATE,,,,
,13.72549689,,,,CANDIDATE,,,,
,176.331289,505.0,2.38,1.1660,CANDIDATE,,6146.00,2.2510,0.2455
Kepler-1087 b,0.693842661,2161.0,0.83,0.9030,CONFIRMED,0.9970,5457.00,1.1960,0.195
Kepler-358 c,83.4887405,411.0,2.95,1.0320,CONFIRMED,0.5260,5910.00,0.9400,0.42
Kepler-358 b,34.0607677,554.0,2.96,1.0320,CONFIRMED,1.0000,5910.00,0.9400,0.786
,6.2141496,1506.0,4.27,1.5010,CANDIDATE,0.8810,5295.00,3.1520,0.403
Kepler-1790 b,31.5888979,682.0,2.59,1.0200,CONFIRMED,0.9970,5866.00,1.3670,0.194
Kepler-364 c,59.9809868,568.0,2.81,1.1090,CONFIRMED,0.8590,6103.00,1.3830,0.918
Kepler-364 b,25.7457957,753.0,1.73,1.1090,CONFIRMED,0.9950,6103.00,1.3830,0.661
Kepler-1799 b,11.92979348,770.0,2.43,1.0160,CONFIRMED,1.0000,5831.00,0.9210,0.003
,17.65737838,350.0,2.45,0.4900,CANDIDATE,,3745.00,0.4700,0.8277
Kepler-1123 b,4.3394569,1061.0,2.11,0.8690,CONFIRMED,1.0000,5330.00,1.0130,0.821
Kepler-1124 b,2.852348262,621.0,1.66,0.4630,CONFIRMED,1.0000,3731.00,0.4330,0.295
Kepler-1151 b,65.6480892,485.0,3.93,1.0080,CONFIRMED,0.4850,5565.00,1.2460,0.949
,102.653705,562.0,39.16,1.3200,FALSE POSITIVE,0.0000,6711.00,1.6980,1.184
Kepler-1682 b,14.83340944,694.0,2.54,0.8820,CONFIRMED,1.0000,5570.00,0.9040,0.399
,0.987338654,2669.0,0.98,1.1400,FALSE POSITIVE,0.0010,6258.00,1.8960,0.002
Kepler-1810 b,101.1323475,380.0,3.87,0.9210,CONFIRMED,1.0000,5492.00,1.0160,0.057
,1.811460943,1508.0,2.83,0.8940,FALSE POSITIVE,0.0000,5700.00,1.0080,0.971
Kepler-1186 b,16.07673148,724.0,2.14,1.0830,CONFIRMED,1.0000,5957.00,0.9710,0.108
Kepler-1187 b,18.87058705,701.0,2.67,1.0280,CONFIRMED,1.0000,6103.00,0.9490,0.878
Kepler-1822 b,22.1334224,507.0,1.76,0.7820,CONFIRMED,0.9940,5165.00,0.7020,0.025
Kepler-1188 b,17.1369408,775.0,2.05,1.1140,CONFIRMED,1.0000,6218.00,1.0770,0.03
Kepler-123 c,26.6951944,706.0,1.4,1.0130,CONFIRMED,0.9930,6086.00,1.2160,0.136
Kepler-1791 b,7.72085047,1021.0,2.53,0.9850,CONFIRMED,1.0000,5887.00,1.1770,0.963
Kepler-120 b,6.312508525,575.0,2,0.5910,CONFIRMED,1.0000,4090.00,0.5710,0.029
Kepler-1792 b,4.19577385,1047.0,3.02,0.8780,CONFIRMED,1.0000,5229.00,1.0050,0.521
Kepler-60 b,7.1329472,1102.0,1.64,0.9730,CONFIRMED,0.9830,5862.00,1.3070,0.612
Kepler-60 c,8.91901228,1023.0,1.84,0.9730,CONFIRMED,0.9720,5862.00,1.3070,0.619
Kepler-1800 b,4.5620407,1533.0,2.82,1.3300,CONFIRMED,0.9440,5343.00,2.5060,0.925
,7.5966998,964.0,1.32,0.9550,CANDIDATE,0.8980,5716.00,1.0910,0.725
,2.392630668,1418.0,1.33,0.9550,FALSE POSITIVE,0.0000,5716.00,1.0910,0.909
Kepler-1125 b,17.6700291,778.0,2.89,1.0420,CONFIRMED,1.0000,5795.00,1.2470,0.932
,15.40877383,,,,CANDIDATE,,,,
Kepler-1126 b,108.593113,374.0,1.68,0.7940,CONFIRMED,1.0000,5678.00,0.9210,0.007
Kepler-375 c,19.9865916,720.0,4.22,0.9220,CONFIRMED,1.0000,5500.00,1.2380,0.962
Kepler-375 b,12.12580644,851.0,2.5,0.9220,CONFIRMED,0.9590,5500.00,1.2380,0.805
Kepler-1811 b,76.421501,455.0,2.81,0.9460,CONFIRMED,0.9940,5561.00,1.1900,0.015
Kepler-122 f,56.2590881,543.0,2.22,0.9950,CONFIRMED,1.0000,6038.00,1.1910,0.026
Kepler-1152 b,1.646801683,806.0,0.86,0.5430,CONFIRMED,0.9970,3810.00,0.5130,0.129
Kepler-1189 b,3.78861833,1158.0,1.23,0.9430,CONFIRMED,0.9960,5560.00,1.0400,0.183
Kepler-1190 b,10.45839865,609.0,1.25,0.7340,CONFIRMED,1.0000,4641.00,0.7470,0.009
Kepler-1823 b,21.1033014,718.0,1.56,1.0680,CONFIRMED,0.9980,6000.00,1.1260,0.125
Kepler-1824 b,95.6114617,421.0,2.37,1.1350,CONFIRMED,0.9900,6002.00,1.0810,0.046
,58.35512552,,,,CANDIDATE,,,,
,1.204686597,1711.0,1.55,1.0000,CANDIDATE,1.0000,5780.00,1.0000,0.328
Kepler-60 d,11.8984948,929.0,1.69,0.9730,CONFIRMED,0.9510,5862.00,1.3070,0.836
Kepler-1088 b,23.1274171,667.0,1.44,1.0240,CONFIRMED,0.9970,5865.00,1.0660,0.737
Kepler-1089 b,5.132486123,584.0,1.69,0.6190,CONFIRMED,1.0000,3879.00,0.5780,0.217
Kepler-1793 b,8.77997349,713.0,2.12,0.8500,CONFIRMED,1.0000,5191.00,0.7640,0.481
Kepler-359 c,57.6896212,512.0,5.14,1.1070,CONFIRMED,0.9810,6228.00,1.0490,0.924
Kepler-365 b,10.66489514,865.0,1.76,1.0370,CONFIRMED,0.9950,6014.00,1.0210,0.308
Kepler-1127 b,5.1233204,994.0,1.65,0.8720,CONFIRMED,1.0000,5364.00,0.9820,0.308
Kepler-497 b,3.573202801,1210.0,5.81,0.9960,CONFIRMED,1.0000,5646.00,1.0800,0.053
Kepler-1128 b,61.6174528,424.0,3.36,0.9660,CONFIRMED,0.9970,5480.00,0.9310,0.091
Kepler-1129 b,24.3398202,737.0,5.09,0.9980,CONFIRMED,1.0000,5596.00,1.4660,0.928
Kepler-1812 b,7.16520428,1034.0,2.31,1.1620,CONFIRMED,0.9840,6174.00,1.1030,0.142
Kepler-1153 b,1.755843555,1343.0,1.94,0.9280,CONFIRMED,0.9990,5569.00,0.8290,0.893
Kepler-1154 b,5.18560081,1314.0,2.34,1.2500,CONFIRMED,1.0000,6172.00,1.4710,0.012
Kepler-1155 b,33.4698571,609.0,2.45,0.9600,CONFIRMED,1.0000,5912.00,1.0940,0.876
Kepler-1156 b,11.89520436,787.0,1.33,0.9230,CONFIRMED,1.0000,5649.00,0.9920,0.067
Kepler-1825 b,1.025857984,1520.0,1.57,0.8280,CONFIRMED,1.0000,5123.00,0.8470,0.779
Kepler-1191 b,5.60013327,952.0,1.73,0.8580,CONFIRMED,1.0000,5288.00,0.9780,0.046
Kepler-1192 b,25.2034128,600.0,2.42,1.0160,CONFIRMED,0.4070,5831.00,0.9210,0.168
Kepler-1826 b,1.615357809,806.0,1.37,0.4900,CONFIRMED,0.9490,3821.00,0.4860,0.931
Kepler-501 b,5.640676975,1125.0,4.59,1.0320,CONFIRMED,1.0000,5794.00,1.2160,0.033
Kepler-359 b,25.5638626,671.0,4,1.1070,CONFIRMED,1.0000,6228.00,1.0490,0.85
,6.78341325,2628.0,20.75,0.7630,CANDIDATE,0.9990,5096.00,8.7690,0.665
Kepler-120 c,12.7945474,455.0,1.6,0.5910,CONFIRMED,1.0000,4090.00,0.5710,0.18
Kepler-1090 c,42.4269647,496.0,3.44,0.8690,CONFIRMED,0.9740,5330.00,1.0130,0.962
Kepler-1091 b,1.434745129,1664.0,1.5,1.0370,CONFIRMED,0.9980,5806.00,1.0640,0.108
,6.95787,1047.0,1.39,0.9750,CANDIDATE,,6240.00,1.0250,0.1686
Kepler-366 b,3.28192056,1326.0,1.6,1.0640,CONFIRMED,0.9930,5859.00,1.1620,0.223
Kepler-366 c,12.51610549,848.0,1.87,1.0640,CONFIRMED,1.0000,5859.00,1.1620,0.023
Kepler-1130 b,5.45298742,904.0,0.92,0.9440,CONFIRMED,0.8970,5450.00,0.8420,0.879
Kepler-1130 c,3.26662733,1072.0,0.68,0.9440,CONFIRMED,0.9610,5450.00,0.8420,0.623
Kepler-1157 b,4.45743267,732.0,0.79,0.6010,CONFIRMED,1.0000,4487.00,0.6120,0.175
Kepler-1813 b,2.81814715,1059.0,1.3,0.8120,CONFIRMED,0.8950,5167.00,0.7870,0.305
,9.4907638,704.0,1.05,0.8210,CANDIDATE,,5290.00,0.7460,0.3638
,0.76196247,1638.0,1.08,0.8120,CANDIDATE,0.9900,5167.00,0.7870,0.322
,1.824649,1508.0,5.31,0.7040,FALSE POSITIVE,0.0000,6190.00,0.7930,0.901
Kepler-1193 b,2.832647249,1453.0,1.37,1.0880,CONFIRMED,0.9890,5865.00,1.2720,0.374
Kepler-1827 b,3.70063251,1329.0,1.24,0.9150,CONFIRMED,0.9940,5423.00,1.4040,0.71
Kepler-380 b,3.93083997,1317.0,1.2,0.9950,CONFIRMED,0.9700,6038.00,1.1910,0.222
Kepler-380 c,7.63008196,1056.0,1.39,0.9950,CONFIRMED,0.9950,6038.00,1.1910,0.628
Kepler-1194 b,16.22378479,676.0,1.51,0.9000,CONFIRMED,0.9930,5547.00,0.9250,0.413
Kepler-1794 b,9.76293284,703.0,1.94,0.7730,CONFIRMED,0.9910,5052.00,0.8160,0.499
Kepler-1092 b,58.601926,508.0,2.06,1.0380,CONFIRMED,0.9190,6250.00,1.0190,0.392
Kepler-1093 b,25.0823402,776.0,2.26,1.0110,CONFIRMED,0.8160,6429.00,1.2620,0.865
Kepler-1094 b,78.0998908,480.0,3.37,1.0390,CONFIRMED,0.9950,5779.00,1.2840,0.528
Kepler-1095 b,4.27103727,1108.0,1.22,0.9930,CONFIRMED,0.9800,5984.00,0.9060,0.02
Kepler-1130 d,4.27226421,981.0,0.64,0.9440,CONFIRMED,0.6490,5450.00,0.8420,0.744
,2.19251903,1225.0,0.37,0.9440,CANDIDATE,0.9930,5450.00,0.8420,0.616
Kepler-1131 b,3.53232429,1159.0,1.43,1.0350,CONFIRMED,0.9960,5761.00,0.9560,0.299
,15.03946326,962.0,12.36,1.2360,FALSE POSITIVE,0.0000,6501.00,1.4410,0.902
,4.702495974,981.0,37.24,0.8420,FALSE POSITIVE,0.0000,5408.00,0.8780,1.303
Kepler-1801 b,10.44087398,829.0,3.41,0.9360,CONFIRMED,1.0000,5738.00,0.9810,0.914
,39.7557642,325.0,13.72,0.5130,CANDIDATE,0.5820,4405.00,0.5110,1.219
,10.27127527,510.0,0.94,0.5130,CANDIDATE,0.9880,4405.00,0.5110,0.046
Kepler-1276 b,12.5722897,886.0,1.09,1.0370,CONFIRMED,0.9910,6084.00,1.1690,0.252
Kepler-1277 b,40.8366307,496.0,1.5,0.8930,CONFIRMED,0.9830,5529.00,0.9250,0.363
,11.7761073,619.0,1.31,0.7190,FALSE POSITIVE,0.0000,5096.00,0.6890,0.829
,29.7123181,870.0,46.43,1.2990,FALSE POSITIVE,0.0000,6440.00,1.9210,1.202
Kepler-2000 c,20.6180348,359.0,1.57,0.5810,CONFIRMED,0.9930,3757.00,0.5760,0.155
Kepler-1299 b,19.9401211,588.0,2.42,0.8530,CONFIRMED,0.9520,5623.00,0.7630,0.862
Kepler-1300 b,22.2420032,954.0,2.04,1.2190,CONFIRMED,0.9910,5979.00,2.1640,0.897
Kepler-1864 b,3.88148385,1156.0,0.59,1.0300,CONFIRMED,0.9570,5854.00,0.9790,0.252
Kepler-1228 b,0.577369336,1757.0,1.42,0.7760,CONFIRMED,1.0000,5255.00,0.7160,0.032
,186.65435483,,,,FALSE POSITIVE,,,,
Kepler-25 c,12.720370263,934.0,4.75,1.0970,CONFIRMED,1.0000,6267.00,1.2580,0.787
,86.59322294,,,,FALSE POSITIVE,,,,
Kepler-1835 b,11.96407399,808.0,3.21,0.9220,CONFIRMED,1.0000,5903.00,0.9610,0.903
,2.493237866,2241.0,9.48,1.3750,FALSE POSITIVE,0.0000,5002.00,4.1310,0.975
Kepler-383 b,12.90467523,545.0,1.49,0.7120,CONFIRMED,1.0000,4513.00,0.7220,0.553
Kepler-1253 b,68.8861017,501.0,1.47,0.8630,CONFIRMED,0.9390,5753.00,1.2220,0.241
Kepler-1254 b,9.99115241,660.0,1.68,0.7710,CONFIRMED,0.9980,4838.00,0.7960,0.691
,4.267961416,1371.0,1.42,1.0480,CANDIDATE,1.0000,6395.00,1.2370,0.255
Kepler-1255 b,36.292017,694.0,3.1,1.1150,CONFIRMED,0.9870,5843.00,1.6150,0.002
,0.925589891,6637.0,50.6,0.9250,FALSE POSITIVE,0.0000,4094.00,24.4880,0.616
Kepler-26 c,17.25121397,385.0,2.64,0.5370,CONFIRMED,1.0000,3879.00,0.5370,0.749
,1.867281146,1561.0,31.18,1.0950,FALSE POSITIVE,0.0000,6117.00,1.0250,1.252
Kepler-1686 b,9.30991834,913.0,1.21,0.9960,CONFIRMED,1.0000,5806.00,1.1010,0.551
,18.1209388,543.0,1.68,0.7500,CANDIDATE,0.9990,4905.00,0.7740,0.108
Kepler-1278 b,3.23941775,1213.0,0.77,0.9340,CONFIRMED,1.0000,6075.00,0.8580,0.386
,3.98864999,1233.0,1.15,0.9970,CANDIDATE,0.9930,5692.00,1.1880,0.355
Kepler-1865 b,2.524017517,1203.0,1.5,0.8490,CONFIRMED,0.9700,5420.00,0.8710,0.077
,25.1123362,691.0,2.22,1.0490,CANDIDATE,0.6510,6133.00,1.1120,0.007
,2.121023807,1573.0,5.75,1.0490,CANDIDATE,,6133.00,1.1120,1.0045
,33.18089453,,,,CANDIDATE,,,,
,3.55557922,1270.0,0.84,0.9260,CANDIDATE,1.0000,5839.00,1.0820,0.269
Kepler-383 c,31.2012202,406.0,1.47,0.7120,CONFIRMED,1.0000,4513.00,0.7220,0.714
Kepler-384 b,22.5968256,670.0,1.3,0.8890,CONFIRMED,0.9720,5610.00,1.1040,0.062
Kepler-384 c,45.3486381,531.0,1.61,0.8890,CONFIRMED,0.9730,5610.00,1.1040,0.847
Kepler-1836 b,5.25419589,1093.0,2.12,1.0530,CONFIRMED,1.0000,6123.00,0.9870,0.007
Kepler-1837 b,5.90608902,1012.0,1.77,1.0490,CONFIRMED,1.0000,5966.00,0.9610,0.025
Kepler-1712 b,13.81504449,391.0,1.91,0.5150,CONFIRMED,1.0000,3732.00,0.5090,0.868
Kepler-1256 b,12.4128518,933.0,1.5,1.0390,CONFIRMED,0.9740,5945.00,1.3460,0.711
Kepler-1844 b,3.92453009,1074.0,1.82,0.9390,CONFIRMED,0.9990,5776.00,0.8490,0.112
Kepler-1845 b,11.60653061,584.0,1.88,0.6860,CONFIRMED,1.0000,4703.00,0.7010,0.024
Kepler-1257 b,2.66831274,1252.0,1.48,0.9960,CONFIRMED,1.0000,5806.00,0.8990,0.333
,2.9322509,1312.0,1.33,1.0430,FALSE POSITIVE,0.0010,6106.00,0.9660,0.457
Kepler-1279 b,23.4772553,738.0,1.34,1.0460,CONFIRMED,0.9930,6384.00,1.1210,0.013
Kepler-1280 b,66.5576728,757.0,4.96,1.6480,CONFIRMED,0.9560,5734.00,3.4050,0.254
,2.01948607,1430.0,2.15,0.9850,FALSE POSITIVE,0.0010,5884.00,0.9440,0.977
,3.04468229,1244.0,0.86,0.8100,FALSE POSITIVE,0.0000,5575.00,0.9800,0.623
,15.05028313,735.0,2.46,1.1020,FALSE POSITIVE,,5887.00,0.9890,0.3125
Kepler-45 b,2.455240626,730.0,10.6,0.5870,CONFIRMED,0.9990,3793.00,0.5680,0.144
Kepler-1301 b,9.08233411,734.0,1.35,0.8840,CONFIRMED,0.9180,5354.00,0.7880,0.262
,0.790539912,1502.0,1.24,0.7470,FALSE POSITIVE,0.0000,4791.00,0.7670,0.008
,1.705782214,1455.0,1.82,0.8900,FALSE POSITIVE,0.0000,5387.00,1.0090,0.709
,0.532086296,1790.0,16.99,0.7730,FALSE POSITIVE,0.0000,5271.00,0.6980,1.199
Kepler-1684 b,47.7052566,347.0,2.89,0.6690,CONFIRMED,1.0000,4551.00,0.6720,0.918
Kepler-25 b,6.238535444,1185.0,2.53,1.0970,CONFIRMED,1.0000,6267.00,1.2580,0.008
Kepler-1229 b,86.829519,196.0,1.68,0.4820,CONFIRMED,0.9370,3576.00,0.4630,0.953
Kepler-1230 b,9.95667035,946.0,3.41,1.0480,CONFIRMED,0.9980,6165.00,1.1150,0.949
Kepler-1231 b,10.41728722,870.0,1.64,0.9360,CONFIRMED,0.9960,5557.00,1.1510,0.12
Kepler-1258 b,0.984941669,2335.0,1.49,1.1210,CONFIRMED,1.0000,5825.00,1.6620,0.045
Kepler-1259 b,0.663085361,1681.0,1.6,0.8780,CONFIRMED,1.0000,5172.00,0.7670,0.841
Kepler-1260 b,19.1187425,823.0,2.33,1.0970,CONFIRMED,1.0000,5862.00,1.4630,0.74
,1.08749101,3081.0,4.91,1.4690,FALSE POSITIVE,0.0000,5988.00,3.2040,0.979
,1.183818383,1775.0,0.91,1.0290,FALSE POSITIVE,0.0000,6014.00,0.9920,0.17
,4.98845099,1055.0,1.33,0.8680,FALSE POSITIVE,0.0000,5695.00,0.9610,0.041
Kepler-26 d,3.543919702,652.0,1.21,0.5370,CONFIRMED,1.0000,3879.00,0.5370,0.022
,8.28157072,956.0,1.37,0.9760,CANDIDATE,0.4270,5640.00,1.1750,0.042
,0.82628442,1629.0,0.96,0.8860,CANDIDATE,1.0000,5218.00,0.8290,0.28
,6.37705295,935.0,2.15,1.0800,CANDIDATE,1.0000,5672.00,0.9650,0.234
Kepler-1302 b,8.83929462,778.0,1.94,0.8550,CONFIRMED,0.9990,5330.00,0.8700,0.924
,0.631795416,2797.0,1.88,1.2560,FALSE POSITIVE,0.0000,6414.00,1.5190,0.433
Kepler-1303 b,7.56126152,891.0,1.2,0.9900,CONFIRMED,0.9920,5853.00,0.8950,0.253
Kepler-395 c,34.9897847,292.0,1.14,0.5260,CONFIRMED,0.9850,3765.00,0.5210,0.034
Kepler-395 b,7.05429483,497.0,1,0.5260,CONFIRMED,0.9830,3765.00,0.5210,0.48
,2.27050106,903.0,0.55,0.5340,CANDIDATE,0.9110,4671.00,0.5280,0.473
Kepler-1232 b,26.7838935,523.0,1.59,0.8690,CONFIRMED,1.0000,5242.00,0.8560,0.036
Kepler-1233 b,45.126216,604.0,2.32,1.1910,CONFIRMED,1.0000,6499.00,1.1690,0.49
Kepler-1234 b,11.94019101,625.0,1.86,0.8560,CONFIRMED,0.9860,5073.00,0.7480,0.348
,3.51295674,1434.0,1.1,1.0530,FALSE POSITIVE,0.0000,6453.00,1.1700,0.499
Kepler-1261 b,48.4313003,396.0,2.78,0.7760,CONFIRMED,0.9850,4891.00,0.8050,0.846
Kepler-49 b,7.203855862,509.0,2.25,0.5410,CONFIRMED,1.0000,3834.00,0.5390,0.037
Kepler-390 b,6.73808701,786.0,0.73,0.7930,CONFIRMED,0.9220,5168.00,0.7690,0.148
,7.57571414,1075.0,2.45,1.2410,FALSE POSITIVE,0.0000,6418.00,1.1710,0.413
,4.76887671,1532.0,2.11,1.0580,FALSE POSITIVE,0.0000,6063.00,1.8550,0.654
,1.347512632,1346.0,23.45,0.6580,FALSE POSITIVE,1.0000,5316.00,0.6850,1.252
,0.512581697,2009.0,1.32,0.9180,FALSE POSITIVE,0.0000,5547.00,0.8200,0.283
,12.07760884,708.0,1.03,0.7710,FALSE POSITIVE,0.0000,5370.00,0.8450,0.264
,18.55581565,1793.0,20.83,2.7340,CANDIDATE,1.0000,5988.00,8.8410,0.073
,13.33094869,815.0,25.95,0.9760,CANDIDATE,1.0000,5991.00,1.0390,1.199
,6.38315744,787.0,2.35,0.7860,FALSE POSITIVE,0.0000,5262.00,0.7140,0.029
Kepler-505 b,27.52194772,314.0,2.47,0.5310,CONFIRMED,1.0000,3780.00,0.5110,0.35
Kepler-1304 b,16.1289679,715.0,2.94,0.8880,CONFIRMED,1.0000,5392.00,1.0870,0.968
Kepler-1305 b,13.5631157,733.0,1.75,0.9900,CONFIRMED,0.9780,5853.00,0.8950,0.704
Kepler-1306 b,16.2959916,678.0,1.83,0.9320,CONFIRMED,0.8940,5495.00,0.9610,0.213
Kepler-1235 b,4.16056658,985.0,0.7,0.9140,CONFIRMED,0.9860,5481.00,0.8150,0.069
,2.93101771,1134.0,1.15,0.7160,FALSE POSITIVE,0.0010,5485.00,0.7880,0.523
Kepler-37 d,39.79220077,458.0,1.9,0.8290,CONFIRMED,0.9970,5437.00,0.7810,0.019
,16.2276756,648.0,2.11,0.7960,FALSE POSITIVE,0.0000,5328.00,0.8830,0.633
,1.595630597,1346.0,17.94,0.8160,FALSE POSITIVE,0.2800,5632.00,0.7290,1.21
Kepler-1846 b,14.8200596,552.0,0.96,0.7850,CONFIRMED,1.0000,4825.00,0.7320,0.059
Kepler-1685 b,20.49041,625.0,2.34,1.0380,CONFIRMED,0.9600,5681.00,0.9230,0.011
,0.962827066,3399.0,29.27,1.4840,FALSE POSITIVE,0.0000,6534.00,3.0280,1.079
Kepler-1262 b,8.679037,949.0,1.79,1.0080,CONFIRMED,1.0000,6117.00,1.0270,0.224
Kepler-1847 b,11.1296971,843.0,1.93,1.0410,CONFIRMED,1.0000,6122.00,0.9640,0.572
Kepler-1859 b,2.7296036,1455.0,1.53,1.0900,CONFIRMED,0.9990,5887.00,1.2350,0.509
Kepler-1281 b,3.11604194,1123.0,1.59,0.9770,CONFIRMED,1.0000,5591.00,0.8600,0.195
Kepler-26 e,46.82767725,276.0,2.13,0.5370,CONFIRMED,0.9650,3879.00,0.5370,0.393
Kepler-1860 b,12.7372371,697.0,0.87,0.8740,CONFIRMED,1.0000,5420.00,0.8680,0.364
Kepler-1861 b,40.0306267,617.0,2.01,1.1610,CONFIRMED,0.9840,5855.00,1.3730,0.322
Kepler-1310 b,0.679336747,1883.0,1.4,0.9420,CONFIRMED,1.0000,5440.00,0.9130,0.209
,213.6103207,291.0,46.07,0.9330,FALSE POSITIVE,0.0000,5931.00,0.8450,0.977
,170.8658492,387.0,24.4,1.0630,FALSE POSITIVE,0.0000,5989.00,1.3240,0.684
,21.47642727,655.0,59.5,1.0000,CANDIDATE,0.0000,5780.00,1.0000,0.006
,17.5509742,700.0,5.97,1.0000,FALSE POSITIVE,,5780.00,1.0000,0.2023
Kepler-396 c,88.5122014,390.0,4.7,0.9180,CONFIRMED,0.8200,5593.00,0.9450,0.242
,10.21507506,780.0,1.5,0.8930,FALSE POSITIVE,0.3870,5406.00,0.9500,0.1
,8.3806973,701.0,1.91,0.7890,FALSE POSITIVE,,5062.00,0.7350,0.5317
Kepler-1236 b,31.0572947,480.0,1.85,0.8210,CONFIRMED,1.0000,5395.00,0.7340,0.335
Kepler-385 c,15.1622287,829.0,3.12,1.1570,CONFIRMED,0.9820,6325.00,1.1120,0.959
Kepler-385 b,10.04378351,951.0,2.94,1.1570,CONFIRMED,1.0000,6325.00,1.1120,0.953
,7.10397925,818.0,1.51,0.8770,CANDIDATE,0.2940,5488.00,0.7890,0.192
Kepler-1263 b,4.5513988,907.0,1.13,0.7970,CONFIRMED,0.9760,5009.00,0.8400,0.248
Kepler-49 c,10.91274065,443.0,2.13,0.5410,CONFIRMED,1.0000,3834.00,0.5390,0.685
,12.2141545,683.0,18.13,0.9370,FALSE POSITIVE,0.0000,5435.00,0.8240,1.175
,3.732261,1119.0,1.09,0.8590,FALSE POSITIVE,0.0000,5762.00,0.8670,0.4
Kepler-1998 b,3.03267135,1187.0,0.6,0.9620,CONFIRMED,0.9980,5640.00,0.9210,0.238
Kepler-392 b,5.34182466,1125.0,0.95,0.9100,CONFIRMED,0.9890,5767.00,1.1350,0.07
Kepler-1282 b,2.131945045,1418.0,1.66,1.1020,CONFIRMED,1.0000,5845.00,1.0130,0.209
Kepler-1283 b,12.9462567,764.0,1.13,0.9500,CONFIRMED,0.9990,6058.00,0.8670,0.109
Kepler-1687 b,5.77957133,598.0,1.5,0.5990,CONFIRMED,1.0000,4102.00,0.5810,0.946
,6.77367892,1083.0,1.33,1.1160,CANDIDATE,0.9900,6392.00,1.0720,0.228
,5.22402436,941.0,0.58,0.8370,CANDIDATE,1.0000,5487.00,0.8400,0.12
Kepler-1866 b,11.6601667,834.0,2.08,1.0300,CONFIRMED,0.9950,5791.00,1.0830,0.983
,89.465468,549.0,2.57,1.3090,FALSE POSITIVE,0.0540,5192.00,2.4600,0.931
Kepler-1307 b,18.0161227,768.0,2.39,1.0490,CONFIRMED,1.0000,6245.00,1.0650,0.023
,40.8777605,526.0,29.55,0.9880,FALSE POSITIVE,0.0000,5930.00,0.9370,1.262
,6.80243431,895.0,2.6,0.8840,FALSE POSITIVE,1.0000,5836.00,0.8160,1
Kepler-1237 b,84.5733346,366.0,2.59,1.0050,CONFIRMED,0.9820,5418.00,0.8880,0.024
Kepler-37 c,21.30181863,564.0,0.72,0.8290,CONFIRMED,1.0000,5437.00,0.7810,0.086
Kepler-1238 b,4.14789051,1389.0,1.93,1.2300,CONFIRMED,0.9870,6150.00,1.4170,0.878
,15.92108138,645.0,3.14,0.9170,CANDIDATE,1.0000,5595.00,0.8200,0.972
Kepler-2002 b,19.0054098,758.0,28.47,1.0320,CONFIRMED,1.0000,6347.00,1.0360,1.228
,1.96433113,1638.0,1.33,1.1660,FALSE POSITIVE,0.0000,6306.00,1.1210,0.16
,2.81043228,1701.0,1.43,1.1640,CANDIDATE,0.9920,5415.00,2.0790,0.351
Kepler-1264 b,0.968527683,1677.0,1.21,0.9890,CONFIRMED,0.9800,5580.00,0.8860,0.941
Kepler-1284 b,0.664074145,1703.0,1.19,0.8960,CONFIRMED,1.0000,5178.00,0.7970,0.525
,11.7489907,1114.0,1.01,1.2040,FALSE POSITIVE,,6440.00,1.6550,0.1228
,175.603366,348.0,2.87,1.0700,CANDIDATE,0.9940,6225.00,1.0090,0.952
Kepler-1658 b,3.849371737,2034.0,12.94,1.4820,CONFIRMED,1.0000,6244.00,2.9920,0.915
,0.366197145,9983.0,51.34,1.7890,FALSE POSITIVE,0.0000,4448.00,31.5000,0.319
Kepler-125 b,4.164384505,590.0,2.54,0.5340,CONFIRMED,1.0000,3808.00,0.5080,0.59
Kepler-1308 b,2.10433534,662.0,0.79,0.4700,CONFIRMED,1.0000,3605.00,0.4330,0.872
Kepler-1309 b,28.8431751,491.0,2.66,0.7580,CONFIRMED,0.9980,5151.00,0.7850,0.913
,1.378649746,734.0,6.51,0.4650,FALSE POSITIVE,0.0000,3440.00,0.4390,0.099
,1.112207126,1797.0,0.73,1.0530,FALSE POSITIVE,0.0000,6046.00,0.9720,0.402
,64.034363,411.0,3.47,0.8140,CANDIDATE,0.9890,5691.00,0.7830,0.985
,1.303576682,1694.0,1.51,1.0380,FALSE POSITIVE,0.0000,6045.00,0.9550,0.08
,1.958577398,1252.0,1.8,0.9010,FALSE POSITIVE,0.0000,5402.00,0.8160,0.59
Kepler-1239 b,5.19103699,1183.0,1.92,1.2070,CONFIRMED,1.0000,6321.00,1.1250,0.117
Kepler-1240 b,4.86638504,1121.0,1.32,0.9690,CONFIRMED,0.9840,5688.00,1.1110,0.176
,4.79176993,883.0,0.81,0.7170,FALSE POSITIVE,0.0000,5138.00,0.7560,0.372
Kepler-386 c,25.1933989,513.0,1.95,0.7970,CONFIRMED,0.9990,5009.00,0.8400,0.679
,0.759762021,2280.0,24.2,1.1610,FALSE POSITIVE,0.0000,6386.00,1.1230,1.183
,4.790912471,717.0,2.25,0.6650,CANDIDATE,1.0000,4359.00,0.6760,0.969
Kepler-1265 b,6.49441464,732.0,1.75,0.7240,CONFIRMED,0.9650,4769.00,0.7420,0.911
Kepler-49 d,2.576571021,717.0,1.57,0.5410,CONFIRMED,1.0000,3834.00,0.5390,0.187
Kepler-1266 b,28.4750006,489.0,2.64,0.7910,CONFIRMED,1.0000,4996.00,0.8310,0.835
Kepler-1285 b,14.7966306,874.0,0.98,1.2440,CONFIRMED,1.0000,6175.00,1.3070,0.182
Kepler-1286 b,11.25401871,888.0,2.42,1.0220,CONFIRMED,0.9930,5995.00,1.1180,0.603
Kepler-393 b,9.18244299,1052.0,1.24,1.0980,CONFIRMED,0.9930,6194.00,1.3140,0.257
Kepler-393 c,14.6134781,901.0,1.12,1.0980,CONFIRMED,0.9320,6194.00,1.3140,0.086
,119.682075,351.0,30.39,1.0280,FALSE POSITIVE,0.0000,5778.00,0.9110,1.259
Kepler-396 b,42.9923284,496.0,3.32,0.9180,CONFIRMED,1.0000,5593.00,0.9450,0.643
Kepler-506 b,6.88341278,1080.0,2.63,1.1900,CONFIRMED,1.0000,6139.00,1.1930,0.083
,4.593595496,1022.0,44.14,0.9840,FALSE POSITIVE,0.0030,5717.00,0.8840,1.147
Kepler-1311 d,197.5111484,391.0,9.52,1.0320,CONFIRMED,0.9890,5616.00,1.6740,0.814
Kepler-1311 b,11.1726723,1019.0,1.5,1.0320,CONFIRMED,0.9860,5616.00,1.6740,0.504
Kepler-1311 c,2.53573284,1671.0,1.36,1.0320,CONFIRMED,0.9990,5616.00,1.6740,0.054
Kepler-387 b,6.79164656,994.0,1.01,0.8240,CONFIRMED,0.9960,5772.00,1.0030,0.121
Kepler-387 c,11.8376933,826.0,1,0.8240,CONFIRMED,0.9910,5772.00,1.0030,0.557
Kepler-1241 b,18.5525162,612.0,2.53,0.9280,CONFIRMED,0.9950,5569.00,0.8290,0.78
,47.3659328,481.0,11.97,0.9020,CANDIDATE,0.9890,5708.00,0.9020,1.085
Kepler-37 b,13.3669309,656.0,0.27,0.8030,CONFIRMED,,5417.00,0.7720,0.4064
,1.045492348,2291.0,0.83,0.9500,FALSE POSITIVE,0.0000,6057.00,1.4570,0.708
Kepler-1266 c,4.86634094,881.0,1.94,0.7910,CONFIRMED,0.9430,4996.00,0.8310,0.895
Kepler-1848 b,5.60402307,774.0,1.25,0.7560,CONFIRMED,1.0000,4847.00,0.7370,0.8
Kepler-1267 b,13.0313583,774.0,2.88,0.9260,CONFIRMED,0.9980,5514.00,1.0710,0.813
Kepler-1268 b,40.9905002,627.0,2.41,1.0720,CONFIRMED,0.9510,5842.00,1.4100,0.048
Kepler-1849 b,57.2932309,355.0,1.95,0.7090,CONFIRMED,0.8330,4806.00,0.7290,0.021
Kepler-394 b,8.00504749,1035.0,1.52,1.1410,CONFIRMED,0.9960,6398.00,1.1010,0.054
Kepler-394 c,12.13070414,901.0,1.61,1.1410,CONFIRMED,0.9690,6398.00,1.1010,0.083
Kepler-394 d,5.61357653,1165.0,1.41,1.1410,CONFIRMED,0.9990,6398.00,1.1010,0.119
,29.2254372,614.0,1.35,1.0690,CANDIDATE,1.0000,6049.00,1.0080,0.384
,1.33255087,1728.0,1.19,0.9030,FALSE POSITIVE,0.0000,5774.00,1.0540,0.415
,40.8792243,437.0,1.62,0.7690,FALSE POSITIVE,0.0000,5383.00,0.7200,0.79
Kepler-1214 b,18.8262877,591.0,2.34,0.7870,CONFIRMED,0.9420,5215.00,0.8450,0.198
,13.9034057,646.0,1.55,0.8170,CANDIDATE,0.8930,5261.00,0.8190,0.871
Kepler-124 b,3.41045981,892.0,1.06,0.7150,CONFIRMED,1.0000,4983.00,0.6510,0.971
Kepler-1215 b,4.76702759,1046.0,1.19,0.8640,CONFIRMED,0.8360,5629.00,0.9370,0.077
Kepler-1242 b,13.62801048,639.0,3.28,0.8050,CONFIRMED,1.0000,5052.00,0.8550,0.927
,53.3580444,474.0,3.41,0.9150,CANDIDATE,1.0000,5481.00,1.0360,0.905
Kepler-1243 b,16.83203175,690.0,1.86,0.9320,CONFIRMED,0.9680,5518.00,1.0080,0.533
,13.37499553,703.0,2.01,0.8520,FALSE POSITIVE,0.0000,5263.00,0.9610,0.045
,4.35370136,1179.0,1.33,0.8520,FALSE POSITIVE,0.0100,5992.00,0.9850,0.535
,134.96694,385.0,0.87,1.0490,FALSE POSITIVE,,6154.00,1.0530,0.0156
Kepler-1850 b,1.385787741,1008.0,0.55,0.6110,CONFIRMED,0.9820,4239.00,0.6000,0.35
Kepler-1851 b,12.02295362,776.0,3.28,0.9670,CONFIRMED,0.9970,5982.00,0.8790,0.965
Kepler-436 c,16.79716262,503.0,2.75,0.7340,CONFIRMED,0.9820,4652.00,0.6970,0.899
Kepler-49 e,18.59611518,371.0,1.53,0.5410,CONFIRMED,0.9990,3834.00,0.5390,0.014
Kepler-125 c,5.77440326,529.0,0.8,0.5340,CONFIRMED,0.9970,3808.00,0.5080,0.425
,2.622134451,1548.0,1.64,1.0800,FALSE POSITIVE,0.4240,5864.00,1.3690,0.664
Kepler-1287 b,11.47685263,796.0,1.58,0.9410,CONFIRMED,0.9930,5550.00,1.0320,0.07
,73.711039,563.0,1.77,1.2840,CANDIDATE,0.8840,6374.00,1.5020,0.284
,14.43348326,558.0,16.25,0.7870,CANDIDATE,0.7420,4915.00,0.7020,1.185
,40.0088894,585.0,20.75,0.9640,FALSE POSITIVE,0.0000,6237.00,1.0230,1.16
,6.35705314,990.0,1.59,1.0470,CANDIDATE,0.9990,5982.00,0.9600,0.023
,6.58738839,871.0,1.35,0.9070,FALSE POSITIVE,0.0000,5616.00,0.8220,0.523
,0.759706632,3834.0,1.38,2.0180,FALSE POSITIVE,0.0000,8621.00,2.0940,0.52
Kepler-1216 b,4.37033233,1191.0,1.56,0.9750,CONFIRMED,0.9980,5657.00,1.1820,0.093
,1.530515205,608.0,0.84,0.2470,CANDIDATE,1.0000,3462.00,0.2590,0.882
,1.08070294,1565.0,1.04,0.8330,FALSE POSITIVE,0.0000,5482.00,0.8130,0.688
,4.74254518,1118.0,1.77,1.1110,FALSE POSITIVE,0.0000,6046.00,1.0070,0.051
,18.13559979,744.0,24.49,1.1000,FALSE POSITIVE,0.0000,6184.00,1.0380,1.194
Kepler-37 e,51.20690303,,,,CONFIRMED,,,,
Kepler-1244 b,3.70429015,1839.0,1.45,1.2300,CONFIRMED,0.9990,6732.00,1.9270,0.001
Kepler-1269 b,37.3331165,657.0,2.5,1.1040,CONFIRMED,0.9960,5623.00,1.5880,0.851
,17.6997392,523.0,1.96,0.7690,CANDIDATE,0.9960,4807.00,0.7420,0.105
Kepler-1852 b,7.9709719,760.0,2.27,0.9270,CONFIRMED,0.9980,5237.00,0.8260,0.911
Kepler-1270 b,6.03355539,1598.0,3.34,1.0660,CONFIRMED,0.9500,4924.00,3.5880,0.35
Kepler-1271 b,3.02558494,1484.0,1.62,1.0660,CONFIRMED,0.9990,6123.00,1.2630,0.839
,0.933746783,1309.0,1.3,0.6520,FALSE POSITIVE,0.0000,4643.00,0.6630,0.007
,6.09740316,1826.0,45.49,2.0530,FALSE POSITIVE,,8828.00,1.8280,1.2051
,0.754457729,2131.0,2.07,0.9250,CANDIDATE,1.0000,5561.00,1.1930,0.677
Kepler-1288 b,2.7612237,2017.0,1.84,1.4360,CONFIRMED,0.9850,6381.00,2.2320,0.238
,5.59727625,975.0,1.26,0.9300,FALSE POSITIVE,0.0000,5796.00,0.8760,0.403
,62.6825769,916.0,39.8,1.5620,CANDIDATE,0.0150,7058.00,3.1010,1.095
,50.5715805,406.0,2.74,0.8750,FALSE POSITIVE,0.0000,5262.00,0.7830,0.074
,16.2707207,827.0,28.42,1.1700,CANDIDATE,1.0000,6117.00,1.2440,1.187
Kepler-1217 b,2.032319072,1542.0,1.87,1.1140,CONFIRMED,0.9990,6156.00,1.0500,0.133
,4.100870416,1413.0,82.46,1.0900,FALSE POSITIVE,0.0000,5923.00,1.5100,0.938
Kepler-1245 b,4.35407371,1043.0,1.63,0.7950,CONFIRMED,0.9980,5455.00,0.9090,0.734
Kepler-1246 b,11.32269749,554.0,1.51,0.6340,CONFIRMED,0.9560,4563.00,0.6420,0.951
Kepler-1247 b,13.71218522,676.0,2.47,0.9230,CONFIRMED,1.0000,5550.00,0.8310,0.68
Kepler-1838 b,12.14684625,1097.0,1.75,1.1870,CONFIRMED,0.9960,5877.00,1.9630,0.687
Kepler-1248 b,7.46718958,1035.0,1.04,1.2510,CONFIRMED,0.7430,6161.00,1.1690,0.486
,5.42204257,1222.0,1.39,1.0660,CANDIDATE,0.9220,6123.00,1.2630,0.94
Kepler-1853 b,48.8882668,386.0,2.96,0.7650,CONFIRMED,0.9990,4821.00,0.7880,0.988
Kepler-1272 b,51.1319346,542.0,2.43,1.0050,CONFIRMED,0.8830,6071.00,1.1070,0.829
,133.516435,344.0,2.01,0.9350,FALSE POSITIVE,,5989.00,0.8480,0.6285
Kepler-1854 b,39.8312536,420.0,1.46,0.8000,CONFIRMED,1.0000,5026.00,0.7590,0.24
Kepler-504 b,9.549277089,374.0,1.57,0.3960,CONFIRMED,1.0000,3547.00,0.3690,0.068
,24.1073172,1065.0,2.74,1.5020,CANDIDATE,0.9660,6585.00,2.5170,0.693
Kepler-1663 b,17.60461401,362.0,2.64,0.5290,CONFIRMED,1.0000,3744.00,0.5160,0.715
,1.228721184,1324.0,1.62,0.7420,FALSE POSITIVE,0.0010,4897.00,0.7640,0.208
,51.5738653,417.0,2.41,0.9240,CANDIDATE,0.9890,5380.00,0.8130,0.275
Kepler-1290 b,4.69505576,1098.0,1.49,1.0450,CONFIRMED,0.9970,5999.00,0.9590,0.204
,0.569115976,1589.0,1.8,0.6390,FALSE POSITIVE,0.0000,4788.00,0.6560,0.068
Kepler-503 b,7.258450123,880.0,5.53,1.0060,FALSE POSITIVE,1.0000,5638.00,0.9200,0.05
,6.0959841,988.0,0.99,0.7670,FALSE POSITIVE,0.0000,5826.00,0.8850,0.657
Kepler-1218 b,22.9221181,684.0,1.33,0.9700,CONFIRMED,0.9930,5897.00,1.0810,0.603
Kepler-1219 b,16.10474503,1159.0,3.21,1.4640,CONFIRMED,0.9900,5822.00,2.8860,0.224
Kepler-1220 b,7.42697378,899.0,1.4,0.9570,CONFIRMED,0.9750,5573.00,0.9820,0.337
,0.874629873,1597.0,0.72,0.7810,FALSE POSITIVE,0.0000,5099.00,0.8320,0.665
,5.46091846,1106.0,1.25,0.9190,FALSE POSITIVE,0.0000,6319.00,0.9300,0.4
Kepler-388 b,3.17323012,830.0,0.88,0.6260,CONFIRMED,0.9970,4500.00,0.6330,0.085
Kepler-388 c,13.2970695,515.0,0.91,0.6260,CONFIRMED,0.9400,4500.00,0.6330,0.03
Kepler-68 b,5.398752862,1140.0,2.21,0.9970,CONFIRMED,1.0000,5790.00,1.1980,0.015
,5.26648126,1155.0,1.07,1.0210,FALSE POSITIVE,0.0000,6204.00,1.0650,0.403
,2.67596808,998.0,1.57,0.7800,FALSE POSITIVE,0.0000,4732.00,0.7950,0.115
Kepler-391 b,7.41683033,1425.0,3.36,1.1360,CONFIRMED,0.8680,4938.00,3.3240,0.873
Kepler-1855 b,0.727331746,849.0,0.67,0.3850,CONFIRMED,0.9580,3460.00,0.3560,0.153
Kepler-1856 b,1.302017467,1344.0,1.37,0.7820,CONFIRMED,1.0000,4948.00,0.8160,0.286
Kepler-1291 b,8.63050092,739.0,1.43,0.8570,CONFIRMED,1.0000,5352.00,0.7640,0.595
,12.49117388,763.0,1.36,0.8750,FALSE POSITIVE,0.0000,5753.00,0.9110,0.747
Kepler-1292 b,3.27645723,1195.0,1.71,1.0790,CONFIRMED,1.0000,5812.00,0.9630,0.001
Kepler-1862 b,16.0573291,645.0,2.27,0.9000,CONFIRMED,1.0000,5644.00,0.8060,0.883
,8.44326557,934.0,1.97,1.1220,FALSE POSITIVE,0.2740,6081.00,1.0230,0.42
Kepler-1834 b,4.60300256,848.0,1.32,0.7650,CONFIRMED,1.0000,4821.00,0.7880,0.072
,16.9329284,793.0,2.46,1.1430,FALSE POSITIVE,0.0000,6310.00,1.0950,0.319
Kepler-1221 b,12.00089667,632.0,1.47,0.6880,CONFIRMED,0.9970,5195.00,0.6900,0.595
,1.169010526,3766.0,91.91,2.2140,FALSE POSITIVE,0.9970,5944.00,5.8470,1.13
Kepler-1222 b,1.916940872,1246.0,0.89,0.8150,CONFIRMED,0.9970,5083.00,0.8720,0.405
Kepler-1839 b,5.05661302,1049.0,1.15,1.0300,CONFIRMED,1.0000,5926.00,0.9390,0.616
Kepler-1249 b,24.3344939,647.0,1.74,1.0450,CONFIRMED,0.9970,6091.00,0.9670,0.017
Kepler-1840 b,131.187921,284.0,2.34,0.7740,CONFIRMED,1.0000,4898.00,0.8030,0.069
,2.17489806,1496.0,1.08,1.0140,FALSE POSITIVE,0.0000,5749.00,1.1500,0.76
Kepler-1841 b,25.8859397,542.0,1.66,0.8230,CONFIRMED,1.0000,5190.00,0.8990,0.922
Kepler-1273 b,28.6253502,573.0,2.38,1.0380,CONFIRMED,1.0000,5774.00,0.9410,0.021
Kepler-1274 b,6.98141327,1384.0,1.42,1.4290,CONFIRMED,0.7390,6054.00,2.1630,0.699
,1.319677953,1843.0,1.13,1.1260,FALSE POSITIVE,0.0000,6306.00,1.0760,0.62
Kepler-1857 b,8.94337724,946.0,1.48,0.8730,CONFIRMED,0.9220,6074.00,1.0050,0.163
,0.827151296,5171.0,19.1,0.9840,CANDIDATE,1.0000,4452.00,11.8950,0.281
Kepler-26 b,12.282998287,431.0,2.83,0.5370,CONFIRMED,1.0000,3879.00,0.5370,0.047
,0.328686504,2324.0,1.11,0.8960,FALSE POSITIVE,0.0000,5430.00,0.8470,0.233
Kepler-2000 b,6.383159135,530.0,2.73,0.5810,CONFIRMED,1.0000,3757.00,0.5760,0.197
Kepler-1293 b,5.57654782,1183.0,0.92,1.2300,CONFIRMED,0.9940,6187.00,1.2380,0.45
Kepler-1294 b,115.6863392,401.0,3.52,1.0210,CONFIRMED,0.9970,5800.00,1.1490,0.226
Kepler-1295 b,3.81371423,1029.0,1.37,0.9180,CONFIRMED,0.9500,5547.00,0.8200,0.306
Kepler-1652 b,38.0970717,242.0,1.58,0.4260,CONFIRMED,0.9990,3554.00,0.3980,0.953
,11.6191707,756.0,2.21,0.9200,CANDIDATE,1.0000,5870.00,0.8340,0.059
,2.637574744,1385.0,9.16,1.1320,FALSE POSITIVE,0.0000,6108.00,1.0300,0.909
,38.2292037,359.0,1.51,0.5920,CANDIDATE,0.9960,4544.00,0.5980,0.571
Kepler-1223 b,16.3012727,557.0,1.54,0.8360,CONFIRMED,0.9920,4873.00,0.7960,0.88
Kepler-1224 b,13.32354078,872.0,1.32,1.1940,CONFIRMED,0.7570,6113.00,1.2180,0.225
Kepler-1250 b,2.607545159,1431.0,2.07,1.1930,CONFIRMED,1.0000,6147.00,1.0960,0.206
Kepler-389 b,3.24417541,1047.0,1.84,0.8130,CONFIRMED,1.0000,5094.00,0.8700,0.761
,176.845697,291.0,42.05,0.8040,CANDIDATE,,5592.00,0.7970,1.4653
,6.85567248,897.0,1.27,0.9820,FALSE POSITIVE,0.0000,5734.00,0.8830,0.479
,2.28607282,942.0,1.01,0.7240,FALSE POSITIVE,0.0000,4583.00,0.6540,0.059
Kepler-68 c,9.60505976,941.0,0.91,0.9970,CONFIRMED,1.0000,5790.00,1.1980,0.54
,3.54789928,987.0,0.99,0.8050,FALSE POSITIVE,0.0150,5399.00,0.7250,0.325
,18.0243482,683.0,1.98,0.9990,CANDIDATE,1.0000,5955.00,0.9100,0.57
,16.4793229,537.0,1.53,0.7970,CANDIDATE,0.9970,4908.00,0.7160,0.263
Kepler-1275 b,3.65690909,1368.0,1.32,1.1620,CONFIRMED,0.9980,6078.00,1.2710,0.217
Kepler-1858 b,88.0712769,330.0,2.4,0.7850,CONFIRMED,0.7170,4939.00,0.8190,0.347
Kepler-1296 b,8.38395796,1285.0,3.24,1.3650,CONFIRMED,0.9960,5405.00,2.6050,0.892
Kepler-1297 b,1.68189051,1790.0,1.27,1.0680,CONFIRMED,0.9980,5827.00,1.3740,0.415
,8.59000355,843.0,1.82,0.9650,FALSE POSITIVE,0.0000,5817.00,0.8760,0.909
Kepler-1863 b,44.9977604,508.0,1.59,1.0970,CONFIRMED,0.9100,5871.00,0.9830,0.928
Kepler-1298 b,7.12815163,1373.0,1.36,1.4430,CONFIRMED,1.0000,6311.00,1.9940,0.201
,2.10081629,1378.0,1.65,0.9740,CANDIDATE,0.9720,5815.00,0.9180,0.979
,0.872952088,3165.0,25.5,1.4800,FALSE POSITIVE,0.0000,7102.00,2.0820,1.1
Kepler-1225 b,7.01074295,1453.0,3.76,1.2430,CONFIRMED,1.0000,5814.00,2.4760,0.427
Kepler-1226 b,17.2922631,809.0,2.13,1.1220,CONFIRMED,0.9930,5936.00,1.2990,0.865
Kepler-1227 b,94.289223,369.0,2.11,1.0260,CONFIRMED,0.9980,5632.00,0.9040,0.613
Kepler-1842 b,14.02634692,822.0,2.66,1.0570,CONFIRMED,0.9980,5970.00,1.1310,0.877
,12.425866431,741.0,2.12,0.8160,FALSE POSITIVE,0.0000,5428.00,0.9400,0.977
Kepler-1843 b,25.5433704,772.0,2.11,1.0200,CONFIRMED,0.9470,5422.00,1.7820,0.44
,33.8542586,1326.0,15.96,1.6160,FALSE POSITIVE,,4553.00,10.4720,0.1881
Kepler-1251 b,45.0909201,487.0,2.44,0.9980,CONFIRMED,1.0000,5790.00,0.9000,0.957
Kepler-1252 b,15.0539886,665.0,1.44,0.7340,CONFIRMED,0.9950,5475.00,0.8180,0.886
,3.67936863,1112.0,0.92,0.7810,CANDIDATE,0.9950,5676.00,0.8480,0.885
,7.4464635,879.0,0.77,0.7810,CANDIDATE,1.0000,5676.00,0.8480,0.531
Kepler-1881 b,159.388788,289.0,2.73,0.8120,CONFIRMED,0.9960,5135.00,0.8740,0.109
Kepler-446 b,1.565412613,648.0,1.73,0.3280,CONFIRMED,1.0000,3464.00,0.3280,0.003
Kepler-446 d,5.14892346,436.0,1.72,0.3280,CONFIRMED,0.9920,3464.00,0.3280,0.719
,0.730943372,2190.0,1.37,1.0850,FALSE POSITIVE,0.0000,6143.00,1.0670,0.792
,0.515552803,1807.0,13.96,0.6980,FALSE POSITIVE,0.0010,5068.00,0.7300,1.128
Kepler-1885 b,2.522590567,1205.0,25.82,0.9770,CONFIRMED,1.0000,5591.00,0.8600,1.261
Kepler-1386 b,6.73968289,1011.0,1.48,0.9200,CONFIRMED,0.9800,5511.00,1.1760,0.662
Kepler-509 b,41.74598855,584.0,2.4,1.0340,CONFIRMED,0.9990,5978.00,1.1710,0.049
,75.378004,455.0,3.82,1.0010,FALSE POSITIVE,0.0000,5876.00,1.0770,0.989
Kepler-1318 b,213.258526,202.0,2.72,0.6590,CONFIRMED,1.0000,4477.00,0.6370,0.037
Kepler-126 d,100.2830675,475.0,2.51,1.0590,CONFIRMED,1.0000,6214.00,1.2970,0.535
Kepler-445 c,4.871223664,341.0,1.56,0.1530,CONFIRMED,1.0000,3157.00,0.1800,0.706
Kepler-445 b,2.984157711,401.0,0.92,0.1530,CONFIRMED,0.9390,3157.00,0.1800,0.45
Kepler-1319 b,2.8867624,557.0,1.24,0.4150,CONFIRMED,1.0000,3483.00,0.3890,0.92
,0.498434645,1676.0,1.08,0.7660,FALSE POSITIVE,0.0000,4784.00,0.7080,0.288
,2.252976718,795.0,1.19,0.5830,CANDIDATE,0.9300,4039.00,0.5590,0.157
,2.75505467,1783.0,1.74,1.2910,FALSE POSITIVE,0.0010,6257.00,1.7480,0.738
,1.572181216,3384.0,77.12,1.7890,FALSE POSITIVE,0.0000,6622.00,4.3150,1.149
,1.28805834,1736.0,1.08,0.9980,FALSE POSITIVE,0.0000,5631.00,1.1320,0.214
,2.72288246,1162.0,1.06,0.9380,FALSE POSITIVE,0.0000,5458.00,0.8720,0.08
Kepler-1367 b,1.574090323,998.0,0.93,0.7310,CONFIRMED,1.0000,4313.00,0.6500,0.071
,0.947738312,1229.0,0.88,0.6540,FALSE POSITIVE,0.0000,4464.00,0.6380,0.022
Kepler-1882 b,13.7872627,894.0,1.55,1.0680,CONFIRMED,1.0000,5691.00,1.4580,0.921
Kepler-127 b,14.4359459,884.0,1.46,1.2250,CONFIRMED,1.0000,6075.00,1.3520,0.613
Kepler-1692 b,5.95958637,897.0,1.02,1.0120,CONFIRMED,1.0000,5452.00,0.9000,0.26
,16.6146221,604.0,1.49,0.8250,CANDIDATE,0.9370,5295.00,0.8000,0.017
,0.497581917,1801.0,0.76,0.6240,FALSE POSITIVE,0.0000,5271.00,0.6300,0.328
,5.83892993,835.0,1.19,0.8390,CANDIDATE,0.9940,5279.00,0.7690,0.319
Kepler-1387 b,2.279523364,1123.0,0.87,0.7600,CONFIRMED,0.9990,5017.00,0.7970,0.033
Kepler-1388 b,12.2854718,434.0,2.21,0.6050,CONFIRMED,1.0000,3891.00,0.5640,0.291
Kepler-1388 c,5.53609368,566.0,2.2,0.6050,CONFIRMED,0.9760,3891.00,0.5640,0.791
,3.09756897,1782.0,1.75,1.3740,CANDIDATE,1.0000,6329.00,1.8850,0.408
Kepler-399 d,58.0337426,486.0,3.21,0.9020,CONFIRMED,0.9980,5467.00,1.1520,0.021
Kepler-399 b,14.4252635,773.0,1.68,0.9020,CONFIRMED,0.9980,5467.00,1.1520,0.013
Kepler-399 c,26.6757818,630.0,2.69,0.9020,CONFIRMED,0.9970,5467.00,1.1520,0.713
Kepler-1320 b,0.868386354,1389.0,1.52,0.7930,CONFIRMED,0.0000,4792.00,0.7040,0.135
Kepler-404 b,11.8288843,730.0,1.18,0.9520,CONFIRMED,,5653.00,0.8570,0.2658
Kepler-404 c,14.7512034,678.0,1.63,0.9520,CONFIRMED,,5653.00,0.8570,0.8759
,1.480323978,1743.0,1.46,0.9360,FALSE POSITIVE,0.0000,5996.00,1.0810,0.617
,205.385912,200.0,2.11,0.6460,CANDIDATE,1.0000,4400.00,0.6240,0.008
Kepler-100 b,6.88707073,1155.0,1.3,1.0500,CONFIRMED,1.0000,5788.00,1.4740,0.696
,165.75597,398.0,15049.8,0.9580,FALSE POSITIVE,,5800.00,1.4120,98.6021
,1.11431205,1635.0,1.07,0.9390,FALSE POSITIVE,0.0000,5776.00,0.8490,0.141
Kepler-1985 b,3.42064689,1129.0,2.27,0.8770,CONFIRMED,0.7090,5370.00,0.9660,0.92
,1.23935745,1583.0,1.5,0.8770,CANDIDATE,1.0000,5370.00,0.9660,0.932
Kepler-1368 b,0.675650404,2085.0,1.36,1.0490,CONFIRMED,0.9980,5966.00,0.9610,0.03
,1.407020118,1350.0,1.12,0.8040,CANDIDATE,0.9920,5022.00,0.8490,0.167
,24.4359956,674.0,2.31,1.0960,CANDIDATE,0.9880,6197.00,1.0350,0.019
,17.7337356,597.0,1.24,0.9140,FALSE POSITIVE,0.0000,5335.00,0.8310,0.514
,10.06478627,729.0,1.49,0.9200,FALSE POSITIVE,0.0000,5438.00,0.8200,0.729
,1.12976597,1429.0,0.83,0.7930,FALSE POSITIVE,0.0000,5366.00,0.7150,0.338
Kepler-36 c,16.23191704,926.0,3.54,1.0090,CONFIRMED,1.0000,5919.00,1.5850,0.017
,15.4126766,618.0,2.82,0.9580,FALSE POSITIVE,0.0000,5240.00,0.8560,0.958
,1.110599919,1539.0,1.07,0.7960,FALSE POSITIVE,0.0000,5227.00,0.8670,0.214
Kepler-126 c,21.86965714,790.0,1.51,1.0590,CONFIRMED,1.0000,6214.00,1.2970,0.557
Kepler-400 b,9.02436414,939.0,1.62,1.0040,CONFIRMED,1.0000,5885.00,1.1110,0.014
Kepler-400 c,17.3408735,755.0,1.43,1.0040,CONFIRMED,0.9920,5885.00,1.1110,0.489
,0.814280672,2563.0,1.91,1.2730,FALSE POSITIVE,0.0000,6366.00,1.5430,0.701
,0.878855771,1864.0,1.57,0.8770,FALSE POSITIVE,0.0000,5727.00,0.9370,0.41
,2.49432176,1342.0,8.91,1.0000,FALSE POSITIVE,0.0000,5780.00,1.0000,0.069
,17.57704569,673.0,27.21,0.8190,CANDIDATE,1.0000,5653.00,0.9010,1.25
,1.00652785,1815.0,1.03,0.9710,FALSE POSITIVE,0.0000,6089.00,0.8890,0.467
,1.99566293,1182.0,1.11,0.8620,FALSE POSITIVE,0.0000,5235.00,0.7710,0.564
,0.755111225,1999.0,1.38,1.0000,FALSE POSITIVE,0.0000,5780.00,1.0000,0.694
,1.400755743,1628.0,1.3,0.9020,CANDIDATE,0.9630,5487.00,1.0720,0.413
Kepler-1369 b,25.8730914,667.0,2.88,1.0480,CONFIRMED,0.9180,6036.00,1.0930,0.196
Kepler-1370 b,20.2642023,770.0,2.12,1.0840,CONFIRMED,1.0000,5937.00,1.2910,0.914
,1.28132831,2215.0,4.52,0.8810,CANDIDATE,0.0000,5918.00,1.5960,0.926
Kepler-1370 c,7.44136102,1075.0,1.33,1.0840,CONFIRMED,0.9310,5937.00,1.2910,0.862
Kepler-1389 b,99.2532336,300.0,2.17,0.7980,CONFIRMED,0.9990,5010.00,0.7150,0.947
,3.84933401,1147.0,2.12,0.9930,FALSE POSITIVE,0.0000,5984.00,0.9060,0.591
,119.0833042,240.0,22.19,0.6500,CANDIDATE,0.0000,4412.00,0.6230,1.257
,27.8813154,681.0,1.54,1.0480,CANDIDATE,0.9990,6434.00,1.0550,0.168
Kepler-1390 b,6.4802138,934.0,1.26,0.9200,CONFIRMED,0.7300,5496.00,0.9830,0.725
,7.50790041,1138.0,1.77,1.3290,CANDIDATE,1.0000,6408.00,1.3370,0.795
,21.3910125,483.0,1.72,0.7590,FALSE POSITIVE,0.0000,4889.00,0.6860,0.347
Kepler-401 b,14.3832267,889.0,1.84,1.0770,CONFIRMED,0.9820,6115.00,1.2910,0.7
Kepler-401 c,47.3186631,598.0,2.1,1.0770,CONFIRMED,0.9980,6115.00,1.2910,0.189
Kepler-1321 b,11.12827427,408.0,4.04,0.5130,CONFIRMED,1.0000,3640.00,0.5030,0.594
Kepler-1342 b,2.21571296,1283.0,1.7,0.8300,CONFIRMED,1.0000,5417.00,0.9010,0.796
Kepler-1875 b,34.4585495,559.0,1.88,0.9500,CONFIRMED,0.9980,6161.00,0.8620,0.626
Kepler-1343 b,3.35184041,1294.0,1.88,1.0720,CONFIRMED,0.9960,6198.00,1.0050,0.091
,1.615758517,2158.0,1.31,0.9650,FALSE POSITIVE,0.0000,5622.00,2.0170,0.234
,110.3783828,473.0,3.02,1.1750,CANDIDATE,1.0000,6342.00,1.3590,0.014
Kepler-1371 b,3.4462125,1015.0,0.7,0.6800,CONFIRMED,1.0000,5374.00,0.7210,0.704
Kepler-1371 c,2.005414293,1216.0,0.65,0.6800,CONFIRMED,0.8290,5374.00,0.7210,0.874
,4.28886792,944.0,0.57,0.6800,CANDIDATE,1.0000,5374.00,0.7210,0.534
,1.868564038,1565.0,1.4,1.0180,FALSE POSITIVE,0.0000,6065.00,1.0230,0.456
,24.5752524,316.0,1.64,0.5450,CANDIDATE,0.9930,3678.00,0.5120,0.489
Kepler-1392 b,15.1408916,714.0,1.93,0.9780,CONFIRMED,0.9970,5926.00,0.8870,0.136
Kepler-1888 b,11.39169531,886.0,1.02,0.8970,CONFIRMED,1.0000,5557.00,1.2490,0.849
,10.1747037,985.0,1.04,1.0160,CANDIDATE,0.9340,5866.00,1.3390,0.726
Kepler-1393 b,2.44358543,1249.0,0.67,0.8500,CONFIRMED,0.9980,5561.00,0.8730,0.258
,1.7592691,1519.0,1.21,0.9210,FALSE POSITIVE,0.0000,5784.00,0.9840,0.564
Kepler-1321 c,2.226496196,697.0,2.1,0.5130,CONFIRMED,1.0000,3640.00,0.5030,0.048
Kepler-1321 d,5.72084599,509.0,1.78,0.5130,CONFIRMED,1.0000,3640.00,0.5030,0.166
Kepler-1322 b,0.962864171,1666.0,1.52,0.8970,CONFIRMED,1.0000,5704.00,0.8040,0.736
Kepler-96 b,16.23847733,711.0,2.76,0.9510,CONFIRMED,1.0000,5683.00,0.9930,0.766
Kepler-1322 c,6.46004728,883.0,1.8,0.8970,CONFIRMED,0.9560,5704.00,0.8040,0.828
Kepler-1344 b,4.76831033,1219.0,1.78,1.0690,CONFIRMED,1.0000,6237.00,1.1160,0.191
Kepler-1345 b,44.616751,693.0,2.31,1.2350,CONFIRMED,0.9960,6763.00,1.4240,0.618
,1.714410345,2551.0,1.84,1.2230,FALSE POSITIVE,0.0000,6340.00,2.4980,0.56
Kepler-1346 b,3.40165617,1236.0,1.34,0.9820,CONFIRMED,1.0000,6177.00,0.9060,0.906
Kepler-1347 b,14.00948631,617.0,0.98,0.7630,CONFIRMED,1.0000,5153.00,0.7670,0.268
,1.703359172,1525.0,0.69,0.9490,FALSE POSITIVE,0.0000,6026.00,0.9040,0.152
,3.77881664,2580.0,3.99,2.0720,FALSE POSITIVE,0.0010,6115.00,5.5440,0.628
Kepler-1372 b,1.311558909,1655.0,1.15,1.0720,CONFIRMED,0.9820,5926.00,0.9630,0.218
Kepler-1373 b,1.291233083,1887.0,0.89,1.1290,CONFIRMED,0.9900,6384.00,1.0860,0.2
Kepler-454 b,10.573751447,844.0,2.07,1.0670,CONFIRMED,1.0000,5720.00,1.0800,0.785
Kepler-1395 b,3.7847507,1311.0,0.7,1.1260,CONFIRMED,0.9920,6017.00,1.2060,0.021
,2.17291055,1507.0,0.93,1.1090,CANDIDATE,0.7850,6164.00,1.0450,0.362
Kepler-1396 b,18.2206024,786.0,1.78,1.1170,CONFIRMED,0.9990,5951.00,1.2620,0.125
,7.35101287,1064.0,1.42,1.1170,CANDIDATE,0.9130,5951.00,1.2620,0.608
Kepler-1397 b,47.4497134,551.0,1.61,1.0420,CONFIRMED,0.9850,6007.00,1.1260,0.016
Kepler-1323 b,0.929906166,2291.0,1.48,1.0750,CONFIRMED,1.0000,6039.00,1.4130,0.102
,0.784513087,10634.0,131.4,1.7720,FALSE POSITIVE,0.0000,3853.00,78.8690,0.029
Kepler-1324 b,4.11585514,895.0,1.93,0.7960,CONFIRMED,1.0000,4827.00,0.8230,0.807
,6.57159435,1211.0,1.26,1.0290,CANDIDATE,1.0000,6042.00,1.4320,0.751
Kepler-1325 b,33.878639,564.0,3.52,0.9330,CONFIRMED,1.0000,5533.00,1.0720,0.923
Kepler-1348 b,27.5722144,636.0,1.94,1.0790,CONFIRMED,0.9950,5912.00,1.0900,0.562
Kepler-1349 b,2.12821621,1668.0,0.7,1.1680,CONFIRMED,1.0000,5952.00,1.3770,0.098
,0.703399912,2013.0,2.15,0.9990,FALSE POSITIVE,0.0000,5955.00,0.9100,0.393
,2.5355023,1477.0,2.7,1.1880,FALSE POSITIVE,0.0240,6268.00,1.1000,0.965
,0.868122253,2047.0,1.65,1.1810,CANDIDATE,1.0000,6116.00,1.0840,0.006
,1.332560553,1249.0,0.4,0.8000,FALSE POSITIVE,0.0000,4947.00,0.7140,0.37
,18.936061,516.0,0.34,0.8000,FALSE POSITIVE,0.0000,4947.00,0.7140,0.285
Kepler-1374 b,10.65275054,737.0,2.2,0.9130,CONFIRMED,1.0000,5602.00,0.8170,0.051
Kepler-1375 b,3.30040818,1543.0,1.43,1.2790,CONFIRMED,1.0000,6333.00,1.4380,0.008
,5.62950902,979.0,2.11,0.9940,FALSE POSITIVE,0.0000,5822.00,0.8980,0.974
,13.84301228,699.0,1.98,0.9280,CANDIDATE,0.9540,5745.00,0.8370,0.052
Kepler-1886 b,24.2758992,580.0,2.25,0.9280,CONFIRMED,0.9730,5745.00,0.8370,0.441
Kepler-1391 b,54.4099612,513.0,1.56,0.9540,CONFIRMED,0.9480,5746.00,1.1330,0.157
,9.12209336,863.0,28.17,1.0600,FALSE POSITIVE,0.0000,5899.00,0.9600,1.236
Kepler-1887 b,19.94752741,625.0,2.52,0.9610,CONFIRMED,0.9880,5749.00,0.8640,0.094
Kepler-36 b,13.84984567,977.0,1.45,1.0090,CONFIRMED,0.0630,5919.00,1.5850,0.012
Kepler-402 c,6.12479773,1140.0,1.51,1.0150,CONFIRMED,0.9800,6052.00,1.2020,0.79
Kepler-402 e,11.24284815,931.0,1.44,1.0150,CONFIRMED,1.0000,6052.00,1.2020,0.52
Kepler-402 b,4.02877097,1311.0,1.21,1.0150,CONFIRMED,0.9970,6052.00,1.2020,0.193
Kepler-402 d,8.92114318,1006.0,1.27,1.0150,CONFIRMED,0.9990,6052.00,1.2020,0.12
Kepler-50 b,7.81285862,1196.0,1.68,1.1870,CONFIRMED,1.0000,6237.00,1.5430,0.03
Kepler-1713 b,18.01164974,900.0,1.83,1.3000,CONFIRMED,1.0000,6477.00,1.4590,0.924
Kepler-1351 b,0.916142298,1212.0,0.6,0.6000,CONFIRMED,0.9920,4374.00,0.6140,0.232
,0.597933473,2564.0,1.24,1.1810,FALSE POSITIVE,0.0000,6543.00,1.1590,0.562
,2.69636494,1406.0,1.24,0.8420,FALSE POSITIVE,0.0000,5653.00,1.1390,0.628
Kepler-1876 b,6.99205021,1194.0,1.06,1.0810,CONFIRMED,1.0000,6057.00,1.4670,0.944
Kepler-1693 b,12.0999065,807.0,1.39,0.9410,CONFIRMED,0.9890,5553.00,1.0980,0.14
Kepler-1693 c,5.36375016,1059.0,1.15,0.9410,CONFIRMED,0.9950,5553.00,1.0980,0.008
,3.17319407,1077.0,0.91,0.7220,FALSE POSITIVE,0.0000,5369.00,0.7840,0.211
,5.24368302,654.0,0.91,0.6190,FALSE POSITIVE,0.0000,4194.00,0.6290,0.006
,5.1952021,836.0,1.37,0.7080,CANDIDATE,0.2760,5044.00,0.7380,0.604
,0.591280187,2385.0,1.3,1.1800,FALSE POSITIVE,0.0000,6246.00,1.0920,0.395
Kepler-1394 b,3.93766786,1947.0,1.36,1.4650,CONFIRMED,1.0000,6277.00,2.7410,0.226
,31.6084371,634.0,1.89,1.0830,CANDIDATE,1.0000,6341.00,1.0330,0.022
,16.1558656,455.0,2.04,0.5280,CANDIDATE,0.7820,4504.00,0.5300,0.973
,1.465943491,2472.0,1.6,1.2290,FALSE POSITIVE,0.0000,6230.00,2.1900,0.211
Kepler-450 b,28.45489091,769.0,6.08,1.3050,CONFIRMED,1.0000,6206.00,1.5730,0.5
Kepler-1871 b,1.952711161,1403.0,2.58,1.0200,CONFIRMED,1.0000,5741.00,0.9460,0.962
,0.620739667,2947.0,29.28,1.2770,FALSE POSITIVE,0.0000,6559.00,1.6020,1.158
,0.587470828,3434.0,51.02,1.2360,FALSE POSITIVE,0.0000,5787.00,2.6670,1.161
,0.934924739,3156.0,2.29,1.5190,FALSE POSITIVE,0.0000,6477.00,2.6280,0.309
,25.7054557,670.0,1.75,1.0470,FALSE POSITIVE,0.0000,6326.00,1.0010,0.722
Kepler-1691 b,3.84822189,1283.0,1.72,1.0940,CONFIRMED,0.9880,5927.00,1.1930,0.368
Kepler-1877 b,2.37752442,1278.0,0.53,1.0220,CONFIRMED,1.0000,5615.00,0.9360,0.256
,2.62838097,1375.0,1.01,1.0700,FALSE POSITIVE,0.0010,5884.00,1.0700,0.087
Kepler-1352 b,1.877878538,1701.0,0.78,1.0170,CONFIRMED,0.9990,6324.00,1.1150,0.248
,3.375716723,1472.0,2.34,1.1220,CANDIDATE,1.0000,6310.00,1.2820,0.982
Kepler-100 d,35.3331932,670.0,1.55,1.0500,CONFIRMED,1.0000,5788.00,1.4740,0.656
Kepler-128 b,15.0896415,968.0,1.42,1.0920,CONFIRMED,1.0000,6063.00,1.6130,0.02
Kepler-1376 b,5.30873978,1042.0,1.08,1.0110,CONFIRMED,0.9810,5914.00,0.9550,0.173
Kepler-1694 b,3.89524296,956.0,1.13,0.7950,CONFIRMED,0.9910,5018.00,0.8380,0.224
Kepler-1377 b,0.740926358,1873.0,1.22,0.8700,CONFIRMED,0.9930,5618.00,0.8740,0.202
,75.8580035,281.0,2.72,0.6450,CANDIDATE,0.0000,4474.00,0.6140,0.935
,1.352564873,2447.0,1.45,1.1030,FALSE POSITIVE,0.0000,6463.00,1.8230,0.669
,7.72768833,899.0,1.89,0.9460,FALSE POSITIVE,0.0000,5765.00,0.9400,0.203
Kepler-1889 b,37.3033197,493.0,2.31,0.8640,CONFIRMED,0.9830,5646.00,0.8170,0.908
,10.16435076,1389.0,1.99,1.4010,CANDIDATE,0.9990,6133.00,2.7100,0.915
,31.9729501,757.0,2.41,1.3110,FALSE POSITIVE,0.0000,6007.00,1.7590,0.773
Kepler-1327 b,14.8877665,831.0,1.96,1.0010,CONFIRMED,1.0000,6143.00,1.1160,0.795
Kepler-1328 b,4.52158614,1214.0,1.31,0.9630,CONFIRMED,0.9890,5576.00,1.2890,0.203
,2.007750531,1319.0,1.64,0.9650,FALSE POSITIVE,0.0000,5645.00,0.8650,0.42
Kepler-403 b,7.03146295,1194.0,1.38,1.2820,CONFIRMED,1.0000,6170.00,1.4990,0.014
Kepler-403 c,54.2811949,604.0,2.07,1.2820,CONFIRMED,0.9860,6170.00,1.4990,0.85
,0.596087893,2967.0,1.92,1.2090,FALSE POSITIVE,0.0000,6049.00,1.8270,0.283
Kepler-449 b,12.58229808,917.0,1.53,0.9110,CONFIRMED,1.0000,5587.00,1.4230,0.044
,7.12684695,941.0,1.38,0.9790,FALSE POSITIVE,0.0000,6050.00,0.8960,0.71
,0.661749944,2420.0,23.92,1.2730,FALSE POSITIVE,0.0000,6363.00,1.1980,1.169
,354.95118,303.0,2.53,1.2810,FALSE POSITIVE,,6392.00,1.2300,0.0405
,1.35477049,1102.0,0.8,0.7230,FALSE POSITIVE,1.0000,4414.00,0.6890,0.24
,0.493393859,1505.0,1.4,0.6450,FALSE POSITIVE,0.0000,4474.00,0.6140,0.961
Kepler-1378 b,11.95401876,525.0,2.1,0.6480,CONFIRMED,1.0000,4359.00,0.6590,0.744
,2.48883033,1230.0,0.64,0.8270,FALSE POSITIVE,0.0000,5615.00,0.8330,0.696
,20.2340219,562.0,0.99,0.7880,FALSE POSITIVE,0.0000,5528.00,0.7100,0.249
Kepler-1379 b,0.88184263,1564.0,1.24,0.8710,CONFIRMED,1.0000,5268.00,0.7760,0.454
Kepler-1312 b,5.448321078,978.0,2.17,0.9830,CONFIRMED,1.0000,5721.00,0.9050,0.614
Kepler-1312 c,1.116127169,1659.0,1,0.9830,CONFIRMED,1.0000,5721.00,0.9050,0.648
,195.613824,467.0,10.65,1.2390,FALSE POSITIVE,0.0000,5970.00,2.2290,0.891
,237.787237,354.0,9.91,1.0800,CANDIDATE,0.9990,5185.00,1.8530,0.947
Kepler-1313 b,3.833087643,1012.0,2.25,0.8780,CONFIRMED,1.0000,5397.00,0.8310,0.932
Kepler-50 c,9.37663713,1125.0,1.89,1.1870,CONFIRMED,1.0000,6237.00,1.5430,0.828
Kepler-1688 b,5.62006198,772.0,1.45,0.8140,CONFIRMED,1.0000,4868.00,0.7460,0.969
Kepler-1872 b,3.8259005,1005.0,3.45,0.9130,CONFIRMED,1.0000,5223.00,0.8850,0.951
Kepler-1873 b,0.558841234,1787.0,1.33,0.9030,CONFIRMED,1.0000,5151.00,0.7920,0.307
Kepler-1329 b,9.33648141,577.0,2.39,0.6370,CONFIRMED,1.0000,4442.00,0.6480,0.901
Kepler-1354 b,76.6139446,466.0,2.61,0.9880,CONFIRMED,0.9970,6173.00,1.0300,0.851
,0.698461304,5173.0,14.81,2.1700,CANDIDATE,1.0000,4676.00,12.5580,0.459
,1.545388842,1421.0,0.56,0.8690,FALSE POSITIVE,0.0000,5782.00,0.7670,0.341
Kepler-1355 b,1.289590179,1448.0,1.38,0.9060,CONFIRMED,1.0000,5467.00,0.8080,0.401
Kepler-1356 b,0.634003002,1714.0,1.35,0.8400,CONFIRMED,1.0000,5226.00,0.7500,0.367
,1.56859048,1693.0,23.41,1.0080,FALSE POSITIVE,0.0010,6248.00,1.0020,1.198
Kepler-128 c,22.8030252,843.0,1.29,1.0920,CONFIRMED,1.0000,6063.00,1.6130,0.291
,0.623441939,3219.0,13.89,1.3090,FALSE POSITIVE,0.0000,5385.00,2.8710,1.027
,5.24364571,1149.0,25.01,1.0320,FALSE POSITIVE,0.0000,6197.00,1.0560,1.201
Kepler-1884 b,8.98826122,864.0,1.39,0.9930,CONFIRMED,0.9980,5984.00,0.9060,0.92
,110.7556272,651.0,29.64,1.5360,CANDIDATE,0.9840,6525.00,2.6680,0.917
,4.15743922,2089.0,96.99,1.6230,FALSE POSITIVE,0.0000,6529.00,3.1310,1.242
,14.4079035,624.0,23.4,0.8140,CANDIDATE,0.0000,5440.00,0.7280,1.226
Kepler-397 c,135.4978256,295.0,6.01,0.7820,CONFIRMED,1.0000,5307.00,0.7570,0.804
Kepler-397 b,22.2508509,539.0,2.07,0.7820,CONFIRMED,0.9600,5307.00,0.7570,0.771
,8.53161917,891.0,54.6,1.0000,FALSE POSITIVE,0.0060,5780.00,1.0000,1.118
,0.526615152,2959.0,1.46,1.1310,FALSE POSITIVE,0.0000,5718.00,1.8320,0.028
,0.690405794,1731.0,1.04,0.7360,FALSE POSITIVE,0.0000,5204.00,0.7860,0.281
Kepler-1330 b,10.10773789,879.0,1.98,0.9150,CONFIRMED,1.0000,5480.00,1.1740,0.151
,7.0956395,989.0,1.2,0.9150,CANDIDATE,0.8990,5480.00,1.1740,0.06
,1.844857057,1601.0,0.97,0.9310,FALSE POSITIVE,0.0000,6143.00,1.0040,0.594
,18.0116764,695.0,2.02,1.0190,FALSE POSITIVE,0.0030,6003.00,0.9320,0.683
Kepler-449 c,33.67280658,661.0,1.86,0.9110,CONFIRMED,0.7970,5587.00,1.4230,0.309
Kepler-1357 b,3.00912491,1177.0,1.22,1.0100,CONFIRMED,1.0000,5713.00,0.8930,0.009
,79.2450351,404.0,3.33,0.8920,CANDIDATE,0.9830,5648.00,0.9170,0.001
Kepler-1878 b,4.44589508,1063.0,1.94,0.9560,CONFIRMED,0.9990,5918.00,0.8650,0.704
,2.023126394,1607.0,0.92,1.0770,FALSE POSITIVE,0.0000,6349.00,1.0590,0.391
,10.63609504,728.0,1.36,0.9070,FALSE POSITIVE,0.0000,5546.00,0.8100,0.029
Kepler-1380 b,10.3108232,786.0,1.27,0.9670,CONFIRMED,1.0000,5708.00,0.8930,0.129
,1.069842837,1433.0,1.77,0.7520,FALSE POSITIVE,0.0000,4999.00,0.7860,0.001
,1.077467951,2339.0,31.06,1.1350,FALSE POSITIVE,0.0000,6329.00,1.5080,1.181
,126.4451275,321.0,4.49,0.8880,CANDIDATE,1.0000,5613.00,0.7950,0.046
,2.8736467,2866.0,6.47,2.0320,FALSE POSITIVE,0.0000,8173.00,3.1690,0.985
,2.846517614,528.0,1.88,0.3200,FALSE POSITIVE,0.0000,3468.00,0.3200,0.931
Kepler-1868 b,211.032819,215.0,3.43,0.7430,CONFIRMED,1.0000,4658.00,0.6860,0.808
Kepler-1869 c,1.716828304,1455.0,0.74,0.9870,CONFIRMED,1.0000,5808.00,0.9020,0.7
,0.755103143,2927.0,1.49,1.2260,FALSE POSITIVE,0.0000,5996.00,2.1280,0.662
,20.71927223,818.0,2.51,0.9940,FALSE POSITIVE,0.0000,5729.00,1.5450,0.744
Kepler-1332 b,11.87457664,728.0,1.32,0.9070,CONFIRMED,1.0000,5523.00,0.8800,0.432
Kepler-1333 b,109.6469948,428.0,4.85,0.9320,CONFIRMED,0.9870,5332.00,1.4530,0.797
Kepler-1334 b,15.64588656,710.0,2.18,1.0080,CONFIRMED,0.9950,5896.00,0.9160,0.033
,0.93375241,1594.0,3.18,0.9310,FALSE POSITIVE,0.0000,5402.00,0.8150,0.989
,1.70336496,1484.0,1.67,1.0020,FALSE POSITIVE,0.0000,5881.00,0.9150,0.508
,0.764174368,2241.0,1.18,1.2070,FALSE POSITIVE,0.0000,6321.00,1.1250,0.626
,1.85373924,345.0,0.23,0.0940,FALSE POSITIVE,0.0000,2661.00,0.1160,0.551
Kepler-1358 b,7.06321927,827.0,1.21,0.7530,CONFIRMED,0.9930,5305.00,0.8180,0.56
,0.584310213,2053.0,23.09,0.9770,FALSE POSITIVE,0.0000,5783.00,0.8800,1.209
Kepler-1381 b,25.384175,649.0,2.44,1.0670,CONFIRMED,0.9990,6137.00,0.9940,0.245
Kepler-129 b,15.79196594,910.0,2.4,1.2510,CONFIRMED,0.9520,5758.00,1.7040,0.032
,5.77207177,915.0,1.54,0.9770,CANDIDATE,0.9850,5591.00,0.8600,0.018
,46.151253,423.0,2.08,0.7230,CANDIDATE,0.9770,5204.00,0.7690,0.688
Kepler-1869 b,8.16733851,865.0,1.03,0.9870,CONFIRMED,1.0000,5808.00,0.9020,0.801
Kepler-100 c,12.81590421,939.0,2.26,1.0500,CONFIRMED,1.0000,5788.00,1.4740,0.58
,79.99623328,717.0,40.73,1.7150,FALSE POSITIVE,0.3540,6796.00,2.4900,0.594
Kepler-1314 b,5.424749327,625.0,5.15,0.5800,CONFIRMED,1.0000,4137.00,0.5910,0.016
,165.3447044,301.0,6.98,0.7980,CANDIDATE,1.0000,5594.00,0.8120,0.917
Kepler-1870 b,3.606940379,1046.0,2.04,0.9550,CONFIRMED,1.0000,5508.00,0.8400,0.857
,69.2002312,585.0,45.24,1.2910,FALSE POSITIVE,0.0000,7044.00,1.2670,1.276
Kepler-1335 b,6.26404774,809.0,1.55,0.7890,CONFIRMED,1.0000,5032.00,0.8170,0.232
Kepler-1336 b,23.1985852,793.0,2.61,1.0040,CONFIRMED,0.9330,5416.00,1.7560,0.305
Kepler-1336 c,5.77721259,1260.0,2.17,1.0040,CONFIRMED,0.9920,5416.00,1.7560,0.692
,0.905037231,2627.0,1.1,1.1590,FALSE POSITIVE,0.0000,6223.00,1.7630,0.323
Kepler-1359 b,59.4969009,369.0,2.92,0.8000,CONFIRMED,0.9930,4817.00,0.8330,0.406
Kepler-1879 b,10.61345333,987.0,1.77,1.0230,CONFIRMED,1.0000,5865.00,1.3880,0.535
Kepler-127 d,48.6303805,590.0,2.48,1.2250,CONFIRMED,0.9990,6075.00,1.3520,0.034
Kepler-1360 b,40.5289885,933.0,5.92,1.9070,CONFIRMED,0.9890,6443.00,3.0860,0.325
,0.571940563,3320.0,1.88,1.0470,FALSE POSITIVE,0.0000,5827.00,2.2860,0.792
,0.633514386,1357.0,0.81,0.6100,FALSE POSITIVE,0.0000,4330.00,0.6180,0.231
,17.4166143,723.0,1.84,1.0460,FALSE POSITIVE,0.0000,5946.00,1.0170,0.489
Kepler-1382 b,16.3583482,959.0,2.23,1.3770,CONFIRMED,0.9960,6133.00,1.7650,0.887
,36.0054414,1024.0,3.33,1.8400,FALSE POSITIVE,0.0010,7048.00,2.8380,0.745
Kepler-1383 b,13.9093544,928.0,1.33,1.1280,CONFIRMED,0.9010,6052.00,1.4240,0.132
,97.4463194,283.0,3.05,0.7300,CANDIDATE,1.0000,4735.00,0.6860,0.063
,1.257689465,1513.0,2.45,0.8400,FALSE POSITIVE,0.0000,5676.00,0.7870,0.197
Kepler-398 b,4.081411554,755.0,1,0.6980,CONFIRMED,0.9980,4498.00,0.6350,0.876
Kepler-398 c,11.41941928,536.0,0.99,0.6980,CONFIRMED,0.9880,4498.00,0.6350,0.918
Kepler-398 d,6.83440674,636.0,1.01,0.6980,CONFIRMED,0.9920,4498.00,0.6350,0.871
,174.636181,481.0,11.12,1.3130,CANDIDATE,0.6060,5974.00,2.2320,0.04
Kepler-1337 b,24.4004378,437.0,2.47,0.6690,CONFIRMED,0.9960,4583.00,0.6740,0.909
,4.029810359,1479.0,1.77,1.1270,FALSE POSITIVE,0.0000,5929.00,1.6510,0.45
,1.287622419,1957.0,0.87,1.2080,FALSE POSITIVE,0.0000,6170.00,1.2740,0.819
Kepler-1338 b,0.935115863,2124.0,1.05,1.0960,CONFIRMED,0.9750,5874.00,1.2970,0.243
Kepler-1361 b,3.57551429,1061.0,0.89,0.8320,CONFIRMED,0.9910,5213.00,0.9170,0.462
,1.791877025,2223.0,1.48,1.1560,CANDIDATE,0.9610,6002.00,2.1390,0.403
Kepler-1362 b,136.205112,248.0,2.35,0.7110,CONFIRMED,1.0000,4648.00,0.6750,0.49
Kepler-1880 b,6.30922043,606.0,1.37,0.5240,CONFIRMED,0.9970,4380.00,0.5300,0.118
Kepler-1363 b,2.94194296,988.0,1.22,0.7330,CONFIRMED,1.0000,4901.00,0.7580,0.03
,145.881936,424.0,1.8,1.1280,CANDIDATE,0.8040,6052.00,1.4240,0.325
,1.146934644,1554.0,1.39,0.8620,FALSE POSITIVE,0.0010,5423.00,0.8620,0.405
,1.245353252,1704.0,1.48,1.0470,FALSE POSITIVE,0.0000,5982.00,0.9600,0.528
Kepler-129 c,82.2001239,525.0,2.57,1.2510,CONFIRMED,0.8030,5758.00,1.7040,0.001
Kepler-1384 b,15.3626052,608.0,1.8,0.8060,CONFIRMED,0.8870,5011.00,0.8510,0.25
Kepler-1315 b,0.843379985,1541.0,1.7,0.8090,CONFIRMED,1.0000,4818.00,0.8560,0.696
Kepler-1315 c,6.56606941,777.0,1.83,0.8090,CONFIRMED,1.0000,4818.00,0.8560,0.687
Kepler-126 b,10.49566303,1009.0,1.34,1.0590,CONFIRMED,1.0000,6214.00,1.2970,0.16
,2.50343279,1147.0,20.23,0.7820,CANDIDATE,1.0000,5174.00,0.8400,1.178
,96.4562198,727.0,9.1,1.7040,CANDIDATE,0.9960,7029.00,2.7040,0.775
,44.5643831,940.0,5.8,1.7040,CANDIDATE,0.9920,7029.00,2.7040,0.851
Kepler-1339 b,1.34155642,1642.0,0.74,0.9450,CONFIRMED,0.8440,5779.00,0.9700,0.259
Kepler-1689 b,8.48299282,879.0,0.8,0.9400,CONFIRMED,0.9950,5827.00,0.9330,0.564
Kepler-1340 b,0.665025941,2174.0,1.11,1.0700,CONFIRMED,0.9410,5884.00,1.0700,0.448
Kepler-1690 b,234.635652,267.0,2.56,0.8670,CONFIRMED,0.9980,5422.00,0.8850,0.025
,253.374581,555.0,19.25,2.1220,CANDIDATE,0.9770,5177.00,5.9490,0.028
Kepler-1364 b,13.32191461,1299.0,2.88,1.5840,CONFIRMED,1.0000,6995.00,2.2740,0.784
Kepler-1365 b,7.69994466,969.0,0.92,0.9460,CONFIRMED,0.9960,5727.00,1.1040,0.018
Kepler-1365 c,4.77466043,1137.0,0.81,0.9460,CONFIRMED,0.9360,5727.00,1.1040,0.03
Kepler-127 c,29.39337161,698.0,2.5,1.2250,CONFIRMED,1.0000,6075.00,1.3520,0.512
Kepler-1366 b,2.164570593,783.0,1.27,0.5780,CONFIRMED,1.0000,3941.00,0.5540,0.338
,12.4258343,830.0,2.75,1.0600,FALSE POSITIVE,0.0000,6185.00,0.9910,0.967
,0.873227249,2152.0,1.68,1.1540,FALSE POSITIVE,0.0520,6341.00,1.1110,0.14
Kepler-1385 b,2.88878583,1423.0,0.84,1.1390,CONFIRMED,0.9970,5696.00,1.3310,0.242
,21.1181653,1110.0,2.89,1.4430,CANDIDATE,0.9880,6461.00,2.5660,0.675
,5.06092282,998.0,0.98,0.9390,CANDIDATE,0.9990,5637.00,0.9110,0.944
,7.37453336,1654.0,87.08,1.7660,FALSE POSITIVE,0.0000,5028.00,4.9910,1.139
Kepler-1316 b,87.9724227,446.0,3.39,0.9880,CONFIRMED,0.9500,5837.00,1.1590,0.015
Kepler-1317 b,0.568874717,1796.0,1.49,0.8890,CONFIRMED,1.0000,5223.00,0.7800,0.05
,0.910020582,1127.0,1.12,0.5500,CANDIDATE,1.0000,4297.00,0.5330,0.79
,22.023514,639.0,4.79,0.9860,FALSE POSITIVE,0.0000,5860.00,0.9360,0.934
,1.07808492,1417.0,1.01,0.7830,CANDIDATE,1.0000,4906.00,0.8140,0.287
Kepler-1874 b,56.5732318,356.0,2.69,0.7580,CONFIRMED,1.0000,4701.00,0.7750,0.942
,1.846861455,1337.0,2.23,0.9770,FALSE POSITIVE,0.0000,5591.00,0.8600,0.48
Kepler-507 b,3.568099612,1407.0,1.36,1.1070,CONFIRMED,0.9990,6007.00,1.3340,0.531
Kepler-1341 b,132.9955503,241.0,2.51,0.6870,CONFIRMED,1.0000,4523.00,0.6590,0.703
Kepler-135 b,6.002548291,1209.0,2.33,1.2570,CONFIRMED,1.0000,6204.00,1.3600,0.914
Kepler-135 c,11.44865823,975.0,1.32,1.2570,CONFIRMED,1.0000,6204.00,1.3600,0.824
Kepler-516 b,24.85466504,1095.0,7.61,1.7000,CONFIRMED,1.0000,6967.00,2.5270,0.746
Kepler-517 b,60.92818866,467.0,2.78,0.8710,CONFIRMED,0.9950,5638.00,1.0230,0.009
Kepler-518 b,8.512037736,839.0,2.14,0.9790,CONFIRMED,1.0000,5767.00,0.8810,0.005
,5.93720557,894.0,1.84,0.8020,FALSE POSITIVE,0.0000,5857.00,0.7120,0.976
,5.93719982,1059.0,1.47,1.0990,FALSE POSITIVE,0.0000,6102.00,1.0260,0.748
,1.63345402,1750.0,24.87,1.0190,FALSE POSITIVE,0.0000,6283.00,1.0910,1.19
Kepler-537 b,3.247548814,1181.0,1.41,1.0910,CONFIRMED,1.0000,5703.00,0.9750,0.31
,14.022451457,810.0,14.93,1.0120,FALSE POSITIVE,0.0040,6061.00,1.0500,0.189
,2.442945167,1587.0,38.29,0.9830,FALSE POSITIVE,0.0000,5657.00,1.4280,1.217
,1.312459403,2824.0,1.65,1.3880,FALSE POSITIVE,0.0000,6543.00,2.5070,0.732
,11.1916199,782.0,1.47,0.9700,CANDIDATE,0.9460,5646.00,0.9560,0.895
Kepler-1408 b,2.99792926,1616.0,1.12,1.1360,CONFIRMED,0.6030,5888.00,1.6450,0.403
Kepler-1410 b,60.8660974,244.0,1.39,0.5390,CONFIRMED,0.9960,3808.00,0.5220,0.004
,2.11547854,1521.0,1.66,1.0860,FALSE POSITIVE,0.0000,6208.00,1.0240,0.755
,174.731515,287.0,3,0.8200,CANDIDATE,0.9940,5201.00,0.8970,0.021
,5.54867998,882.0,0.68,0.8310,FALSE POSITIVE,0.0000,5258.00,0.8350,0.095
,1.22174063,1461.0,0.46,0.8310,FALSE POSITIVE,0.0000,5258.00,0.8350,0.004
Kepler-1901 b,3.48412874,1132.0,1.16,1.0220,CONFIRMED,1.0000,5696.00,0.9210,0.106
Kepler-92 b,13.74883059,975.0,3.63,1.1420,CONFIRMED,1.0000,5862.00,1.6700,0.658
,0.858546796,1671.0,0.88,0.8430,CANDIDATE,1.0000,5269.00,0.8640,0.241
,5.518195,969.0,0.46,0.9790,CANDIDATE,0.7860,5767.00,0.8810,0.243
Kepler-99 b,4.603575293,810.0,1.51,0.8050,CONFIRMED,1.0000,4783.00,0.7410,0.246
Kepler-519 b,24.30784323,532.0,2.14,0.9130,CONFIRMED,1.0000,5313.00,0.8200,0.425
Kepler-520 b,19.67409703,711.0,1.78,1.0270,CONFIRMED,1.0000,6023.00,1.0310,0.914
Kepler-101 b,3.487688776,1445.0,5.64,1.0740,CONFIRMED,1.0000,5576.00,1.5930,0.026
Kepler-538 b,81.737872,385.0,2.16,0.8820,CONFIRMED,0.7550,5559.00,0.8730,0.02
,75.1122132,777.0,23.23,1.6940,CANDIDATE,0.9530,6201.00,3.3540,0.838
Kepler-1656 b,31.578651216,570.0,4.52,0.9870,CONFIRMED,0.9980,5733.00,0.9900,0.04
,110.32167272,761.0,18.6,2.1580,FALSE POSITIVE,0.0000,9244.00,2.0250,0.715
Kepler-144 b,5.88527364,1253.0,1.59,1.0720,CONFIRMED,1.0000,6070.00,1.4310,0.622
,1.086486129,2539.0,1.69,1.0600,FALSE POSITIVE,0.0000,5911.00,2.0000,0.524
,3.76562031,1084.0,19.39,0.9490,CANDIDATE,0.9980,5743.00,0.8530,1.193
Kepler-1411 b,86.1160885,441.0,3.11,1.1500,CONFIRMED,0.9410,6161.00,1.0530,0.016
Kepler-1412 b,3.61460332,1397.0,0.9,0.9990,CONFIRMED,0.9390,5799.00,1.3750,0.026
Kepler-130 b,8.45744892,982.0,1.02,0.9500,CONFIRMED,0.9990,5903.00,1.1370,0.494
,2.46288834,1391.0,0.67,0.8480,CANDIDATE,0.9800,5893.00,0.9670,0.256
Kepler-1902 b,3.82223397,601.0,1.05,0.5200,CONFIRMED,0.6140,3729.00,0.5140,0.725
Kepler-1903 b,17.067644,769.0,1.62,1.0530,CONFIRMED,0.9290,6347.00,0.9960,0.106
,5.78542702,1212.0,1.91,1.2000,FALSE POSITIVE,0.0030,6555.00,1.1780,0.163
Kepler-1424 b,29.6099055,629.0,1.74,0.9770,CONFIRMED,0.9960,5812.00,1.1220,0.984
Kepler-1905 b,3.42390809,1212.0,1.25,1.0380,CONFIRMED,1.0000,5788.00,1.0150,0.213
Kepler-520 c,5.21104597,1107.0,1.18,1.0270,CONFIRMED,1.0000,6023.00,1.0310,0.833
Kepler-1715 b,35.5969684,646.0,3.72,1.0820,CONFIRMED,1.0000,6212.00,1.2090,0.895
,1.633107509,1083.0,0.53,0.6720,FALSE POSITIVE,0.0010,4579.00,0.6840,0.35
,66.1544958,315.0,3.33,0.6380,FALSE POSITIVE,,4679.00,0.6430,0.8526
Kepler-136 b,11.57890926,951.0,2.06,1.1930,CONFIRMED,1.0000,6156.00,1.3030,0.359
Kepler-144 c,10.10463142,1046.0,1.59,1.0720,CONFIRMED,1.0000,6070.00,1.4310,0.571
Kepler-145 c,42.88247951,709.0,3.61,1.2400,CONFIRMED,0.9990,6143.00,1.7630,0.391
Kepler-63 b,9.43414171,791.0,5.73,0.9430,CONFIRMED,0.9990,5578.00,0.8860,0.538
Kepler-145 b,22.95062278,873.0,2.17,1.2400,CONFIRMED,0.9890,6143.00,1.7630,0.748
,498.391282,339.0,17.14,1.4380,FALSE POSITIVE,0.0000,5134.00,3.1070,0.959
Kepler-539 b,125.6291479,388.0,10.02,0.9720,CONFIRMED,0.0060,5819.00,1.1110,0.471
,45.1178526,517.0,2.78,0.8600,FALSE POSITIVE,0.0000,5585.00,1.0380,0.97
Kepler-1893 b,4.17939037,1194.0,1.52,0.9730,CONFIRMED,0.9630,5633.00,1.1620,0.317
,10.9192653,1107.0,1.9,1.2340,CANDIDATE,1.0000,5745.00,1.9720,0.434
,0.803835923,2129.0,0.78,1.1040,FALSE POSITIVE,0.0000,6242.00,1.0470,0.447
Kepler-1894 b,2.76263737,1231.0,1.25,0.9990,CONFIRMED,0.8280,5772.00,0.9010,0.46
Kepler-431 d,11.9216035,851.0,0.87,1.0810,CONFIRMED,0.9830,6006.00,1.0820,0.929
Kepler-431 b,6.80257947,1026.0,0.73,1.0810,CONFIRMED,0.9820,6006.00,1.0820,0.889
Kepler-431 c,8.70312154,945.0,0.72,1.0810,CONFIRMED,1.0000,6006.00,1.0820,0.886
,1.332557603,1703.0,19.88,1.0450,FALSE POSITIVE,0.0000,6091.00,0.9670,1.174
,11.32029599,811.0,8.02,1.0000,FALSE POSITIVE,0.0000,5780.00,1.0000,0.914
Kepler-92 c,26.723169,781.0,2.31,1.1420,CONFIRMED,0.9760,5862.00,1.6700,0.035
Kepler-136 c,16.39926461,847.0,1.94,1.1930,CONFIRMED,0.9980,6156.00,1.3030,0.115
Kepler-137 c,18.73577127,568.0,2.1,0.8140,CONFIRMED,1.0000,5188.00,0.7950,0.785
Kepler-137 b,8.43639829,742.0,1.5,0.8140,CONFIRMED,1.0000,5188.00,0.7950,0.51
Kepler-138 c,13.78109471,402.0,1.42,0.5050,CONFIRMED,1.0000,3846.00,0.5030,0.545
Kepler-138 d,23.08902241,338.0,1.24,0.5050,CONFIRMED,1.0000,3846.00,0.5030,0.32
Kepler-101 c,6.02977241,1204.0,1.18,1.0740,CONFIRMED,0.9170,5576.00,1.5930,0.379
Kepler-1718 b,135.1879934,345.0,2.32,0.8460,CONFIRMED,1.0000,5731.00,0.9060,0.023
Kepler-540 b,172.7046083,355.0,2.85,0.9100,CONFIRMED,0.9920,5851.00,1.1160,0.004
Kepler-1704 b,988.8811177,223.0,10.81,1.1050,CONFIRMED,,5755.00,1.5490,0.1667
,44.14599042,624.0,121.48,1.1760,FALSE POSITIVE,0.0000,6692.00,1.1520,1.902
,1.411627439,1966.0,2.99,1.1760,FALSE POSITIVE,0.0000,6692.00,1.1520,0.853
Kepler-9 b,19.270825843,661.0,7.74,1.0340,CONFIRMED,0.0000,5779.00,0.9560,0.169
Kepler-1894 c,5.05368985,1007.0,1.21,0.9990,CONFIRMED,0.9720,5772.00,0.9010,0.53
,4.39049637,1637.0,2.07,1.2980,FALSE POSITIVE,0.0010,6429.00,1.9080,0.389
Kepler-1413 b,13.1829329,661.0,1.84,0.9280,CONFIRMED,0.9580,5382.00,0.8270,0.016
Kepler-1414 b,3.51575492,1033.0,1.35,0.8330,CONFIRMED,0.9980,5094.00,0.9010,0.061
Kepler-130 d,87.5177787,451.0,1.85,0.9500,CONFIRMED,0.8940,5903.00,1.1370,0.983
,14.0498182,480.0,1.45,0.6420,FALSE POSITIVE,0.0000,4228.00,0.6520,0.569
Kepler-1426 b,14.2563272,797.0,1.73,1.0940,CONFIRMED,0.9980,6140.00,1.0270,0.894
,4.21223579,887.0,1.04,0.6980,CANDIDATE,0.9990,5116.00,0.7000,0.97
Kepler-1427 b,0.968980781,1844.0,1.08,1.0830,CONFIRMED,0.8770,5866.00,1.0000,0.065
,8.589562,891.0,15.95,0.8270,FALSE POSITIVE,0.0000,5766.00,0.9450,1.138
Kepler-138 b,10.31282204,443.0,0.59,0.5050,CONFIRMED,0.9990,3846.00,0.5030,0.061
Kepler-1716 b,35.58349688,408.0,2.03,0.7530,CONFIRMED,1.0000,4894.00,0.6840,0.001
Kepler-139 b,15.77111067,752.0,2.62,1.0250,CONFIRMED,1.0000,5620.00,1.1430,0.009
Kepler-139 c,157.0659976,350.0,2.63,1.0250,CONFIRMED,1.0000,5620.00,1.1430,0.004
Kepler-139 d,7.305706326,972.0,2.11,1.0250,CONFIRMED,1.0000,5620.00,1.1430,0.826
Kepler-9 c,38.90787517,523.0,7.98,1.0340,CONFIRMED,,5779.00,0.9560,0.6883
,1.951082219,2005.0,10.35,1.2580,CANDIDATE,1.0000,5302.00,2.4260,0.925
Kepler-9 d,1.59295975,1517.0,1.48,1.0340,CONFIRMED,,5779.00,0.9560,0.0779
,4.94402197,1419.0,32.92,1.1410,FALSE POSITIVE,0.0000,6013.00,1.7000,1.157
,6.71725648,1264.0,2.78,1.2850,FALSE POSITIVE,0.0730,6078.00,1.6830,0.163
,23.1375919,837.0,1.83,1.2850,CANDIDATE,1.0000,6078.00,1.6830,0.429
Kepler-1895 b,6.07032548,789.0,1.36,0.8600,CONFIRMED,0.9290,5076.00,0.7630,0.454
,1.33256952,1461.0,1.06,0.9180,FALSE POSITIVE,0.0000,5547.00,0.8200,0.463
,18.9763286,638.0,2.24,0.8610,CANDIDATE,1.0000,5300.00,0.9860,0.922
,6.34724702,919.0,1.35,0.8610,CANDIDATE,0.9850,5300.00,0.9860,0.739
,7.19552624,1037.0,1.67,1.1780,FALSE POSITIVE,0.0000,6242.00,1.0930,0.593
Kepler-1906 b,7.36272124,901.0,1.86,0.9870,CONFIRMED,1.0000,5868.00,0.8940,0.253
Kepler-1428 b,10.6761592,1049.0,1.79,1.3880,CONFIRMED,0.9890,6460.00,1.4340,0.403
Kepler-1429 b,4.48494315,1199.0,1.23,1.1000,CONFIRMED,0.9720,6217.00,1.0510,0.3
,10.76800074,885.0,0.92,0.9540,CANDIDATE,1.0000,5874.00,1.0960,0.583
,4.32848303,1199.0,0.66,0.9540,CANDIDATE,0.9860,5874.00,1.0960,0.367
Kepler-92 d,49.3567907,637.0,1.91,1.1420,CONFIRMED,0.4760,5862.00,1.6700,0.277
Kepler-521 b,22.20809549,803.0,3.02,1.3240,CONFIRMED,0.9990,6336.00,1.4030,0.017
Kepler-522 b,38.5833679,761.0,8.56,1.4860,CONFIRMED,0.9870,6273.00,1.9270,0.905
,46.15119482,703.0,10.02,1.1870,CANDIDATE,0.9980,5877.00,1.9630,0.904
,4.79179893,1249.0,26.26,1.1350,FALSE POSITIVE,0.0000,6499.00,1.1030,1.209
Kepler-406 b,2.426304127,1302.0,1.41,1.0430,CONFIRMED,1.0000,5678.00,0.9700,0.694
,4.780327581,1441.0,7.14,1.1970,CANDIDATE,1.0000,5937.00,1.7870,0.952
,3.741231778,951.0,1.55,0.8610,FALSE POSITIVE,0.0000,5206.00,0.7670,0.25
,1.168310132,1577.0,1.43,0.8210,FALSE POSITIVE,0.0000,5509.00,0.8570,0.107
,25.9525478,865.0,74.69,1.4010,FALSE POSITIVE,0.0000,5211.00,2.7210,1.228
Kepler-147 c,33.4160553,689.0,2.98,1.1080,CONFIRMED,1.0000,6007.00,1.4200,0.947
Kepler-147 b,12.6119685,953.0,1.33,1.1080,CONFIRMED,0.9930,6007.00,1.4200,0.709
,7.64809462,840.0,1.19,0.9440,CANDIDATE,0.9910,5641.00,0.8500,0.265
Kepler-1415 b,0.636424848,1846.0,1.31,0.9880,CONFIRMED,0.9730,5343.00,0.8850,0.319
,8.55935323,921.0,1.21,0.8920,FALSE POSITIVE,0.0000,6115.00,0.9190,0.744
,31.0209175,291.0,1.66,0.4880,CANDIDATE,1.0000,3720.00,0.4800,0.881
,21.3419702,,,,FALSE POSITIVE,0.0000,,,
,2.118893997,1230.0,1.41,0.8920,CANDIDATE,0.7610,5504.00,0.7960,0.019
Kepler-1430 b,2.46050095,969.0,1.03,0.6200,CONFIRMED,1.0000,4811.00,0.6340,0.052
,7.49133777,1291.0,1.01,1.0510,CANDIDATE,0.9880,6177.00,1.7100,0.013
Kepler-1431 b,5.8660127,1064.0,1.45,1.0510,CONFIRMED,0.9980,6020.00,1.0400,0.539
Kepler-1432 b,23.9107056,709.0,1.91,1.1370,CONFIRMED,0.9800,6338.00,1.0910,0.398
,23.836808884,919.0,59.31,1.0760,FALSE POSITIVE,0.0000,6095.00,1.9400,1.008
Kepler-406 c,4.62334491,1050.0,0.77,1.0430,CONFIRMED,0.9960,5678.00,0.9700,0.388
,5.888835386,1008.0,584.67,1.0000,FALSE POSITIVE,0.0000,5780.00,1.0000,6.217
Kepler-523 b,5.83599485,884.0,1.92,0.8720,CONFIRMED,1.0000,5423.00,0.8280,0.129
,1.089077863,2359.0,1.96,1.1000,FALSE POSITIVE,0.0000,6280.00,1.5510,0.778
,7.86335883,1195.0,7.84,1.3510,FALSE POSITIVE,0.0000,5731.00,1.9130,0.995
,8.0970583,1203.0,4.83,1.2300,FALSE POSITIVE,0.0000,6573.00,1.4550,0.959
,6.337614357,1351.0,9.57,1.1850,FALSE POSITIVE,0.0000,6581.00,1.5360,0.972
,3.900140077,1253.0,23.78,1.0060,FALSE POSITIVE,0.0000,6407.00,0.9550,1.205
Kepler-541 b,5.0800579,1673.0,3.95,1.3590,CONFIRMED,1.0000,6049.00,2.5200,0.636
Kepler-542 b,13.14496741,698.0,1.59,0.8620,CONFIRMED,1.0000,5411.00,0.8880,0.591
Kepler-131 b,16.09196369,718.0,2.13,0.9780,CONFIRMED,0.9760,5680.00,1.0160,0.546
,161.239891,294.0,3.48,0.9260,FALSE POSITIVE,0.0000,5514.00,0.8260,0.946
,5.4654174,927.0,1.23,0.9260,CANDIDATE,0.9980,5612.00,0.8290,0.301
Kepler-1416 b,1.4951513,1870.0,1.44,1.0080,CONFIRMED,0.9930,5635.00,1.4520,0.974
Kepler-1417 b,20.3504704,695.0,1.01,0.9420,CONFIRMED,0.9150,5952.00,1.0020,0.192
,6.06664931,915.0,0.87,0.9630,CANDIDATE,0.9760,5569.00,0.8920,0.902
,2.184437698,529.0,0.94,0.2360,CANDIDATE,0.0130,3421.00,0.2500,0.035
Kepler-1433 b,4.13592927,1226.0,1.43,1.0720,CONFIRMED,0.9980,5886.00,1.1520,0.168
Kepler-1434 b,8.05337912,1320.0,1.28,1.4660,CONFIRMED,0.9990,6231.00,2.0620,0.035
,15.2311195,800.0,1.94,1.0610,CANDIDATE,0.9980,5836.00,1.1860,0.192
,23.6272223,1358.0,3.84,2.1970,FALSE POSITIVE,0.0000,8308.00,2.8790,0.711
,8.97349999,2262.0,36,1.6060,FALSE POSITIVE,0.0050,4751.00,11.5360,0.56
,108.546946,985.0,29.67,1.6060,FALSE POSITIVE,0.9050,4751.00,11.5360,0.055
Kepler-140 b,3.254277742,1301.0,1.38,1.0920,CONFIRMED,1.0000,5945.00,1.0890,0.303
Kepler-140 c,91.3514816,428.0,1.57,1.0920,CONFIRMED,1.0000,5945.00,1.0890,0.008
,2.250826647,1489.0,30.03,0.9280,FALSE POSITIVE,0.0000,5779.00,1.1190,1.221
Kepler-146 b,31.1588249,639.0,3.56,1.0150,CONFIRMED,1.0000,5951.00,1.1550,0.029
,0.436282594,5187.0,83.25,1.7910,FALSE POSITIVE,0.0000,8491.00,2.6220,1.269
Kepler-146 c,76.7324556,473.0,3.08,1.0150,CONFIRMED,0.9730,5951.00,1.1550,0.462
Kepler-543 b,13.89963233,521.0,2.46,0.6500,CONFIRMED,1.0000,4538.00,0.6630,0.777
Kepler-1719 b,6.14955931,1287.0,3.26,1.0800,CONFIRMED,1.0000,5687.00,1.7750,0.368
,4.8099878,1077.0,1.59,1.0210,CANDIDATE,0.8820,5988.00,0.9340,0.2
,5.08288076,1183.0,1.15,1.0110,CANDIDATE,0.9800,6217.00,1.0830,0.389
,31.0259489,595.0,1.91,1.0480,CANDIDATE,0.9980,6075.00,0.9690,0.153
,3.08942807,1361.0,1.07,1.1650,CANDIDATE,1.0000,6137.00,1.1030,0.65
Kepler-1896 b,44.8702042,536.0,2.56,1.0700,CONFIRMED,0.9980,6122.00,0.9960,0.436
,4.8807805,706.0,0.48,0.5300,FALSE POSITIVE,0.0000,4763.00,0.5160,0.581
Kepler-1435 b,4.45342418,1331.0,0.9,1.0870,CONFIRMED,0.9570,6256.00,1.2690,0.569
,2.21396685,1418.0,0.84,0.9120,FALSE POSITIVE,0.0000,5986.00,0.9300,0.017
Kepler-1436 b,9.705693,1001.0,2.07,1.0560,CONFIRMED,1.0000,5808.00,1.3850,0.941
,21.2360024,1048.0,2.62,1.3280,CANDIDATE,0.9510,6035.00,2.5590,0.205
Kepler-461 b,8.31377304,886.0,2.74,1.0650,CONFIRMED,1.0000,5900.00,0.9510,0.002
,8.58969597,882.0,20.8,0.9850,FALSE POSITIVE,0.0000,6024.00,0.9000,1.197
Kepler-524 b,7.97420583,974.0,1.85,1.0360,CONFIRMED,1.0000,5973.00,1.0810,0.128
Kepler-524 c,1.88899036,1574.0,0.83,1.0360,CONFIRMED,0.9980,5973.00,1.0810,0.011
Kepler-525 b,18.68405716,832.0,3.64,1.0380,CONFIRMED,1.0000,5548.00,1.6140,0.858
Kepler-544 b,21.41624083,748.0,2.09,1.0850,CONFIRMED,1.0000,6156.00,1.1800,0.081
,12.28351275,1342.0,74.76,1.2910,FALSE POSITIVE,0.0000,6171.00,2.7590,1.224
Kepler-93 b,4.72674037,1028.0,1.56,0.8660,CONFIRMED,1.0000,5648.00,0.8940,0.657
,6.77449545,1219.0,29.41,1.2120,FALSE POSITIVE,0.0000,6517.00,1.3420,1.178
,14.591504451,879.0,36.85,0.9930,CANDIDATE,1.0000,5940.00,1.3120,1.21
,27.677680103,618.0,14.41,1.0480,FALSE POSITIVE,0.0000,6075.00,0.9690,0.933
,0.605223042,1728.0,1.14,0.7570,FALSE POSITIVE,0.0000,5089.00,0.7570,0.109
Kepler-131 c,25.5172744,615.0,0.83,0.9780,CONFIRMED,0.9830,5680.00,1.0160,0.322
Kepler-1695 b,4.73292061,957.0,0.97,0.8900,CONFIRMED,1.0000,5595.00,0.7960,0.121
Kepler-1418 b,22.4765952,419.0,1.21,0.5920,CONFIRMED,0.7990,4563.00,0.5670,0.176
,1.242639742,1487.0,1.02,0.9170,CANDIDATE,0.8920,5520.00,0.8180,0.152
,25.503628,586.0,1.61,0.9730,FALSE POSITIVE,0.0000,5815.00,0.8770,0.953
Kepler-1907 c,14.8638496,620.0,2.9,0.7520,CONFIRMED,0.9880,5159.00,0.8000,1.006
Kepler-1907 b,5.65245733,856.0,1.05,0.7520,CONFIRMED,0.9940,5159.00,0.8000,0.889
Kepler-1437 b,10.9294815,770.0,1.21,0.9590,CONFIRMED,1.0000,5792.00,0.8640,0.197
,0.536650319,3195.0,1.35,1.2200,CANDIDATE,0.0000,6020.00,2.0000,0.61
Kepler-526 b,5.45849914,1099.0,1.91,1.1720,CONFIRMED,1.0000,5914.00,1.1350,0.65
Kepler-527 b,13.28536452,1157.0,4.03,1.2380,CONFIRMED,1.0000,6534.00,1.9000,0.774
,8.4879444,969.0,1.23,0.9800,FALSE POSITIVE,0.0000,6134.00,1.0390,0.752
,46.56675437,708.0,5.25,1.3020,FALSE POSITIVE,0.3940,6629.00,1.6190,0.87
,19.5148412,1200.0,2.8,1.7000,FALSE POSITIVE,0.0000,7004.00,2.5560,0.742
Kepler-450 c,15.4130812,944.0,2.59,1.3050,CONFIRMED,0.9980,6206.00,1.5730,0.372
Kepler-1890 b,4.82051088,1328.0,1.08,1.0240,CONFIRMED,0.9930,6046.00,1.3960,0.922
,6.09595681,1259.0,1.26,1.3250,CANDIDATE,1.0000,6313.00,1.4670,0.685
,13.2511214,850.0,1.98,1.0720,CANDIDATE,0.9840,5850.00,1.2170,0.231
,5.76556718,1120.0,1.66,1.0570,FALSE POSITIVE,0.0000,6218.00,1.0720,0.678
,11.682369,802.0,1.45,0.9710,CANDIDATE,,6089.00,0.8890,0.6987
,10.12956201,736.0,0.78,0.8740,CANDIDATE,0.9770,5383.00,0.8420,0.544
Kepler-1992 b,15.6112238,637.0,0.91,0.8740,CONFIRMED,0.8700,5383.00,0.8420,0.468
Kepler-1419 b,42.5217006,510.0,2.45,1.0060,CONFIRMED,0.9590,5911.00,0.9140,0.495
,0.566805887,1554.0,0.08,0.5610,FALSE POSITIVE,0.0000,5000.00,0.5490,0.762
Kepler-1420 b,6.69958851,806.0,1.24,0.9010,CONFIRMED,0.9720,5296.00,0.7990,0
,14.170972781,1288.0,20.88,1.8260,FALSE POSITIVE,0.0000,8347.00,1.7150,0.579
,1.332562831,1532.0,24.29,0.9600,FALSE POSITIVE,0.0000,5718.00,0.8630,1.241
Kepler-1909 b,2.39161966,1031.0,0.93,0.6630,CONFIRMED,0.9900,4935.00,0.6850,0.299
Kepler-1910 b,5.68879083,645.0,0.99,0.6360,CONFIRMED,0.9680,4234.00,0.6390,0.39
Kepler-1438 b,2.31941571,1490.0,1.24,1.0230,CONFIRMED,0.8930,5624.00,1.2480,0.429
Kepler-528 b,19.7830259,708.0,2.1,0.9530,CONFIRMED,1.0000,5747.00,1.0990,0.015
,10.431146765,833.0,50.44,1.0000,FALSE POSITIVE,0.0000,5780.00,1.0000,1.225
Kepler-141 c,7.0106324,738.0,1.5,0.8240,CONFIRMED,1.0000,4908.00,0.7820,0.683
Kepler-141 b,3.10762684,968.0,0.73,0.8240,CONFIRMED,0.9990,4908.00,0.7820,0.7
Kepler-529 b,1.980356674,1662.0,2.1,1.0050,CONFIRMED,1.0000,6078.00,1.1890,0.713
Kepler-529 c,12.8344771,891.0,2.55,1.0050,CONFIRMED,1.0000,6078.00,1.1890,0.956
,175.329014,327.0,27.03,0.9950,FALSE POSITIVE,0.0000,6008.00,0.9300,1.231
,21.61313362,503.0,1.94,0.7010,CANDIDATE,0.9890,5267.00,0.6320,0.714
Kepler-1398 b,2.7881793,1510.0,1.02,1.0290,CONFIRMED,1.0000,5758.00,1.3850,0.058
Kepler-1398 c,4.13827684,1324.0,1.13,1.0290,CONFIRMED,0.9840,5758.00,1.3850,0.499
,2.61846258,843.0,1.03,0.6380,FALSE POSITIVE,0.0000,4266.00,0.6430,0.013
Kepler-405 c,29.72722,557.0,3.02,0.9730,CONFIRMED,0.9970,5815.00,0.8770,0.744
Kepler-132 d,18.01019956,758.0,1.93,0.9290,CONFIRMED,0.9710,5931.00,1.1010,0.966
Kepler-405 b,10.61368712,785.0,2.06,0.9730,CONFIRMED,1.0000,5815.00,0.8770,0.024
,7.53887442,751.0,1.33,0.6460,FALSE POSITIVE,0.0000,5318.00,0.6670,0.727
,0.53633519,1974.0,1.81,0.9550,FALSE POSITIVE,0.0000,5508.00,0.8400,0.489
,27.9430245,718.0,2.21,1.3130,CANDIDATE,0.9620,6468.00,1.2500,0.052
Kepler-1439 b,8.07394097,420.0,1.59,0.4280,CONFIRMED,0.8580,3675.00,0.3980,0.928
Kepler-1977 b,4.53702121,798.0,1.66,0.7690,CONFIRMED,1.0000,4805.00,0.6880,0.706
,0.977311489,1331.0,1.06,0.7690,CANDIDATE,0.8580,4805.00,0.6880,0.01
Kepler-1440 b,39.859505,597.0,1.62,0.9840,CONFIRMED,0.7680,5675.00,1.2920,0.398
,23.6731242,676.0,17.74,1.1000,FALSE POSITIVE,0.0000,5769.00,1.1770,0.21
Kepler-414 c,7.170710381,890.0,2.73,0.8840,CONFIRMED,1.0000,5497.00,0.9410,0.188
Kepler-414 b,4.699652821,1024.0,1.74,0.8840,CONFIRMED,1.0000,5497.00,0.9410,0.135
Kepler-142 c,4.761705895,1201.0,2.75,1.0040,CONFIRMED,1.0000,5794.00,1.2250,0.384
Kepler-142 b,2.024143568,1597.0,1.94,1.0040,CONFIRMED,1.0000,5794.00,1.2250,0.513
,1.371288853,1837.0,1.15,1.0660,FALSE POSITIVE,0.0000,6220.00,1.1080,0.953
Kepler-1655 b,11.87290814,863.0,2.25,1.0140,CONFIRMED,1.0000,6147.00,1.0400,0.904
Kepler-1399 b,1.638652525,1610.0,1.29,1.0390,CONFIRMED,0.9870,6119.00,0.9810,0.365
Kepler-1400 b,9.06687613,725.0,1.9,0.7450,CONFIRMED,0.2540,5142.00,0.7890,0.928
Kepler-1891 b,4.0223109,1017.0,1.37,0.8730,CONFIRMED,0.9990,5516.00,0.8270,0.741
Kepler-1421 b,6.9131732,1209.0,0.91,1.2330,CONFIRMED,0.9770,6296.00,1.4440,0.264
Kepler-1983 b,7.32851947,807.0,2.33,0.8120,CONFIRMED,0.9810,5135.00,0.8740,0.983
Kepler-1422 b,18.6052046,833.0,1.94,1.2980,CONFIRMED,1.0000,6572.00,1.2380,0.093
,1.332562787,1703.0,29.1,1.0450,FALSE POSITIVE,0.0000,6091.00,0.9670,1.24
,0.896382269,1810.0,1,0.8240,CANDIDATE,0.9990,5837.00,0.8430,0.332
Kepler-1441 b,39.4420781,682.0,2.51,1.1060,CONFIRMED,0.9970,5430.00,1.9020,0.42
Kepler-1714 b,10.27532513,1211.0,3.04,1.4480,CONFIRMED,1.0000,6150.00,2.0860,0.315
,11.50528603,912.0,1.83,1.1510,FALSE POSITIVE,0.0140,6355.00,1.1080,0.461
Kepler-511 c,26.62941953,742.0,3.13,0.9580,CONFIRMED,1.0000,5866.00,1.4170,0.015
Kepler-511 b,296.6375817,332.0,7.56,0.9580,CONFIRMED,1.0000,5866.00,1.4170,0.429
Kepler-142 d,41.8085031,582.0,1.67,1.0040,CONFIRMED,0.9980,5794.00,1.2250,0.011
,2.98786272,1064.0,17.82,0.8590,FALSE POSITIVE,0.0000,5231.00,0.8210,0.621
Kepler-530 b,39.30944096,488.0,2.87,0.9320,CONFIRMED,1.0000,5607.00,0.8630,0.028
Kepler-531 b,29.88487723,453.0,2.81,0.7250,CONFIRMED,1.0000,4883.00,0.7490,0.658
Kepler-532 b,12.92489803,620.0,2.62,0.8250,CONFIRMED,1.0000,5103.00,0.7680,0.768
,11.45541896,975.0,1.12,1.2690,CANDIDATE,0.9890,6231.00,1.3560,0.116
,0.575884418,2397.0,31.17,1.0970,FALSE POSITIVE,0.0000,6290.00,1.0440,1.258
,0.562555067,2046.0,1.21,0.9210,FALSE POSITIVE,0.0000,5793.00,0.8320,0.527
,44.433726,538.0,1.85,0.9500,CANDIDATE,0.5080,5596.00,1.1450,0.624
,0.993703494,3257.0,2.32,1.7280,FALSE POSITIVE,0.0000,6854.00,2.7150,0.436
Kepler-1892 b,6.33125228,822.0,1.31,0.8510,CONFIRMED,1.0000,5383.00,0.7590,0.094
Kepler-1897 b,24.2204192,505.0,2.1,0.8590,CONFIRMED,0.8870,5165.00,0.7610,0.032
,30.9597053,438.0,16.63,0.8000,FALSE POSITIVE,0.0000,4947.00,0.7140,1.191
Kepler-132 c,6.41491277,1069.0,1.4,0.9290,CONFIRMED,0.9190,5931.00,1.1010,0.869
,93.881556,479.0,2.02,1.0160,FALSE POSITIVE,0.3780,5676.00,1.4870,0.008
,3.91679553,851.0,0.85,0.7590,CANDIDATE,0.9920,4889.00,0.6860,0.007
,43.1024434,539.0,1.88,1.0170,CANDIDATE,1.0000,5741.00,1.0970,0.011
,2.683395376,1860.0,2.55,1.3440,FALSE POSITIVE,0.0000,6958.00,1.5290,0.763
Kepler-133 c,31.51779463,663.0,2.72,0.9950,CONFIRMED,0.9950,5611.00,1.4000,0.561
Kepler-133 b,8.12999858,1041.0,2.04,0.9950,CONFIRMED,1.0000,5611.00,1.4000,0.896
,31.4452709,721.0,4.55,1.2500,CANDIDATE,0.9720,6172.00,1.4710,0.97
,66.46746217,466.0,11.97,1.0610,FALSE POSITIVE,0.0000,5843.00,1.0730,0.116
Kepler-97 b,2.586639524,1328.0,1.44,0.8990,CONFIRMED,1.0000,5780.00,0.9660,0.349
,2.671942657,1458.0,22.36,0.8760,FALSE POSITIVE,0.3510,6116.00,1.0550,0.982
Kepler-533 b,28.51117639,423.0,3.27,0.7480,CONFIRMED,1.0000,4687.00,0.6900,0.77
Kepler-1664 b,14.38682567,776.0,2.54,0.9440,CONFIRMED,1.0000,5725.00,1.0720,0.021
,8.85686712,714.0,1.88,0.7600,CANDIDATE,0.9170,5017.00,0.7970,0.923
,12.99065074,790.0,2.02,0.9710,CANDIDATE,0.9830,5787.00,1.0270,0.068
Kepler-90 h,331.5972732,294.0,10.89,1.0890,CONFIRMED,0.0000,5970.00,1.2000,0.02
Kepler-1401 b,11.20058855,808.0,1.7,0.9820,CONFIRMED,1.0000,6038.00,0.8980,0.956
,1.50179931,1229.0,0.72,0.8450,FALSE POSITIVE,0.0000,5024.00,0.7360,0.256
Kepler-410 A b,17.83367834,866.0,2.43,1.2080,CONFIRMED,1.0000,6407.00,1.3370,0.013
Kepler-510 b,19.55662003,797.0,2.45,0.8390,CONFIRMED,1.0000,5671.00,1.3600,0.606
,82.6595174,233.0,2.03,0.5720,CANDIDATE,0.9000,3952.00,0.5530,0.579
Kepler-1402 b,2.03387483,1789.0,1.6,1.0750,CONFIRMED,0.9960,5282.00,1.8990,0.238
,5.07538255,1154.0,1.74,0.9830,FALSE POSITIVE,0.0000,5933.00,1.1180,0.919
Kepler-1423 b,23.9553986,741.0,2.84,0.9260,CONFIRMED,0.9330,5011.00,1.7810,0.669
,24.3367026,526.0,1.95,0.7580,CANDIDATE,0.0000,5141.00,0.8060,0.577
,7.40985182,818.0,1.18,0.9260,CANDIDATE,0.9940,5462.00,0.8360,0.234
,1.02425556,1503.0,29.83,0.8400,FALSE POSITIVE,0.0000,5337.00,0.7640,1.312
,4.63958598,1587.0,1.52,1.0450,FALSE POSITIVE,0.0000,6591.00,1.6460,0.014
,15.5943758,801.0,1.08,1.1300,CANDIDATE,0.5520,6249.00,1.0760,0.5
Kepler-512 b,34.4359387,652.0,2.78,1.1850,CONFIRMED,0.5900,5929.00,1.3630,0.017
Kepler-134 b,5.317440164,1105.0,1.94,0.9660,CONFIRMED,1.0000,5923.00,1.0540,0.72
Kepler-134 c,10.10575764,892.0,1.28,0.9660,CONFIRMED,0.9580,5923.00,1.0540,0.828
Kepler-513 b,28.86236571,623.0,2.53,0.9150,CONFIRMED,1.0000,5725.00,1.0880,0.778
Kepler-90 g,210.6013843,342.0,7.7,1.0890,CONFIRMED,0.8800,5970.00,1.2000,0.002
,75.731195,237.0,3.47,0.6050,CANDIDATE,0.8890,3891.00,0.5640,0.9
Kepler-90 d,59.7371443,520.0,2.84,1.0890,CONFIRMED,0.9990,5970.00,1.2000,0.005
,3.388887193,1212.0,10.72,1.0000,FALSE POSITIVE,0.0000,5780.00,1.0000,0.387
Kepler-143 c,27.08239734,703.0,3.25,0.9930,CONFIRMED,1.0000,5857.00,1.3050,0.915
,152.1060435,458.0,11.58,1.1580,CANDIDATE,1.0000,6200.00,1.6400,0.878
Kepler-1717 b,30.6528935,780.0,2.86,1.1580,CONFIRMED,0.9890,6200.00,1.6400,0.682
,0.512869432,2185.0,31.12,0.9900,FALSE POSITIVE,0.0000,5853.00,0.8950,1.263
Kepler-1403 b,5.19492747,1238.0,2.03,1.2930,CONFIRMED,0.9870,6415.00,1.2240,0.093
Kepler-1404 b,15.9314412,596.0,1.77,0.7860,CONFIRMED,1.0000,5380.00,0.7210,0.604
,1.33251589,1747.0,1.3,0.8130,FALSE POSITIVE,0.0000,5701.00,1.0680,0.53
Kepler-1405 b,28.227413,565.0,2.82,0.9400,CONFIRMED,1.0000,5858.00,0.8490,0.025
,0.545544979,2240.0,0.93,0.9970,FALSE POSITIVE,0.0000,6050.00,0.9200,0.604
,419.97507836,215.0,1.53,0.8340,FALSE POSITIVE,0.0000,5316.00,0.8720,0.68
Kepler-1898 b,4.76559056,1167.0,0.92,0.8370,CONFIRMED,0.9830,5702.00,1.1250,0.14
Kepler-1900 b,2.98618134,1356.0,1.16,1.1040,CONFIRMED,1.0000,6173.00,1.0410,0.249
,25.9200092,515.0,1.28,0.7880,FALSE POSITIVE,0.0000,5517.00,0.7040,0.054
Kepler-132 b,6.17817366,1082.0,1.22,0.9290,CONFIRMED,0.9980,5931.00,1.1010,0.775
,2.04516705,2945.0,2.9,2.1940,FALSE POSITIVE,0.0000,9206.00,2.1570,0.74
,7.25101997,807.0,0.91,0.9280,CANDIDATE,0.9830,5382.00,0.8270,0.314
Kepler-514 b,5.65178922,1248.0,2.03,1.2900,CONFIRMED,1.0000,6085.00,1.4630,0.906
Kepler-515 b,19.96367208,564.0,1.5,0.7900,CONFIRMED,1.0000,5250.00,0.7900,0.846
,57.3840375,397.0,1.62,0.7900,CANDIDATE,0.9150,5250.00,0.7900,0.954
Kepler-98 b,1.541676547,1592.0,1.88,0.9400,CONFIRMED,1.0000,5533.00,1.0890,0.362
,6.397185875,981.0,15.02,1.0000,FALSE POSITIVE,0.0000,5780.00,1.0000,0.755
,2.976020742,1740.0,2.07,1.0230,FALSE POSITIVE,0.0000,5947.00,1.7960,0.721
Kepler-534 b,15.95995611,721.0,2.27,1.0750,CONFIRMED,1.0000,5936.00,0.9650,0.526
Kepler-534 c,7.37867551,933.0,1.11,1.0750,CONFIRMED,0.9980,5936.00,0.9650,0.513
Kepler-535 b,4.903321801,1247.0,2.37,1.1660,CONFIRMED,1.0000,6045.00,1.2980,0.016
Kepler-536 b,1.82708193,1877.0,5.95,0.8340,CONFIRMED,1.0000,5311.00,1.7690,0.033
,22.845241036,762.0,30.35,1.0240,FALSE POSITIVE,0.0000,5926.00,1.3510,0.617
,2.5738437,1129.0,0.57,0.7980,CANDIDATE,1.0000,5115.00,0.8540,0.044
,18.3980827,686.0,1.26,0.9040,FALSE POSITIVE,0.0000,5605.00,1.0150,0.587
Kepler-1406 b,11.62904159,854.0,1.31,0.9450,CONFIRMED,0.9960,5721.00,1.1310,0.925
,13.6550963,780.0,1.35,1.0350,FALSE POSITIVE,0.0000,6065.00,0.9620,0.235
Kepler-130 c,27.50871575,663.0,2.98,0.9500,CONFIRMED,1.0000,5903.00,1.1370,0.577
Kepler-1407 b,20.0708757,826.0,3.2,1.1200,CONFIRMED,0.9830,5902.00,1.5130,0.643
Kepler-279 e,98.353149,552.0,4.13,1.1640,CONFIRMED,0.9400,6366.00,1.6970,0.906
,10.18318233,867.0,0.79,1.1310,CANDIDATE,0.9630,5843.00,1.0840,0.449
,6.2321233,1021.0,0.61,1.1310,CANDIDATE,0.9790,5843.00,1.0840,0.32
,8.2942929,928.0,0.65,1.1310,CANDIDATE,0.6730,5843.00,1.0840,0.006
,1.540411479,1446.0,0.92,0.9000,FALSE POSITIVE,0.0000,5769.00,0.8120,0.781
,3.74785358,1093.0,0.89,0.9860,FALSE POSITIVE,0.0000,5706.00,0.8860,0.468
Kepler-176 d,25.75274977,501.0,2.27,0.7890,CONFIRMED,1.0000,4963.00,0.8260,0.516
Kepler-1989 b,10.161023528,904.0,4.62,0.9990,CONFIRMED,1.0000,6032.00,1.0600,0.716
,12.82993461,734.0,3.31,0.9350,CANDIDATE,1.0000,5862.00,0.8440,0.594
Kepler-177 c,49.41121127,497.0,6.77,1.0210,CONFIRMED,0.9890,5768.00,1.0150,0.885
Kepler-177 b,36.8567758,549.0,2.68,1.0210,CONFIRMED,1.0000,5768.00,1.0150,0.05
,35.080928,610.0,1.21,1.0420,FALSE POSITIVE,0.1890,6007.00,1.1260,0.712
Kepler-189 b,10.39986173,678.0,1.5,0.7890,CONFIRMED,0.9990,4963.00,0.8260,0.757
,0.828206212,3274.0,3.88,1.5040,FALSE POSITIVE,0.0000,5812.00,3.2270,0.615
Kepler-606 b,24.31574009,683.0,2.8,1.1040,CONFIRMED,1.0000,6242.00,1.0470,0.653
,199.443024,332.0,9.3,0.9180,FALSE POSITIVE,0.0000,5646.00,1.1530,0.932
Kepler-607 c,39.6766071,473.0,2.29,0.8080,CONFIRMED,0.9260,5244.00,0.8880,0.639
,358.66044,304.0,1.62,0.8480,FALSE POSITIVE,0.0470,5619.00,1.4060,0.062
Kepler-548 b,4.454194254,1017.0,11.76,0.8120,CONFIRMED,1.0000,5359.00,0.9150,0.479
,809.0141881,216.0,14.38,0.9930,CANDIDATE,0.0000,6230.00,1.0470,0.717
Kepler-39 b,21.0871953,873.0,14.43,1.0660,CONFIRMED,1.0000,6266.00,1.5220,0.065
,1.575631524,1577.0,28.66,0.9230,FALSE POSITIVE,0.0000,6202.00,0.8580,1.065
Kepler-20 e,6.09855603,927.0,0.84,0.8760,CONFIRMED,0.9990,5465.00,0.9250,0.21
,203.250506,292.0,1.35,0.7930,FALSE POSITIVE,0.1740,5600.00,0.8720,0.336
Kepler-567 b,16.54295261,611.0,2.31,0.9040,CONFIRMED,1.0000,5215.00,0.8670,0.329
Kepler-568 b,11.023474798,429.0,2.46,0.5510,CONFIRMED,1.0000,3744.00,0.5370,0.724
Kepler-569 b,34.18884323,526.0,2.97,0.8880,CONFIRMED,1.0000,5515.00,0.9250,0.065
Kepler-570 b,4.30165843,1009.0,2.42,0.8810,CONFIRMED,1.0000,5480.00,0.8650,0.547
Kepler-166 b,7.650243513,772.0,2.3,0.8350,CONFIRMED,1.0000,5409.00,0.7460,0.014
,2.47240869,887.0,0.36,0.5340,CANDIDATE,0.4250,4729.00,0.5250,0.319
Kepler-1721 b,4.592393816,924.0,2.51,0.8900,CONFIRMED,1.0000,5351.00,0.7960,0.02
,11.53029332,873.0,3.98,0.9420,CANDIDATE,0.0000,5770.00,1.1520,0.027
Kepler-65 c,5.859935955,1246.0,2.56,1.2310,CONFIRMED,1.0000,6181.00,1.4240,0.049
Kepler-586 b,2.104721971,1365.0,2.89,1.0910,CONFIRMED,1.0000,5703.00,0.9750,0.001
,10.63624422,756.0,1.58,0.8620,FALSE POSITIVE,0.0000,5834.00,0.7740,0.978
,7.9069765,994.0,1.13,1.0530,CANDIDATE,0.8790,6347.00,0.9960,0.038
Kepler-608 b,6.412512953,1069.0,3.89,1.0380,CONFIRMED,1.0000,6026.00,1.1080,0.553
Kepler-190 b,2.019997006,1166.0,1.46,0.8230,CONFIRMED,1.0000,5103.00,0.7870,0.502
Kepler-190 c,3.763041531,948.0,1.63,0.8230,CONFIRMED,1.0000,5103.00,0.7870,0.76
Kepler-609 b,6.521209629,932.0,2.54,0.9940,CONFIRMED,1.0000,5822.00,0.8980,0.514
Kepler-610 b,6.996926239,888.0,3.21,1.0100,CONFIRMED,1.0000,5713.00,0.8930,0.022
,13.9509565,849.0,0.75,1.0360,CANDIDATE,0.6760,5888.00,1.2270,0.467
,5.428344915,1033.0,14.88,1.0750,FALSE POSITIVE,0.0000,5936.00,0.9650,0.911
,16.30141333,805.0,3.84,1.0040,CANDIDATE,1.0000,6072.00,1.1380,0.786
Kepler-549 d,24.61480613,586.0,4.2,0.8590,CONFIRMED,1.0000,5312.00,0.9860,0.435
Kepler-549 b,42.949522,487.0,2.98,0.8590,CONFIRMED,1.0000,5312.00,0.9860,0.013
Kepler-549 c,117.033521,349.0,2.68,0.8590,CONFIRMED,0.9950,5312.00,0.9860,0.188
,386.39833,214.0,2.2,0.8040,FALSE POSITIVE,0.0010,5284.00,0.8120,0.287
Kepler-166 d,1.55400389,1313.0,1.59,0.8350,CONFIRMED,1.0000,5409.00,0.7460,0.016
Kepler-166 c,34.25951418,468.0,2.41,0.8350,CONFIRMED,1.0000,5409.00,0.7460,0.008
,23.8761144,1481.0,10.45,2.6150,FALSE POSITIVE,0.0000,9974.00,2.5330,0.014
,4.99270186,1051.0,26.6,0.8870,FALSE POSITIVE,0.0000,5724.00,0.9510,1.232
Kepler-571 b,4.79860021,978.0,2.51,0.9460,CONFIRMED,1.0000,5631.00,0.8470,0.594
,7.7333361,479.0,0.57,0.5310,FALSE POSITIVE,0.1220,3780.00,0.5110,0.084
Kepler-178 b,9.57665962,846.0,2.88,0.8860,CONFIRMED,1.0000,5386.00,1.0760,0.043
Kepler-178 d,96.6781852,392.0,3.29,0.8860,CONFIRMED,1.0000,5386.00,1.0760,0.336
Kepler-178 c,20.55280311,656.0,2.99,0.8860,CONFIRMED,1.0000,5386.00,1.0760,0.568
,2.023123903,1266.0,2.87,0.8990,FALSE POSITIVE,0.0000,5559.00,0.8030,0.026
Kepler-587 b,10.94026745,764.0,2.08,0.9610,CONFIRMED,1.0000,5749.00,0.8640,0.595
Kepler-1649 c,19.5352551,161.0,0.53,0.0960,CONFIRMED,0.3740,2703.00,0.1180,0.702
,3.687469832,690.0,5.78,0.6110,CANDIDATE,1.0000,4004.00,0.6060,0.919
Kepler-610 c,151.863949,318.0,2.41,1.0100,CONFIRMED,0.9620,5713.00,0.8930,0.016
Kepler-191 d,5.945043548,857.0,2.69,0.8100,CONFIRMED,0.9890,5105.00,0.8680,0.763
Kepler-1709 b,65.7045275,472.0,2.78,1.0030,CONFIRMED,0.9720,5918.00,1.0430,0.663
Kepler-191 c,17.73842886,596.0,2.47,0.8100,CONFIRMED,0.9940,5105.00,0.8680,0.845
,84.799829,491.0,1.16,0.8480,CANDIDATE,0.9710,5619.00,1.4060,0.795
Kepler-191 b,9.93962361,722.0,1.93,0.8100,CONFIRMED,0.5590,5105.00,0.8680,0.934
Kepler-40 b,6.8731664,1482.0,13.44,1.5160,CONFIRMED,1.0000,6490.00,2.1790,0.055
Kepler-550 b,8.600099313,760.0,4.17,0.7480,CONFIRMED,1.0000,5246.00,0.8050,0.048
Kepler-551 b,12.37646897,483.0,2.53,0.6220,CONFIRMED,1.0000,4200.00,0.6070,0.468
,9.340538,530.0,0.84,0.6220,CANDIDATE,0.9980,4200.00,0.6070,0.074
Kepler-289 e,330.071558,286.0,2.94,0.9980,CONFIRMED,0.3430,5933.00,1.1150,0.681
Kepler-153 b,18.87022157,621.0,2.82,0.7740,CONFIRMED,1.0000,5402.00,0.8650,0.013
Kepler-20 f,19.5776073,628.0,0.9,0.8760,CONFIRMED,0.9630,5465.00,0.9250,0.049
Kepler-572 b,17.20522898,553.0,2.22,0.7660,CONFIRMED,1.0000,5211.00,0.6890,0.012
,17.90766147,731.0,4.89,1.0650,FALSE POSITIVE,0.0000,6153.00,0.9930,0.978
Kepler-573 b,22.18332255,646.0,2.78,0.8890,CONFIRMED,1.0000,5565.00,1.0300,0.024
,354.78194,325.0,30.53,0.8990,FALSE POSITIVE,0.2690,5798.00,1.5250,1.17
Kepler-574 b,7.65880048,858.0,2.19,0.8580,CONFIRMED,1.0000,5657.00,0.8550,0.017
Kepler-575 b,9.3789167,803.0,2.03,0.7410,CONFIRMED,1.0000,5684.00,0.8080,0.671
Kepler-588 b,4.221626193,1176.0,2.87,1.0530,CONFIRMED,1.0000,6123.00,0.9870,0.847
Kepler-589 b,16.54967098,656.0,2.95,0.8320,CONFIRMED,1.0000,5372.00,0.9160,0.88
Kepler-65 b,2.154911236,1740.0,1.42,1.2310,CONFIRMED,1.0000,6181.00,1.4240,0.113
,11.505879,1000.0,0.99,1.3240,CANDIDATE,0.8120,6336.00,1.4030,0.029
Kepler-589 c,3.52467888,1098.0,1.46,0.8320,CONFIRMED,0.9990,5372.00,0.9160,0.976
Kepler-179 c,6.400157105,810.0,2.52,0.8560,CONFIRMED,1.0000,5299.00,0.7660,0.898
Kepler-611 b,2.437029217,1513.0,2.04,0.9680,CONFIRMED,1.0000,5573.00,1.3290,0.014
Kepler-192 b,9.9267215,803.0,2.76,0.9470,CONFIRMED,1.0000,5475.00,0.9820,0.625
Kepler-192 c,21.22349325,623.0,2.63,0.9470,CONFIRMED,1.0000,5475.00,0.9820,0.794
Kepler-192 d,6.47027706,926.0,1.15,0.9470,CONFIRMED,0.9320,5475.00,0.9820,0.732
Kepler-612 b,3.722158895,1046.0,2.33,0.8970,CONFIRMED,1.0000,5617.00,0.8060,0.644
Kepler-153 c,46.9026431,458.0,2.6,0.7740,CONFIRMED,0.9970,5402.00,0.8650,0.645
Kepler-552 b,5.263415218,1103.0,3.77,1.0980,CONFIRMED,1.0000,6099.00,1.0280,0.853
Kepler-553 b,4.030466786,970.0,4.48,0.9270,CONFIRMED,1.0000,5234.00,0.8540,0.033
,9.27989,897.0,1.29,0.9740,FALSE POSITIVE,0.0000,6052.00,0.9670,0.579
Kepler-553 c,328.240201,224.0,10.99,0.9270,CONFIRMED,0.9920,5234.00,0.8540,0.75
,22.264806569,585.0,12.34,0.8880,FALSE POSITIVE,0.0000,5681.00,0.8130,0.75
,2.217038096,1697.0,3.23,1.3340,FALSE POSITIVE,0.0000,6521.00,1.2760,0.754
,8.874603,1070.0,1.24,1.3320,FALSE POSITIVE,,6517.00,1.2780,0.1897
Kepler-167 b,4.393157678,807.0,1.41,0.7760,CONFIRMED,1.0000,4799.00,0.6920,0.102
,251.7512,272.0,1.25,0.9620,FALSE POSITIVE,0.2170,5640.00,0.9210,0.943
Kepler-102 e,16.145671932,546.0,2.48,0.8060,CONFIRMED,1.0000,4900.00,0.7410,0.75
Kepler-167 e,1071.232624,129.0,9.27,0.7760,CONFIRMED,0.0000,4799.00,0.6920,0.216
Kepler-179 b,2.735900074,1075.0,1.56,0.8560,CONFIRMED,1.0000,5299.00,0.7660,0.189
Kepler-590 b,5.852968845,1056.0,3.46,1.0500,CONFIRMED,1.0000,6050.00,1.0130,0.316
Kepler-591 b,81.1701587,436.0,4.71,0.9070,CONFIRMED,0.9210,5460.00,1.1650,0.875
,371.17573,610.0,4.07,2.5050,FALSE POSITIVE,0.5980,9030.00,3.2180,0.781
Kepler-592 b,2.820190603,1367.0,2.53,1.0470,CONFIRMED,1.0000,5831.00,1.1210,0.614
Kepler-593 b,21.21712312,706.0,2.97,1.0100,CONFIRMED,1.0000,6191.00,1.0070,0.89
,200,,,,FALSE POSITIVE,,,,
Kepler-613 b,15.77980122,713.0,2.11,1.0010,CONFIRMED,1.0000,5941.00,0.9110,0.025
Kepler-614 b,14.03490255,641.0,2.41,0.7310,CONFIRMED,1.0000,5258.00,0.7850,0.66
Kepler-615 b,10.35586478,620.0,1.92,0.7640,CONFIRMED,1.0000,4646.00,0.7780,0.178
Kepler-89 d,22.342964828,785.0,9.99,1.1060,CONFIRMED,0.9940,6181.00,1.3310,0.031
Kepler-193 b,11.38840217,979.0,3.04,1.0930,CONFIRMED,1.0000,5876.00,1.4560,0.243
Kepler-154 d,20.5498184,657.0,4.04,0.8950,CONFIRMED,1.0000,5688.00,0.9710,0.649
,934.09418462,177.0,7.89,0.9160,CANDIDATE,,5937.00,0.8320,0.4948
,199.83920527,276.0,21.48,0.9740,CANDIDATE,0.8040,5457.00,0.8690,0.811
,17.4217322,727.0,1.42,0.9740,FALSE POSITIVE,0.4710,6052.00,0.9670,0.415
,15.84132627,575.0,16.84,0.6750,CANDIDATE,0.0000,5119.00,0.7020,0.891
Kepler-155 b,5.931196562,562.0,2.01,0.5570,CONFIRMED,1.0000,3984.00,0.5390,0.886
Kepler-10 b,0.837491225,1980.0,1.43,0.8840,CONFIRMED,0.0000,5676.00,1.0440,0.022
Kepler-167 c,7.40611676,678.0,1.37,0.7760,CONFIRMED,0.9870,4799.00,0.6920,0.077
Kepler-167 d,21.803708,473.0,1.11,0.7760,CONFIRMED,0.9970,4799.00,0.6920,0.568
,4.66229074,1166.0,24.12,1.0880,FALSE POSITIVE,0.0000,6191.00,1.0250,1.197
Kepler-576 b,29.9111886,541.0,2.9,0.8550,CONFIRMED,1.0000,5275.00,0.9690,0.041
,2.908453928,1181.0,19.44,0.8950,FALSE POSITIVE,0.0000,5786.00,0.8240,1.195
Kepler-577 b,25.69581456,314.0,1.7,0.4960,CONFIRMED,1.0000,3787.00,0.4770,0.68
,25.70280003,562.0,33.1,0.7820,FALSE POSITIVE,0.0000,5532.00,0.8350,1.27
Kepler-594 b,13.64617478,678.0,2.06,0.9280,CONFIRMED,1.0000,5569.00,0.8290,0.115
Kepler-4 b,3.213668926,1515.0,4.13,1.0970,CONFIRMED,1.0000,5795.00,1.5450,0.021
Kepler-65 d,8.13121389,1117.0,1.58,1.2310,CONFIRMED,1.0000,6181.00,1.4240,0.622
Kepler-180 c,41.8854433,540.0,3.28,0.8750,CONFIRMED,0.9990,5735.00,1.0280,0.917
Kepler-180 b,13.81733587,781.0,2.04,0.8750,CONFIRMED,0.9920,5735.00,1.0280,0.967
Kepler-194 d,52.8148051,562.0,3.33,0.9890,CONFIRMED,0.9000,5565.00,1.4390,0.002
Kepler-195 b,8.30783912,751.0,2.15,0.8820,CONFIRMED,1.0000,5320.00,0.7860,0.019
Kepler-195 c,34.0963441,469.0,1.71,0.8820,CONFIRMED,0.9990,5320.00,0.7860,0.386
Kepler-1724 b,6.45442931,999.0,2.48,1.0160,CONFIRMED,1.0000,6092.00,0.9430,0.749
Kepler-618 b,3.595769013,1296.0,2.39,1.0010,CONFIRMED,1.0000,5762.00,1.1960,0.496
Kepler-155 c,52.6615266,271.0,1.87,0.5570,CONFIRMED,1.0000,3984.00,0.5390,0.682
Kepler-554 b,1.902208647,1346.0,4.45,0.9310,CONFIRMED,1.0000,5400.00,0.9370,0.116
,20.605501,806.0,0.85,0.9740,CANDIDATE,0.9910,6099.00,1.3080,0.705
Kepler-156 c,15.90688891,588.0,2.35,0.8290,CONFIRMED,1.0000,5097.00,0.7970,0.014
Kepler-156 b,4.973455252,867.0,2.46,0.8290,CONFIRMED,1.0000,5097.00,0.7970,0.817
,30.5528972,670.0,30.74,1.0510,FALSE POSITIVE,0.0000,6284.00,1.1380,1.216
,4.804469031,953.0,3.35,0.8050,FALSE POSITIVE,0.0000,5470.00,0.8090,0.979
Kepler-578 b,1.616883373,1774.0,4.47,0.9590,CONFIRMED,1.0000,4868.00,1.8160,0.856
,9.5539134,1012.0,0.68,1.2440,CANDIDATE,0.4980,6175.00,1.3070,0.142
Kepler-168 c,13.19322809,862.0,2.94,1.1130,CONFIRMED,1.0000,5946.00,1.2230,0.005
Kepler-102 d,10.31174786,634.0,1.34,0.8060,CONFIRMED,1.0000,4900.00,0.7410,0.747
Kepler-168 b,4.42535097,1240.0,1.63,1.1130,CONFIRMED,0.9960,5946.00,1.2230,0.177
Kepler-181 c,4.302139338,937.0,2.46,0.8070,CONFIRMED,1.0000,5041.00,0.8570,0.652
Kepler-181 b,3.137845914,1041.0,1.5,0.8070,CONFIRMED,1.0000,5041.00,0.8570,0.454
,6.77067637,1499.0,1.9,1.5560,CANDIDATE,0.5700,6337.00,2.3350,0.127
,3.74782314,1253.0,25.59,1.1500,FALSE POSITIVE,0.0000,6161.00,1.0530,1.202
,1.09173174,1488.0,1.07,0.8840,FALSE POSITIVE,0.0000,5354.00,0.7880,0.334
Kepler-182 c,20.68420772,729.0,3.28,1.1800,CONFIRMED,1.0000,6246.00,1.0920,0.488
Kepler-193 c,50.6985408,595.0,3.58,1.0930,CONFIRMED,0.9550,5876.00,1.4560,0.137
,2.9926465,1170.0,0.89,0.9600,FALSE POSITIVE,0.0000,5718.00,0.8630,0.319
,0.589376952,2162.0,0.93,1.0070,CANDIDATE,0.8660,5714.00,1.0150,0.491
Kepler-1723 b,39.7529915,568.0,2.37,0.9600,CONFIRMED,1.0000,6072.00,1.0100,0.046
Kepler-616 b,9.99760285,860.0,2.82,1.0610,CONFIRMED,1.0000,6004.00,0.9770,0.851
Kepler-616 c,90.4117992,413.0,3.96,1.0610,CONFIRMED,1.0000,6004.00,0.9770,0.849
Kepler-157 c,13.54057461,779.0,2.17,0.9180,CONFIRMED,0.9820,5767.00,1.0140,0.18
Kepler-157 b,1.732346403,1546.0,1.37,0.9180,CONFIRMED,1.0000,5767.00,1.0140,0.184
,1.74610057,1689.0,1.24,0.9700,CANDIDATE,0.9740,4854.00,1.7490,0.032
Kepler-157 d,7.0257409,969.0,1.56,0.9180,CONFIRMED,0.8680,5767.00,1.0140,0.812
Kepler-555 b,16.21774917,664.0,2.22,0.8870,CONFIRMED,1.0000,5837.00,0.7980,0.336
Kepler-556 b,11.72291212,766.0,2.08,0.8940,CONFIRMED,1.0000,5550.00,0.9530,0.012
,8.661374,945.0,1.32,1.0520,FALSE POSITIVE,,6250.00,0.9860,0.6469
Kepler-579 b,9.66857386,730.0,1.9,0.8840,CONFIRMED,1.0000,5288.00,0.8360,0.8
Kepler-80 b,7.053527145,547.0,2.16,0.5840,CONFIRMED,1.0000,4041.00,0.5670,0.172
Kepler-80 c,9.521644639,495.0,2.16,0.5840,CONFIRMED,1.0000,4041.00,0.5670,0.023
Kepler-80 d,3.072146607,722.0,1.3,0.5840,CONFIRMED,1.0000,4041.00,0.5670,0.032
Kepler-80 e,4.645382149,629.0,1.33,0.5840,CONFIRMED,1.0000,4041.00,0.5670,0.154
Kepler-182 b,9.82578495,935.0,2.66,1.1800,CONFIRMED,0.9990,6246.00,1.0920,0.888
Kepler-595 b,25.30291816,535.0,3.95,0.8220,CONFIRMED,1.0000,5121.00,0.8880,0.04
Kepler-596 b,21.30020491,725.0,2.99,1.1170,CONFIRMED,1.0000,6008.00,1.1680,0.075
Kepler-22 b,289.864067,257.0,2.34,0.7990,CONFIRMED,0.8810,5516.00,0.8860,0.856
,10.29767658,1022.0,39.14,1.1210,FALSE POSITIVE,0.0000,5671.00,1.6080,1.194
Kepler-616 d,51.0674355,499.0,2.44,1.0610,CONFIRMED,1.0000,6004.00,0.9770,0.482
,199.99763493,,,,FALSE POSITIVE,,,,
Kepler-617 b,1.682695938,750.0,1.23,0.4940,CONFIRMED,1.0000,3669.00,0.4700,0.025
Kepler-194 c,17.30795548,815.0,3.56,0.9890,CONFIRMED,1.0000,5565.00,1.4390,0
Kepler-89 c,10.423677439,1012.0,3.72,1.1060,CONFIRMED,1.0000,6181.00,1.3310,0.005
Kepler-194 b,2.09227115,1648.0,2.06,0.9890,CONFIRMED,1.0000,5565.00,1.4390,0.271
Kepler-10 c,45.29422297,524.0,2.26,0.8840,CONFIRMED,0.9820,5676.00,1.0440,0.025
,260.20717331,,,,FALSE POSITIVE,,,,
Kepler-158 b,16.70920628,500.0,2.27,0.6560,CONFIRMED,1.0000,4621.00,0.6680,0.855
Kepler-158 c,28.55158187,418.0,1.97,0.6560,CONFIRMED,0.8950,4621.00,0.6680,0.623
,4.045057186,1126.0,30.33,0.8210,FALSE POSITIVE,0.0000,5906.00,0.8700,1.292
Kepler-159 b,10.13958818,447.0,1.68,0.5210,CONFIRMED,1.0000,3893.00,0.5000,0.078
Kepler-159 c,43.5859419,275.0,2.05,0.5210,CONFIRMED,0.0000,3893.00,0.5000,0.011
Kepler-80 f,0.986785834,1054.0,1.19,0.5840,CONFIRMED,1.0000,4041.00,0.5670,0.026
,24.7962801,664.0,2.7,1.0200,CANDIDATE,0.9980,5770.00,1.1410,0.01
,5.91037674,937.0,1.38,0.7600,FALSE POSITIVE,0.0000,5515.00,0.8670,0.123
Kepler-102 f,27.4536146,457.0,0.95,0.8060,CONFIRMED,1.0000,4900.00,0.7410,0.765
Kepler-580 b,8.22241355,558.0,2.28,0.6260,CONFIRMED,1.0000,4213.00,0.6150,0.246
,0.635587392,2587.0,28.58,1.1210,FALSE POSITIVE,0.0000,5671.00,1.6080,1.151
Kepler-597 b,13.02363236,743.0,2.3,0.9250,CONFIRMED,1.0000,5627.00,0.9450,0.032
Kepler-183 c,11.6370303,857.0,2.9,0.9450,CONFIRMED,1.0000,5576.00,1.1980,0.066
,6.93650854,1305.0,1.51,1.3430,CANDIDATE,0.9950,6615.00,1.5740,0.331
Kepler-183 b,5.68798675,1088.0,2.76,0.9450,CONFIRMED,1.0000,5576.00,1.1980,0.663
,3.055171082,1358.0,35.24,0.9480,FALSE POSITIVE,0.0590,6237.00,0.9870,1.204
Kepler-619 b,5.40426917,1073.0,2.85,1.0410,CONFIRMED,1.0000,6122.00,0.9640,0.229
Kepler-619 d,11.67894236,830.0,4.17,1.0410,CONFIRMED,1.0000,6122.00,0.9640,0.94
Kepler-619 c,1.208462378,1767.0,1.64,1.0410,CONFIRMED,1.0000,6122.00,0.9640,0.831
Kepler-730 c,2.85188338,1398.0,1.23,1.1590,CONFIRMED,0.9940,6123.00,1.1070,0.578
Kepler-620 b,12.91385906,849.0,2.49,0.9300,CONFIRMED,1.0000,6253.00,0.9970,0.845
Kepler-89 e,54.31996151,584.0,6.07,1.1060,CONFIRMED,0.9530,6181.00,1.3310,0.497
,252.0792347,318.0,41.07,1.0160,FALSE POSITIVE,0.0000,6348.00,1.0140,1.283
,27.04627886,636.0,3.54,1.0010,FALSE POSITIVE,0.0000,6332.00,0.9150,0.962
,3.723560726,1401.0,3.46,1.2020,FALSE POSITIVE,0.0000,6535.00,1.1810,0.954
,18.3848331,587.0,1.15,0.8150,CANDIDATE,0.9490,5083.00,0.8720,0.711
Kepler-557 b,3.705991661,1281.0,2.43,0.9970,CONFIRMED,1.0000,6187.00,1.0340,0.623
,5.188671659,2118.0,5.2,2.2020,FALSE POSITIVE,0.0000,9523.00,1.9410,0.884
,2.236100588,1255.0,55.59,0.8830,FALSE POSITIVE,0.0010,5708.00,0.7950,1.427
Kepler-581 b,40.606895,521.0,2.67,0.9300,CONFIRMED,0.9320,5538.00,1.0270,0.494
Kepler-169 e,13.76710058,595.0,2.24,0.8060,CONFIRMED,1.0000,5001.00,0.7600,0.806
,2.2165905,1215.0,0.48,0.8780,CANDIDATE,0.9760,5397.00,0.8310,0.703
Kepler-169 c,6.1954595,776.0,1.37,0.8060,CONFIRMED,0.9960,5001.00,0.7600,0.647
Kepler-169 b,3.25058201,962.0,1.19,0.8060,CONFIRMED,1.0000,5001.00,0.7600,0.684
Kepler-169 d,8.34819209,702.0,1.45,0.8060,CONFIRMED,0.9980,5001.00,0.7600,0.799
,2.399069173,1354.0,1.78,0.9080,FALSE POSITIVE,0.0000,5654.00,1.0010,0.649
,3.65849707,1583.0,14.61,1.1350,CANDIDATE,1.0000,5857.00,1.8220,0.906
,91.172033,360.0,1.58,0.9310,FALSE POSITIVE,0.1460,5552.00,0.8360,0.005
Kepler-598 b,3.701765401,1050.0,1.63,0.8150,CONFIRMED,1.0000,5252.00,0.8980,0.713
Kepler-598 c,86.4943704,367.0,3.07,0.8150,CONFIRMED,0.9700,5252.00,0.8980,0.741
,5.17968868,972.0,18.91,0.8570,FALSE POSITIVE,0.0000,5761.00,0.8150,1.203
Kepler-148 d,51.84688984,413.0,8.73,0.8760,CONFIRMED,0.9630,5227.00,0.8380,0.681
Kepler-148 c,4.180048081,957.0,3.44,0.8760,CONFIRMED,1.0000,5227.00,0.8380,0.047
,68.832195,411.0,2.35,0.9300,FALSE POSITIVE,0.0400,5687.00,0.8600,0.633
Kepler-148 b,1.729367077,1284.0,1.82,0.8760,CONFIRMED,1.0000,5227.00,0.8380,0.278
,5.26640614,1163.0,38.05,0.9950,FALSE POSITIVE,0.0000,5916.00,1.1750,0.869
,44.18938922,537.0,14,0.9390,FALSE POSITIVE,0.0000,6061.00,0.9680,1.03
Kepler-558 b,29.00789166,498.0,2.64,0.8610,CONFIRMED,1.0000,5295.00,0.8010,0.761
,47.878243,317.0,8.15,0.6120,FALSE POSITIVE,0.0000,4254.00,0.6240,1.076
,2.433703498,1112.0,1.66,0.8690,CANDIDATE,1.0000,5251.00,0.7780,0.952
Kepler-160 c,13.69942266,771.0,3.85,0.9290,CONFIRMED,1.0000,5541.00,1.0890,0.03
Kepler-160 b,4.309381978,1134.0,1.89,0.9290,CONFIRMED,1.0000,5541.00,1.0890,0.034
Kepler-161 b,4.9213639,868.0,2.14,0.8270,CONFIRMED,1.0000,5076.00,0.7990,0.026
Kepler-169 f,87.0912594,321.0,2.95,0.8060,CONFIRMED,0.9810,5001.00,0.7600,0.845
,1.583160478,1619.0,3.27,1.1170,FALSE POSITIVE,0.9000,6063.00,1.0120,0.897
,7.9788198,927.0,0.99,0.9410,CANDIDATE,0.9490,5553.00,1.0980,0.05
Kepler-582 b,18.49234792,603.0,3.34,0.7690,CONFIRMED,1.0000,5289.00,0.8380,0.034
Kepler-170 b,7.930583519,899.0,3.05,1.0860,CONFIRMED,1.0000,5674.00,1.0320,0.559
Kepler-102 c,7.07136119,719.0,0.63,0.8060,CONFIRMED,1.0000,4900.00,0.7410,0.658
,9.50150926,843.0,25.77,0.9920,FALSE POSITIVE,0.0000,5938.00,0.9080,1.237
Kepler-599 b,15.65563866,623.0,2.55,0.7790,CONFIRMED,1.0000,5185.00,0.8370,0.304
,10.52286678,1008.0,23.26,1.0380,CANDIDATE,0.8810,5548.00,1.6140,1.12
Kepler-1722 b,9.17858526,753.0,2.3,0.8760,CONFIRMED,1.0000,5506.00,0.7880,0.582
,4.33144839,939.0,1.07,0.6860,FALSE POSITIVE,,5344.00,0.7280,0.291
Kepler-600 b,23.67513153,528.0,2.76,0.8690,CONFIRMED,1.0000,5309.00,0.7810,0.822
Kepler-149 b,29.19899219,540.0,4.15,0.9340,CONFIRMED,1.0000,5376.00,0.9400,0.043
Kepler-149 d,160.0191598,306.0,4.28,0.9340,CONFIRMED,1.0000,5376.00,0.9400,0.852
,7.05185637,,,,FALSE POSITIVE,,,,
Kepler-20 c,10.854095934,765.0,2.99,0.8760,CONFIRMED,1.0000,5465.00,0.9250,0.422
Kepler-149 c,55.3291399,436.0,1.67,0.9340,CONFIRMED,0.9970,5376.00,0.9400,0.209
,17.177328207,720.0,15.29,1.0550,FALSE POSITIVE,0.0000,6032.00,0.9730,0.267
Kepler-161 c,7.064252021,769.0,2.37,0.8270,CONFIRMED,1.0000,5076.00,0.7990,0.752
,53.71798494,1550.0,155.12,3.6010,CANDIDATE,0.9330,4959.00,21.4490,0.93
,43.501748,996.0,10.1,1.2180,FALSE POSITIVE,0.0290,4604.00,6.2210,0.909
Kepler-162 c,19.44639139,681.0,3.24,0.8750,CONFIRMED,1.0000,5815.00,0.9540,0.813
Kepler-162 b,6.91986988,961.0,1.39,0.8750,CONFIRMED,1.0000,5815.00,0.9540,0.819
,105.8817667,595.0,10.16,1.3010,CANDIDATE,1.0000,5903.00,2.4990,0.539
Kepler-170 c,16.6658994,702.0,2.85,1.0860,CONFIRMED,1.0000,5674.00,1.0320,0.429
Kepler-171 b,4.16696628,1053.0,2.74,0.9140,CONFIRMED,1.0000,5456.00,0.9430,0.022
,0.535224793,1783.0,1.09,0.7080,FALSE POSITIVE,0.0000,5044.00,0.7380,0.017
Kepler-171 c,11.46347165,752.0,3,0.9140,CONFIRMED,1.0000,5456.00,0.9430,0.103
Kepler-171 d,39.6034,497.0,2.22,0.9140,CONFIRMED,0.0000,5456.00,0.9430,0.166
Kepler-172 b,2.940304817,1256.0,2.59,0.9640,CONFIRMED,1.0000,5527.00,1.0540,0.825
Kepler-601 b,5.378868001,833.0,1.86,0.8060,CONFIRMED,1.0000,5077.00,0.7740,0.758
Kepler-602 b,15.28467725,852.0,2.7,1.0450,CONFIRMED,1.0000,5763.00,1.3740,0.774
,73.506021,471.0,2.37,1.1110,FALSE POSITIVE,0.2580,6215.00,1.0520,0.473
Kepler-603 b,21.05349939,731.0,2.75,1.0180,CONFIRMED,1.0000,5751.00,1.2470,0.008
Kepler-603 c,127.905412,401.0,8.03,1.0180,CONFIRMED,1.0000,5751.00,1.2470,0.47
Kepler-603 d,6.21716039,1098.0,1.81,1.0180,CONFIRMED,0.9980,5751.00,1.2470,0.333
,21.05647572,732.0,5.05,1.0920,FALSE POSITIVE,0.0890,6156.00,1.1180,0.938
,31.80514278,553.0,34.82,0.9530,FALSE POSITIVE,0.0000,5931.00,0.8630,1.289
,4.57797412,1024.0,0.96,0.9380,CANDIDATE,0.8190,5795.00,0.8480,0.343
,37.60936976,508.0,15.8,0.8890,FALSE POSITIVE,0.0000,5600.00,0.8960,0.671
,49.26678528,538.0,929.36,1.1520,FALSE POSITIVE,0.0000,5988.00,1.1430,8.364
,3.613757526,1182.0,7.05,0.9420,FALSE POSITIVE,0.0000,5986.00,0.9060,0.812
Kepler-150 c,7.381980206,876.0,3.42,0.8990,CONFIRMED,1.0000,5559.00,0.9140,0.096
Kepler-559 b,17.58751692,706.0,4.03,0.8960,CONFIRMED,1.0000,5433.00,1.1070,0.106
,3.01609637,795.0,0.96,0.6490,CANDIDATE,0.6900,4245.00,0.6370,0.7
,11.34436822,703.0,17.21,0.8410,FALSE POSITIVE,0.0000,5594.00,0.7520,1.183
,1.576341127,1797.0,2.96,0.9370,FALSE POSITIVE,0.0000,5087.00,1.6660,0.01
Kepler-560 b,18.47762694,267.0,1.55,0.2710,CONFIRMED,0.0010,3395.00,0.2830,0.712
Kepler-561 b,58.36205791,446.0,7.02,0.9730,CONFIRMED,0.9630,5592.00,0.9530,0.402
Kepler-561 c,5.350156114,989.0,2.6,0.9730,CONFIRMED,1.0000,5592.00,0.9530,0.008
,21.9424316,797.0,1.23,1.1280,CANDIDATE,0.8670,6052.00,1.4240,0.413
Kepler-172 c,6.38899658,970.0,2.89,0.9640,CONFIRMED,1.0000,5527.00,1.0540,0.876
Kepler-172 d,14.62709685,736.0,2.7,0.9640,CONFIRMED,0.9320,5527.00,1.0540,0.945
Kepler-172 e,35.1184432,550.0,3.26,0.9640,CONFIRMED,0.9980,5527.00,1.0540,0.958
Kepler-173 c,8.00579096,956.0,2.36,0.7930,CONFIRMED,1.0000,6032.00,0.9350,0.092
Kepler-173 b,4.26374378,1179.0,1.28,0.7930,CONFIRMED,1.0000,6032.00,0.9350,0.368
,330.025002,478.0,5.92,1.6580,CANDIDATE,0.2460,6126.00,3.4660,0.68
Kepler-462 b,84.6877524,611.0,3.37,1.3530,CONFIRMED,0.8810,6688.00,1.7900,0.017
,2.340523247,1456.0,1.4,0.8750,FALSE POSITIVE,0.0000,6056.00,0.9810,0.725
Kepler-604 b,25.85499978,637.0,2.4,1.0410,CONFIRMED,0.9930,6122.00,0.9640,0.265
Kepler-184 b,10.68758211,780.0,2.64,0.8770,CONFIRMED,1.0000,5788.00,0.8480,0.818
Kepler-184 c,20.30303506,630.0,2.16,0.8770,CONFIRMED,1.0000,5788.00,0.8480,0.793
,39.0930875,602.0,2.99,1.1460,FALSE POSITIVE,0.1860,6072.00,1.1930,0.862
Kepler-150 d,12.56096618,734.0,2.74,0.8990,CONFIRMED,1.0000,5559.00,0.9140,0.022
Kepler-150 e,30.8261043,544.0,3.18,0.8990,CONFIRMED,1.0000,5559.00,0.9140,0.943
Kepler-20 b,3.696121272,1095.0,1.78,0.8760,CONFIRMED,1.0000,5465.00,0.9250,0.016
Kepler-150 b,3.42806306,1131.0,1.21,0.8990,CONFIRMED,1.0000,5559.00,0.9140,0.082
Kepler-545 b,13.24931848,806.0,2.86,0.9720,CONFIRMED,1.0000,5799.00,1.0780,0.62
,22.4098677,489.0,0.73,0.8060,FALSE POSITIVE,1.0000,4900.00,0.7410,0.869
,363.706662,283.0,5.26,1.0250,FALSE POSITIVE,,6240.00,1.0640,0.9315
,9.391039263,1068.0,11.73,1.1100,CANDIDATE,0.0000,5944.00,1.4980,0.964
Kepler-562 b,18.00932214,658.0,4.96,0.9730,CONFIRMED,1.0000,5815.00,0.8770,0.55
Kepler-563 b,22.18431824,546.0,3.18,0.7710,CONFIRMED,1.0000,5157.00,0.8180,0.032
,77.4794704,778.0,10.33,1.6570,CANDIDATE,0.0000,6711.00,2.9090,0.019
,0.80489537,,,,FALSE POSITIVE,0.0000,,,
,276.32360146,352.0,1.21,1.0460,FALSE POSITIVE,0.1740,6528.00,1.2600,0.706
Kepler-102 b,5.28691996,792.0,0.51,0.8060,CONFIRMED,1.0000,4900.00,0.7410,0.705
Kepler-583 b,6.51003001,1017.0,2.78,1.0290,CONFIRMED,1.0000,5638.00,1.1530,0.023
Kepler-584 b,35.18105723,664.0,4.17,1.2790,CONFIRMED,0.9960,6520.00,1.2150,0.772
,11.75560012,716.0,22.39,0.9000,FALSE POSITIVE,0.0000,5644.00,0.8060,1.228
,17.79421914,606.0,25.27,0.8910,FALSE POSITIVE,0.0000,5485.00,0.8050,1.242
,6.12601169,1141.0,0.83,0.8440,FALSE POSITIVE,0.3840,5679.00,1.2860,0.422
Kepler-184 d,29.02235217,559.0,2.55,0.8770,CONFIRMED,1.0000,5788.00,0.8480,0.902
Kepler-605 b,3.383540239,1133.0,1.65,0.8610,CONFIRMED,1.0000,5300.00,0.9860,0.63
Kepler-605 c,2.358952404,1278.0,0.96,0.8610,CONFIRMED,0.9890,5300.00,0.9860,0.385
Kepler-185 c,20.72904234,530.0,1.94,0.8110,CONFIRMED,1.0000,4979.00,0.8030,0.559
Kepler-185 b,1.632916419,1237.0,1.13,0.8110,CONFIRMED,1.0000,4979.00,0.8030,0.136
,11.1438086,906.0,0.75,1.0040,CANDIDATE,0.9890,6095.00,1.1100,0.629
,7.216951388,1055.0,41.57,0.9740,FALSE POSITIVE,0.0000,6266.00,1.0560,1.283
,15.85238672,775.0,32.21,0.7720,FALSE POSITIVE,0.0000,5903.00,1.0050,1.262
Kepler-546 b,4.147021189,1258.0,7.31,0.9770,CONFIRMED,0.9220,5818.00,1.2050,0.255
Kepler-151 b,15.22895514,639.0,3,0.8780,CONFIRMED,1.0000,5456.00,0.8120,0.777
Kepler-151 c,24.67458244,544.0,2.33,0.8780,CONFIRMED,1.0000,5456.00,0.8120,0.817
,32.526674,525.0,1.26,0.9630,CANDIDATE,0.8620,5668.00,0.8680,0.472
,10.32906563,908.0,6.17,1.1070,CANDIDATE,1.0000,6228.00,1.0490,0.923
Kepler-564 b,3.750832927,1129.0,4.61,1.0680,CONFIRMED,1.0000,5776.00,0.9500,0.001
Kepler-163 c,21.34736612,648.0,3.2,0.8820,CONFIRMED,1.0000,5395.00,1.0710,0.885
Kepler-163 b,7.81100952,906.0,1.36,0.8820,CONFIRMED,0.9980,5395.00,1.0710,0.816
Kepler-565 b,4.243748097,1063.0,3.16,0.9300,CONFIRMED,1.0000,5873.00,0.8430,0.032
,2.404483552,2078.0,0.48,1.3320,FALSE POSITIVE,0.0000,6050.00,2.3450,1
,13.54204116,794.0,2.01,0.9340,FALSE POSITIVE,0.0000,5891.00,1.0150,0.722
Kepler-585 b,2.752359689,1178.0,2.54,0.9260,CONFIRMED,1.0000,5461.00,0.8970,0.436
Kepler-174 b,13.98177862,553.0,2.09,0.6360,CONFIRMED,1.0000,4859.00,0.6510,0.444
Kepler-174 c,44.0003975,377.0,1.56,0.6360,CONFIRMED,1.0000,4859.00,0.6510,0.032
Kepler-174 d,247.354914,212.0,2.29,0.6360,CONFIRMED,0.9960,4859.00,0.6510,0.044
,462.12069,249.0,2.46,0.8920,FALSE POSITIVE,0.0000,6079.00,0.9740,0.002
,12.39894005,890.0,4.06,1.1510,FALSE POSITIVE,0.0000,6355.00,1.1080,0.975
Kepler-462 c,207.5829306,453.0,4.52,1.3530,CONFIRMED,0.9970,6688.00,1.7900,0.84
Kepler-186 c,7.26731094,464.0,1.14,0.4520,CONFIRMED,1.0000,3751.00,0.4430,0.043
Kepler-186 d,13.3430025,379.0,1.29,0.4520,CONFIRMED,1.0000,3751.00,0.4430,0.517
Kepler-186 b,3.886795001,571.0,0.97,0.4520,CONFIRMED,1.0000,3751.00,0.4430,0.119
Kepler-186 e,22.40777833,319.0,1.15,0.4520,CONFIRMED,0.9990,3751.00,0.4430,0.147
,20.35509657,720.0,17.53,1.0720,FALSE POSITIVE,0.0000,6081.00,1.0770,0.503
,5.92240377,1087.0,2.77,1.0720,FALSE POSITIVE,0.0170,6081.00,1.0770,0.949
,166.7876551,334.0,7.03,0.9230,CANDIDATE,0.9990,5663.00,1.0310,0.041
Kepler-20 d,77.6114427,397.0,2.59,0.8760,CONFIRMED,0.5630,5465.00,0.9250,0.094
Kepler-152 b,18.20795835,551.0,3.08,0.8260,CONFIRMED,1.0000,5176.00,0.7380,0.64
,49.537365,532.0,1.48,0.9950,CANDIDATE,0.9660,6118.00,1.0230,0.435
Kepler-1720 b,12.70636123,697.0,2.75,0.9390,CONFIRMED,1.0000,5573.00,0.8390,0.793
Kepler-164 c,10.94577783,881.0,2.84,0.9660,CONFIRMED,1.0000,5888.00,1.0970,0.819
Kepler-164 d,28.9869016,637.0,2.7,0.9660,CONFIRMED,0.9990,5888.00,1.0970,0.842
Kepler-164 e,94.886902,429.0,4.24,0.9660,CONFIRMED,1.0000,5888.00,1.0970,0.982
Kepler-164 b,5.03505665,1141.0,1.63,0.9660,CONFIRMED,1.0000,5888.00,1.0970,0.911
,24.7222403,536.0,1.31,0.8710,FALSE POSITIVE,0.3680,5481.00,0.7780,0.106
Kepler-175 b,11.90352088,827.0,2.56,1.0790,CONFIRMED,1.0000,6063.00,1.0010,0.421
Kepler-19 b,9.286964466,762.0,2.1,0.9070,CONFIRMED,1.0000,5546.00,0.8100,0.004
Kepler-175 c,34.0350605,583.0,2.76,1.0790,CONFIRMED,1.0000,6063.00,1.0010,0.474
Kepler-176 c,12.75934489,633.0,2.58,0.7890,CONFIRMED,1.0000,4963.00,0.8260,0.657
Kepler-176 b,5.433132902,841.0,1.61,0.7890,CONFIRMED,1.0000,4963.00,0.8260,0.72
,0.967427812,1419.0,29.01,0.7840,FALSE POSITIVE,0.0000,5066.00,0.7090,1.248
Kepler-187 c,10.64021008,963.0,2.87,1.0570,CONFIRMED,1.0000,6112.00,1.2330,0.77
Kepler-187 b,4.93883135,1244.0,1.44,1.0570,CONFIRMED,1.0000,6112.00,1.2330,0.633
Kepler-188 c,5.996533443,1025.0,2.96,0.9580,CONFIRMED,1.0000,5622.00,1.0890,0.51
Kepler-188 b,2.06190864,1463.0,1.63,0.9580,CONFIRMED,0.9990,5622.00,1.0890,0.537
Kepler-189 c,20.13490007,544.0,2.98,0.7890,CONFIRMED,1.0000,4963.00,0.8260,0.798
,24.0721647,400.0,1.1,0.6400,CANDIDATE,0.9980,4352.00,0.6130,0.949
Kepler-152 c,88.2553729,326.0,2.96,0.8260,CONFIRMED,0.7660,5176.00,0.7380,0.886
,19.193103549,656.0,12.23,0.9850,CANDIDATE,0.0000,5883.00,0.8920,0.98
,22.418319842,563.0,9.94,0.7460,FALSE POSITIVE,0.0000,5324.00,0.8130,0.8
,20.131477716,670.0,39.89,1.0190,FALSE POSITIVE,0.0000,6003.00,0.9320,1.279
Kepler-547 b,6.010383339,768.0,3.8,0.7180,CONFIRMED,1.0000,4882.00,0.7380,0.436
,80.881757,581.0,2.27,1.1410,CANDIDATE,0.5530,5934.00,1.8850,0.335
,1.334101467,2169.0,1.74,1.1600,FALSE POSITIVE,0.0000,6178.00,1.5800,0.153
,9.250572762,1966.0,96.08,2.0530,CANDIDATE,0.0000,8133.00,3.2940,1.234
Kepler-165 b,8.1808949,716.0,2.1,0.8640,CONFIRMED,1.0000,5081.00,0.7700,0.521
Kepler-165 c,15.31296388,581.0,2.34,0.8640,CONFIRMED,1.0000,5081.00,0.7700,0.607
Kepler-566 b,18.42794957,526.0,2.24,0.7590,CONFIRMED,1.0000,4768.00,0.7790,0.727
,8.8249556,928.0,1.1,0.9780,FALSE POSITIVE,0.2940,6078.00,0.9940,0.21
,7.30497811,760.0,10.86,0.8330,FALSE POSITIVE,0.0000,5247.00,0.7440,0.932
,5.115750935,1202.0,60.74,1.1410,FALSE POSITIVE,0.7610,6398.00,1.1010,1.475
,1.213745575,1246.0,21.69,0.6440,FALSE POSITIVE,0.0000,4820.00,0.6610,1.246
,7.189379172,1026.0,11.94,1.1690,CANDIDATE,1.0000,6214.00,1.0760,0.908
,1.423799421,1659.0,4.69,1.1020,FALSE POSITIVE,0.0000,5962.00,1.0190,0.501
,1.8134378,1158.0,0.69,0.7430,CANDIDATE,0.9010,5094.00,0.7000,0.418
Kepler-223 d,14.78767172,827.0,3.46,1.0550,CONFIRMED,1.0000,5814.00,1.2480,0.021
Kepler-625 c,4.16536757,1048.0,1,1.0040,CONFIRMED,0.9960,5604.00,0.9120,0.348
Kepler-626 b,14.48584765,784.0,2.88,0.9660,CONFIRMED,1.0000,5784.00,1.0850,0.93
Kepler-627 b,40.6992062,685.0,3.2,1.0120,CONFIRMED,1.0000,6419.00,1.3620,0.854
,4.532402495,1160.0,3.69,0.9510,FALSE POSITIVE,0.0000,5575.00,1.1730,0.99
,25.273355,579.0,24.74,0.8540,FALSE POSITIVE,0.3760,5313.00,0.9760,1.208
Kepler-628 b,15.458056682,871.0,9.11,1.0660,CONFIRMED,0.9990,5868.00,1.4070,0.05
,562.1725914,241.0,10.9,1.0260,CANDIDATE,,5589.00,1.2890,0.7801
,278.1243979,286.0,5.86,1.0280,CANDIDATE,1.0000,5799.00,1.0500,0.871
,4.034914368,1452.0,6.95,1.0790,CANDIDATE,1.0000,5548.00,1.7930,0.965
Kepler-644 b,3.173914037,1655.0,3.07,1.3370,CONFIRMED,1.0000,6432.00,1.5840,0.819
,379.11996,221.0,2.74,0.9070,FALSE POSITIVE,0.0050,5546.00,0.8100,0.483
,52.513548727,472.0,12.43,0.9250,CANDIDATE,0.9520,5589.00,0.9800,0.679
,4.17838675,1430.0,3.13,1.1360,CANDIDATE,1.0000,5746.00,1.6870,0.617
Kepler-223 c,9.84824649,947.0,2.68,1.0550,CONFIRMED,0.9940,5814.00,1.2480,0.55
Kepler-223 e,19.7243672,751.0,3.57,1.0550,CONFIRMED,1.0000,5814.00,1.2480,0.898
Kepler-104 d,51.75530504,515.0,2.61,0.9130,CONFIRMED,0.9780,5979.00,1.0050,0.638
,16.2982201,388.0,0.78,0.5380,CANDIDATE,0.9570,3905.00,0.5210,0.698
Kepler-223 b,7.38443269,1042.0,2.42,1.0550,CONFIRMED,0.9920,5814.00,1.2480,0.594
,7.06115081,886.0,171.85,0.9380,FALSE POSITIVE,0.0000,5795.00,0.8480,2.824
,2190.7010353,109.0,3.12,0.7090,CANDIDATE,,4965.00,0.7360,0.2597
Kepler-629 b,7.23858162,816.0,1.34,0.9170,CONFIRMED,1.0000,5411.00,0.8310,0.147
Kepler-630 b,161.4746786,343.0,3.25,0.9600,CONFIRMED,0.9990,5761.00,1.0440,0.746
,6.277827312,985.0,4.87,0.9740,FALSE POSITIVE,0.0000,6077.00,0.8910,0.95
Kepler-1725 b,16.71987303,767.0,2.52,1.0490,CONFIRMED,1.0000,6020.00,1.0850,0.437
,12.011661094,1317.0,55.2,1.7010,FALSE POSITIVE,0.0000,6753.00,2.3960,1.024
Kepler-645 b,3.275821982,1730.0,3.54,1.4600,CONFIRMED,1.0000,6185.00,1.9720,0.746
Kepler-646 b,15.87360981,632.0,1.53,0.8010,CONFIRMED,1.0000,5656.00,0.7370,0.395
Kepler-595 c,12.3860474,679.0,1.11,0.8220,CONFIRMED,0.8820,5121.00,0.8880,0.538
,1.360834768,1660.0,7.24,0.9680,FALSE POSITIVE,0.0000,6215.00,0.8720,1.008
Kepler-464 b,7.256962446,1163.0,3.53,1.1330,CONFIRMED,1.0000,5858.00,1.5490,0.676
Kepler-647 c,29.66631669,644.0,2.83,0.9220,CONFIRMED,1.0000,5956.00,1.0980,0.019
Kepler-647 b,16.2254975,788.0,1.21,0.9220,CONFIRMED,1.0000,5956.00,1.0980,0.273
Kepler-656 b,1.260258822,1569.0,3.57,1.0500,CONFIRMED,1.0000,5550.00,0.9540,0.791
,3.29534567,1139.0,1.23,1.0500,CANDIDATE,0.9660,5550.00,0.9540,0.729
,0.542122617,2238.0,0.94,1.0880,FALSE POSITIVE,0.0000,5875.00,0.9980,0.108
Kepler-656 c,5.25449393,975.0,1.41,1.0500,CONFIRMED,0.9920,5550.00,0.9540,0.837
Kepler-224 c,5.924993927,758.0,3.15,0.7430,CONFIRMED,1.0000,5016.00,0.6790,0.848
Kepler-224 d,11.34934848,610.0,2.39,0.7430,CONFIRMED,1.0000,5016.00,0.6790,0.398
,26.94927489,395.0,7.37,0.5260,FALSE POSITIVE,0.0000,4723.00,0.5120,0.438
Kepler-199 b,23.6421965,595.0,2.9,0.9800,CONFIRMED,1.0000,5750.00,0.8820,0.022
Kepler-199 c,67.0930642,420.0,3.51,0.9800,CONFIRMED,0.9540,5750.00,0.8820,0.822
Kepler-631 b,17.97979816,828.0,2.89,1.2470,CONFIRMED,1.0000,6141.00,1.3520,0.069
Kepler-632 b,30.99664113,500.0,2.43,0.9280,CONFIRMED,1.0000,5324.00,0.8530,0.791
Kepler-213 b,2.462344253,1326.0,1.33,1.0870,CONFIRMED,1.0000,5736.00,1.0080,0.051
Kepler-213 c,4.822969318,1060.0,2.22,1.0870,CONFIRMED,1.0000,5736.00,1.0080,0.891
,6.0799457,1101.0,0.86,1.1170,CANDIDATE,0.8130,6008.00,1.1680,0.097
Kepler-214 c,28.7796446,619.0,1.95,1.1220,CONFIRMED,0.9970,6000.00,1.0440,0.886
Kepler-214 b,15.66057688,758.0,2.05,1.1220,CONFIRMED,1.0000,6000.00,1.0440,0.244
Kepler-648 b,17.42115972,674.0,3.11,1.0580,CONFIRMED,1.0000,5679.00,0.9720,0.651
Kepler-224 b,3.13295351,937.0,1.39,0.7430,CONFIRMED,1.0000,5016.00,0.6790,0.135
Kepler-224 e,18.64349986,517.0,2.14,0.7430,CONFIRMED,1.0000,5016.00,0.6790,0.774
,93.803766,375.0,2.05,0.8990,FALSE POSITIVE,0.0050,5559.00,0.9140,0.63
Kepler-657 b,24.5434566,616.0,3.08,0.9990,CONFIRMED,1.0000,5955.00,0.9100,0.042
Kepler-466 b,51.07926451,503.0,2.75,0.9740,CONFIRMED,0.9900,5833.00,1.0220,0.017
,70.2780911,434.0,2.54,0.9990,CANDIDATE,0.9740,5955.00,0.9100,0.07
,9.9664004,1578.0,16.89,1.5950,CANDIDATE,1.0000,6638.00,3.0790,0.966
,14.85185526,457.0,2.73,0.6710,CANDIDATE,1.0000,4129.00,0.6520,0.815
,4.350413063,1088.0,1.26,0.9580,FALSE POSITIVE,0.0000,5978.00,0.8760,0.549
,1.376384817,1343.0,1.47,0.7910,FALSE POSITIVE,0.0000,5278.00,0.7460,0.558
,45.977861823,541.0,17.09,0.8850,FALSE POSITIVE,0.0000,5761.00,1.0960,0.367
Kepler-649 b,29.90721859,564.0,2.16,0.8750,CONFIRMED,1.0000,5739.00,0.8960,0.022
,7.03380109,1320.0,2.61,1.4270,FALSE POSITIVE,0.1930,6122.00,1.9340,0.861
,56.391062,310.0,3.58,0.6320,CANDIDATE,0.5290,4406.00,0.6280,0.92
Kepler-650 b,3.032147946,1507.0,3.62,1.0810,CONFIRMED,0.9550,5827.00,1.4470,0.836
Kepler-103 b,15.96532718,872.0,3.33,1.0680,CONFIRMED,1.0000,5880.00,1.4330,0.674
,12.718711489,1042.0,120.02,1.0090,FALSE POSITIVE,0.0000,6120.00,1.5960,1.588
,22.34213536,526.0,5.19,0.6740,CANDIDATE,1.0000,5237.00,0.7070,0.973
Kepler-225 c,18.79418506,412.0,2.33,0.6160,CONFIRMED,1.0000,4126.00,0.6020,0.356
Kepler-225 b,6.73893544,579.0,1.44,0.6160,CONFIRMED,1.0000,4126.00,0.6020,0.043
,14.49839316,607.0,5.16,0.7890,FALSE POSITIVE,0.0000,5268.00,0.7350,0.91
Kepler-29 b,10.3392408,777.0,2.98,0.9680,CONFIRMED,1.0000,5730.00,0.8700,0.15
Kepler-633 b,8.50339249,1021.0,1.95,0.9970,CONFIRMED,0.8860,5877.00,1.2650,0.825
Kepler-633 c,23.7832097,725.0,2.01,0.9970,CONFIRMED,1.0000,5877.00,1.2650,0.01
,3.041547148,1544.0,60.05,1.1990,FALSE POSITIVE,0.0000,6431.00,1.2950,1.233
Kepler-634 b,5.16949729,1309.0,2.06,0.9630,CONFIRMED,1.0000,6011.00,1.4090,0.235
,10.47490332,1567.0,15.45,1.5730,CANDIDATE,0.0000,6526.00,3.2320,0.972
,5.41460536,1737.0,116.93,1.5000,FALSE POSITIVE,0.0000,6033.00,2.9430,1.29
Kepler-215 d,30.86436512,527.0,2.23,0.9200,CONFIRMED,1.0000,5677.00,0.8280,0.851
Kepler-215 b,9.36059705,784.0,1.42,0.9200,CONFIRMED,1.0000,5677.00,0.8280,0.802
Kepler-215 c,14.6672293,675.0,1.21,0.9200,CONFIRMED,0.9970,5677.00,0.8280,0.596
Kepler-215 e,68.1609897,405.0,1.45,0.9200,CONFIRMED,0.9760,5677.00,0.8280,0.459
Kepler-29 c,13.28689997,715.0,2.78,0.9680,CONFIRMED,1.0000,5730.00,0.8700,0.017
Kepler-658 b,1.287076693,871.0,1.39,0.5330,CONFIRMED,0.9990,3736.00,0.5250,0.003
,61.858947,699.0,2.47,1.4020,CANDIDATE,0.9980,5529.00,2.8170,0.621
Kepler-659 b,17.6717714,513.0,2.44,0.7670,CONFIRMED,1.0000,4869.00,0.6870,0.86
,23.355341391,601.0,21.55,1.0210,FALSE POSITIVE,0.0000,5754.00,0.9050,0.842
Kepler-635 b,23.44970494,802.0,2.71,1.3300,CONFIRMED,1.0000,6188.00,1.5240,0.193
Kepler-1990 b,1.73513619,1554.0,3.27,1.0280,CONFIRMED,1.0000,5751.00,1.0710,0.045
Kepler-1665 b,11.95474513,906.0,5.15,0.9470,CONFIRMED,1.0000,5059.00,1.6570,0.601
,42.55930625,527.0,5.45,0.9600,FALSE POSITIVE,0.0000,6032.00,0.9240,0.927
Kepler-636 b,16.080657264,614.0,4.43,0.8600,CONFIRMED,1.0000,5303.00,0.8170,0.051
Kepler-62 d,18.16407304,508.0,1.98,0.7270,CONFIRMED,1.0000,4926.00,0.6620,0.021
,7.334073405,870.0,1.42,0.8460,FALSE POSITIVE,0.0000,5985.00,0.7580,0.559
Kepler-62 b,5.71489692,747.0,1.33,0.7270,CONFIRMED,1.0000,4926.00,0.6620,0.011
Kepler-62 e,122.3858681,269.0,1.72,0.7270,CONFIRMED,0.9940,4926.00,0.6620,0.101
,1.274840187,2498.0,66.76,1.4030,FALSE POSITIVE,0.0000,5365.00,2.8720,1.198
Kepler-103 c,179.609803,389.0,5.47,1.0680,CONFIRMED,1.0000,5880.00,1.4330,0.711
,1.368617188,2255.0,1.84,1.2720,FALSE POSITIVE,0.0000,6561.00,1.5840,0.464
,1.125963085,1988.0,1.41,1.0110,FALSE POSITIVE,0.0000,6225.00,1.1160,0.596
Kepler-200 b,8.59481851,854.0,1.75,0.8780,CONFIRMED,1.0000,5675.00,0.9150,0.617
Kepler-200 c,10.22215697,806.0,1.72,0.8780,CONFIRMED,1.0000,5675.00,0.9150,0.911
Kepler-201 b,25.6721559,683.0,2.68,1.1640,CONFIRMED,1.0000,6034.00,1.1790,0.867
Kepler-201 c,151.8851881,378.0,2.47,1.1640,CONFIRMED,0.9700,6034.00,1.1790,0.788
,1.065731229,5118.0,384.26,2.9360,FALSE POSITIVE,0.0000,6244.00,10.1050,1.277
Kepler-1726 b,18.39629744,582.0,2.47,0.8760,CONFIRMED,1.0000,5316.00,0.8040,0.872
,1.012672041,2337.0,5.89,1.2350,FALSE POSITIVE,0.0000,6663.00,1.3380,0.957
,28.714216138,794.0,42.19,1.2400,FALSE POSITIVE,0.0000,6706.00,1.4170,0.919
Kepler-33 d,21.77568158,853.0,4.76,1.1000,CONFIRMED,1.0000,5900.00,1.6940,0.025
Kepler-33 f,41.0283424,691.0,3.92,1.1000,CONFIRMED,0.9970,5900.00,1.6940,0.011
,0.83442282,1854.0,0.64,0.9920,FALSE POSITIVE,0.1410,5838.00,0.8970,0.163
,1.906633332,1847.0,2.72,1.2240,FALSE POSITIVE,0.0010,6736.00,1.2430,0.98
Kepler-202 b,4.069425638,802.0,1.53,0.7500,CONFIRMED,0.9920,4671.00,0.6800,0.102
Kepler-1990 c,4.06844957,1170.0,0.98,1.0280,CONFIRMED,0.4910,5751.00,1.0710,0.55
Kepler-202 c,16.28247625,505.0,1.88,0.7500,CONFIRMED,1.0000,4671.00,0.6800,0.382
Kepler-203 b,3.162692075,1308.0,2.61,0.9720,CONFIRMED,1.0000,5821.00,1.0850,0.716
Kepler-33 e,31.7848157,752.0,3.55,1.1000,CONFIRMED,0.9990,5900.00,1.6940,0.015
Kepler-33 c,13.17555999,1009.0,2.82,1.1000,CONFIRMED,1.0000,5900.00,1.6940,0.013
Kepler-33 b,5.66815821,1336.0,1.85,1.1000,CONFIRMED,0.9970,5900.00,1.6940,0.177
Kepler-216 c,17.40665216,814.0,2.95,1.0130,CONFIRMED,1.0000,6086.00,1.2160,0.022
,3.07365139,1215.0,0.79,0.9310,CANDIDATE,0.9520,6068.00,0.8310,0.034
,6.41496453,1153.0,25.79,0.9270,FALSE POSITIVE,0.0000,6170.00,1.1830,1.187
Kepler-203 c,5.370639542,1096.0,2.54,0.9720,CONFIRMED,1.0000,5821.00,1.0850,0.667
Kepler-203 d,11.32977062,855.0,1.37,0.9720,CONFIRMED,1.0000,5821.00,1.0850,0.036
Kepler-637 b,23.20579353,1002.0,5.86,1.6090,CONFIRMED,0.9840,5460.00,3.2310,0.059
Kepler-638 b,6.07972016,1111.0,2.32,0.9110,CONFIRMED,1.0000,5460.00,1.3460,0.471
,275.07365,303.0,1.86,0.8640,CANDIDATE,0.0000,5604.00,1.1870,0.595
Kepler-204 b,14.40090414,828.0,2.71,0.9760,CONFIRMED,1.0000,5815.00,1.1980,0.872
Kepler-216 b,7.69363627,1069.0,2.12,1.0130,CONFIRMED,1.0000,6086.00,1.2160,0.366
Kepler-651 b,21.3851584,574.0,2.17,0.8140,CONFIRMED,1.0000,5376.00,0.8250,0.518
Kepler-217 b,5.37493289,1413.0,2.12,1.1350,CONFIRMED,1.0000,6167.00,1.6890,0.228
Kepler-217 c,8.58600968,1208.0,1.84,1.1350,CONFIRMED,1.0000,6167.00,1.6890,0.728
,4.50158249,676.0,0.73,0.5730,CANDIDATE,0.9770,4339.00,0.5530,0.016
Kepler-217 d,3.88688862,1574.0,1.29,1.1350,CONFIRMED,0.9990,6167.00,1.6890,0.035
,2.192009479,1446.0,35.9,0.8780,FALSE POSITIVE,0.0000,5499.00,1.1250,1.248
,8.254912972,793.0,11.86,0.8050,FALSE POSITIVE,0.0270,5366.00,0.8350,0.532
Kepler-621 b,2.628117322,737.0,1.77,0.5750,CONFIRMED,1.0000,3939.00,0.5570,0.612
,5.06546874,592.0,0.62,0.5750,CANDIDATE,0.9170,3939.00,0.5570,0.477
,3.170626881,1314.0,14.37,1.0420,FALSE POSITIVE,0.0020,6068.00,1.0340,0.847
,5.89399142,940.0,11.16,1.0100,CANDIDATE,1.0000,5713.00,0.8930,0.867
Kepler-204 c,25.6613816,683.0,1.78,0.9760,CONFIRMED,0.9590,5815.00,1.1980,0.864
Kepler-639 b,10.21418792,957.0,2.29,1.1510,CONFIRMED,1.0000,5843.00,1.3320,0.016
Kepler-205 b,2.755637216,757.0,1.37,0.5700,CONFIRMED,0.0730,4121.00,0.5530,0.717
,36.2671673,347.0,1.5,0.6070,FALSE POSITIVE,0.0000,4264.00,0.6200,0.214
Kepler-1710 b,14.91095177,694.0,2.62,0.9320,CONFIRMED,1.0000,5650.00,0.8990,0.014
Kepler-205 c,20.30652862,389.0,1.58,0.5700,CONFIRMED,0.0080,4121.00,0.5530,0.714
Kepler-218 c,44.6996563,500.0,3.05,0.9880,CONFIRMED,0.4830,5497.00,1.0460,0.472
Kepler-218 b,3.619309734,1156.0,1.47,0.9880,CONFIRMED,0.9720,5497.00,1.0460,0.116
Kepler-218 d,124.5245224,356.0,2.69,0.9880,CONFIRMED,0.7720,5497.00,1.0460,0.004
,7.6720844,875.0,0.72,0.8840,CANDIDATE,0.6750,5972.00,0.8070,0.523
,2.178150857,1282.0,1.11,0.9280,FALSE POSITIVE,0.0000,5691.00,0.8360,0.58
,2.178150567,1796.0,34.19,1.2270,FALSE POSITIVE,0.0000,6820.00,1.2540,1.228
,25.33709016,414.0,3.47,0.6210,FALSE POSITIVE,0.0000,4469.00,0.6350,0.824
,4.396999852,1231.0,13.57,0.9980,FALSE POSITIVE,0.0240,5949.00,1.1560,0.987
Kepler-622 b,14.28228147,446.0,1.82,0.6120,CONFIRMED,1.0000,4102.00,0.5950,0.019
,3.251659087,1384.0,9.83,1.1310,CANDIDATE,1.0000,6367.00,1.0870,0.938
,1.16015259,1751.0,1.4,0.9590,FALSE POSITIVE,0.0000,5842.00,0.9850,0.748
Kepler-89 b,3.743166733,1423.0,1.5,1.1060,CONFIRMED,0.9990,6181.00,1.3310,0.008
Kepler-206 c,13.13747785,825.0,1.85,0.9820,CONFIRMED,1.0000,5762.00,1.1430,0.8
Kepler-206 b,7.78199862,983.0,1.32,0.9820,CONFIRMED,0.9990,5762.00,1.1430,0.816
,2.2227289,4454.0,34.14,3.5840,FALSE POSITIVE,0.0140,4996.00,20.8480,0.254
Kepler-206 d,23.4433748,681.0,1.29,0.9820,CONFIRMED,1.0000,5762.00,1.1430,0.924
Kepler-207 d,5.868066282,1254.0,3.6,1.1810,CONFIRMED,1.0000,5918.00,1.5550,0.801
Kepler-207 b,1.61189046,1930.0,1.72,1.1810,CONFIRMED,1.0000,5918.00,1.5550,0.782
Kepler-465 b,9.940666412,996.0,2.87,1.1700,CONFIRMED,1.0000,6215.00,1.2590,0.02
Kepler-652 b,4.182001885,974.0,2.46,0.9710,CONFIRMED,1.0000,5328.00,0.8650,0.015
,66.47762,388.0,1.83,0.8680,CANDIDATE,0.5730,5515.00,0.7750,0.384
,1.621668852,1598.0,32.76,1.0430,FALSE POSITIVE,0.0000,6106.00,0.9660,1.194
,26.89316101,614.0,6.78,0.9750,CANDIDATE,1.0000,6096.00,0.9080,0.98
Kepler-653 b,14.70749512,819.0,2.04,1.0560,CONFIRMED,1.0000,5676.00,1.2800,0.127
Kepler-196 b,20.73989406,536.0,2.11,0.8050,CONFIRMED,1.0000,5132.00,0.7700,0.777
Kepler-196 c,47.4277116,407.0,2.33,0.8050,CONFIRMED,0.9980,5132.00,0.7700,0.678
,5.07442951,929.0,1.38,0.9770,FALSE POSITIVE,0.0000,5448.00,0.8570,0.53
Kepler-434 b,12.874712426,926.0,11.26,1.2200,CONFIRMED,1.0000,5963.00,1.4240,0.932
,176.2432946,353.0,48.15,0.8950,FALSE POSITIVE,0.0000,5559.00,1.2310,1.271
Kepler-207 c,3.07155284,1556.0,1.65,1.1810,CONFIRMED,1.0000,5918.00,1.5550,0.855
Kepler-640 b,22.24814617,609.0,2.72,1.0330,CONFIRMED,1.0000,5629.00,0.9430,0.868
,0.702739679,1765.0,0.73,0.8190,CANDIDATE,0.9870,5269.00,0.8360,0.742
,4.305219002,1119.0,10.34,1.0000,FALSE POSITIVE,0.0010,5780.00,1.0000,0.626
,13.779711352,1376.0,47.58,1.3930,FALSE POSITIVE,0.0030,6444.00,2.9470,0.201
Kepler-94 b,2.508057497,997.0,3.25,0.8350,CONFIRMED,1.0000,4780.00,0.7610,0.742
,5.07437786,1008.0,23.71,0.9290,FALSE POSITIVE,0.0000,5661.00,0.9190,1.21
Kepler-653 c,0.900375925,2078.0,0.82,1.0560,CONFIRMED,1.0000,5676.00,1.2800,0.093
Kepler-219 b,4.585466941,1307.0,3.29,1.1790,CONFIRMED,1.0000,5788.00,1.4950,0.823
Kepler-219 c,22.71443351,766.0,4.01,1.1790,CONFIRMED,1.0000,5788.00,1.4950,0.816
Kepler-219 d,47.903427,598.0,3.55,1.1790,CONFIRMED,0.9970,5788.00,1.4950,0.918
Kepler-220 c,9.034190783,586.0,1.8,0.6430,CONFIRMED,1.0000,4499.00,0.6390,0.846
,1.433339604,1677.0,2.08,1.0770,FALSE POSITIVE,0.9280,6077.00,0.9990,0.902
,37.86511904,535.0,40.36,1.0560,FALSE POSITIVE,0.0000,5858.00,0.9630,1.28
Kepler-623 b,9.07098164,825.0,2.94,1.0080,CONFIRMED,1.0000,5672.00,0.9290,0.013
,2.879243323,1244.0,21.02,0.9750,FALSE POSITIVE,0.6910,5941.00,0.8850,0.709
Kepler-51 b,45.15535633,523.0,7.65,1.0530,CONFIRMED,0.9780,6046.00,0.9720,0.063
Kepler-641 b,9.48965527,926.0,2.16,1.0050,CONFIRMED,1.0000,5672.00,1.2040,0.795
Kepler-208 b,4.22865217,1379.0,1.83,1.2130,CONFIRMED,1.0000,5966.00,1.4990,0.009
,2.85889907,989.0,0.73,0.8480,FALSE POSITIVE,0.0000,4973.00,0.7540,0.936
Kepler-208 c,7.46662068,1141.0,1.65,1.2130,CONFIRMED,0.9990,5966.00,1.4990,0.255
Kepler-208 e,16.25951967,880.0,1.72,1.2130,CONFIRMED,0.9920,5966.00,1.4990,0.374
Kepler-208 d,11.1317901,999.0,1.47,1.2130,CONFIRMED,1.0000,5966.00,1.4990,0.342
Kepler-220 d,28.1224393,401.0,0.9,0.6430,CONFIRMED,0.9970,4499.00,0.6390,0.516
Kepler-104 b,11.427550984,852.0,2.35,0.9130,CONFIRMED,0.9990,5979.00,1.0050,0.608
,0.983304511,2121.0,1.1,1.2730,FALSE POSITIVE,0.0140,6363.00,1.1980,0.477
Kepler-220 e,45.9029768,341.0,1.18,0.6430,CONFIRMED,0.9990,4499.00,0.6390,0.303
Kepler-220 b,4.159816554,759.0,0.86,0.6430,CONFIRMED,1.0000,4499.00,0.6390,0.676
Kepler-221 c,5.69059163,860.0,3.1,0.8260,CONFIRMED,1.0000,5244.00,0.8100,0.573
Kepler-7 b,4.885488596,1496.0,16.66,1.2360,CONFIRMED,0.9990,6036.00,1.9090,0.361
Kepler-51 d,130.17802962,367.0,10.44,1.0530,CONFIRMED,1.0000,6046.00,0.9720,0.022
Kepler-51 c,85.3162004,423.0,6.34,1.0530,CONFIRMED,0.9700,6046.00,0.9720,0.972
,17.761998411,538.0,14.25,0.6670,CANDIDATE,0.0000,5088.00,0.6690,0.907
,155.042265,511.0,26.44,1.3000,CANDIDATE,1.0000,4994.00,3.3220,0.824
Kepler-197 c,10.34973276,930.0,1.44,0.9020,CONFIRMED,0.2840,6003.00,1.1090,0.905
Kepler-209 b,16.08786246,668.0,2.56,0.9040,CONFIRMED,1.0000,5506.00,0.9140,0.824
,25.0032023,837.0,1.47,1.1760,CANDIDATE,0.7600,6148.00,1.6850,0.756
Kepler-209 c,41.74938613,486.0,2.94,0.9040,CONFIRMED,1.0000,5506.00,0.9140,0.226
,0.56680081,2038.0,1.02,0.9040,FALSE POSITIVE,0.0000,5506.00,0.9140,0.004
Kepler-642 b,4.41746257,1810.0,3.95,1.3960,CONFIRMED,1.0000,6570.00,2.2970,0.085
Kepler-463 b,8.981014925,880.0,3.14,0.7850,CONFIRMED,1.0000,5666.00,0.9670,0.097
Kepler-643 b,16.33888067,963.0,10.47,1.0850,CONFIRMED,1.0000,4877.00,2.5950,0.256
,39.1307086,600.0,1.54,1.0650,FALSE POSITIVE,0.2730,6295.00,1.0800,0.013
Kepler-221 d,10.04157214,712.0,2.97,0.8260,CONFIRMED,1.0000,5244.00,0.8100,0.768
Kepler-221 e,18.36974658,582.0,3.58,0.8260,CONFIRMED,1.0000,5244.00,0.8100,0.947
Kepler-221 b,2.79590004,1090.0,1.66,0.8260,CONFIRMED,1.0000,5244.00,0.8100,0.638
Kepler-654 b,13.72462702,831.0,2.13,0.9820,CONFIRMED,1.0000,5817.00,1.1710,0.748
Kepler-655 b,46.40626,588.0,2.66,1.0370,CONFIRMED,0.9950,6086.00,1.2270,0.018
,80.84069,500.0,15.11,1.0890,CANDIDATE,0.0000,5511.00,1.5970,0.003
Kepler-197 d,15.67750191,810.0,1.42,0.9020,CONFIRMED,0.9850,6003.00,1.1090,0.911
Kepler-197 b,5.59931543,1142.0,1.22,0.9020,CONFIRMED,0.9730,6003.00,1.1090,0.914
Kepler-197 e,25.2100146,691.0,0.95,0.9020,CONFIRMED,0.9920,6003.00,1.1090,0.771
Kepler-198 b,17.79001678,655.0,2.7,0.9350,CONFIRMED,1.0000,5569.00,0.9270,0.182
Kepler-198 c,49.5674085,465.0,2.91,0.9350,CONFIRMED,0.9990,5569.00,0.9270,0.866
Kepler-14 b,6.790120801,1434.0,9.86,1.3130,CONFIRMED,0.9940,6372.00,2.0010,0.486
,1.655467295,1080.0,2.17,0.7010,FALSE POSITIVE,0.0000,4583.00,0.6950,0.001
Kepler-210 c,7.972510087,497.0,3.22,0.5560,CONFIRMED,0.3780,3912.00,0.5330,0.739
Kepler-210 b,2.453236139,737.0,2.26,0.5560,CONFIRMED,1.0000,3912.00,0.5330,0.496
,11.9710626,1044.0,5.84,1.0480,FALSE POSITIVE,0.0000,6312.00,1.4640,0.999
Kepler-211 c,6.0404622,841.0,1.3,0.9380,CONFIRMED,1.0000,5297.00,0.8250,0.508
Kepler-211 b,4.13852825,954.0,1.3,0.9380,CONFIRMED,1.0000,5297.00,0.8250,0.185
Kepler-222 b,3.936993144,1004.0,3.36,0.9450,CONFIRMED,1.0000,5431.00,0.8430,0.801
Kepler-222 d,28.08185982,522.0,3.63,0.9450,CONFIRMED,1.0000,5431.00,0.8430,0.425
Kepler-104 c,23.66834635,668.0,2.32,0.9130,CONFIRMED,1.0000,5979.00,1.0050,0.758
Kepler-222 c,10.08881066,734.0,4.71,0.9450,CONFIRMED,1.0000,5431.00,0.8430,0.921
,60.458443,511.0,1.59,1.0080,CANDIDATE,0.8720,5865.00,1.1810,0.451
,6.97106919,946.0,2.07,1.0970,FALSE POSITIVE,0.0000,5871.00,0.9830,0.044
Kepler-198 d,1.311842968,1562.0,1.43,0.9350,CONFIRMED,1.0000,5569.00,0.9270,0.121
,38.13853099,873.0,68.75,1.4560,FALSE POSITIVE,1.0000,6481.00,2.3430,1.231
Kepler-624 b,14.58649856,852.0,2.45,1.0090,CONFIRMED,1.0000,6063.00,1.1910,0.665
,8.0292018,1040.0,0.99,1.0090,CANDIDATE,0.9940,6063.00,1.1910,0.51
,1.05569286,1395.0,0.45,0.7480,FALSE POSITIVE,0.3250,4955.00,0.7510,0.131
Kepler-625 b,7.75192755,852.0,1.89,1.0040,CONFIRMED,1.0000,5604.00,0.9120,0.546
Kepler-212 c,31.80475991,664.0,2.99,1.1530,CONFIRMED,0.9950,5867.00,1.3560,0.87
Kepler-212 b,16.2580276,830.0,0.92,1.1530,CONFIRMED,0.7670,5867.00,1.3560,0.131
Kepler-435 b,8.600153929,1703.0,26.52,1.6670,CONFIRMED,0.9990,6093.00,3.9130,0.296
,3.719809197,1873.0,87.21,1.3090,FALSE POSITIVE,0.0000,6284.00,2.3480,1.279
,0.73975345,1818.0,2.09,0.8690,FALSE POSITIVE,0.0000,5271.00,0.9350,0.525
,1.612249049,2713.0,50.98,1.4950,FALSE POSITIVE,0.0000,6732.00,2.5690,1.171
,44.258173075,845.0,37.38,1.3640,FALSE POSITIVE,0.0000,6544.00,2.3260,0.815
,3.05933906,1434.0,36,0.9860,FALSE POSITIVE,0.0000,6238.00,1.1160,1.259
,0.624677585,4391.0,1.28,2.2560,FALSE POSITIVE,0.0000,9653.00,1.9960,0.522
,0.759763198,1752.0,1.2,0.9170,FALSE POSITIVE,0.0000,5520.00,0.8180,0.571
,372.37369,267.0,2.68,1.0990,FALSE POSITIVE,,6109.00,1.0290,0.3052
Kepler-1936 b,126.55719,524.0,4.59,1.4190,CONFIRMED,0.9880,6501.00,1.8540,0.965
,12.435190544,545.0,0.52,0.6670,FALSE POSITIVE,0.0000,4756.00,0.6200,0.321
Kepler-379 b,20.0983676,775.0,1.58,1.0980,CONFIRMED,0.9270,6053.00,1.2600,0.02
,85.112898,422.0,2.21,1.0580,FALSE POSITIVE,0.1470,6018.00,0.9750,0.033
,2.41750021,1507.0,1.19,0.9650,CANDIDATE,0.9820,5575.00,1.3080,0.895
,4.03357434,1270.0,1.23,0.9650,CANDIDATE,0.9720,5575.00,1.3080,0.855
,0.504426087,2339.0,33.96,0.8370,FALSE POSITIVE,0.0000,6043.00,0.9010,1.321
,7.66462913,1106.0,1.6,1.0240,CANDIDATE,0.8950,5640.00,1.5150,0.216
Kepler-1937 b,9.6887216,1014.0,3.09,1.1900,CONFIRMED,1.0000,6457.00,1.1960,0.118
Kepler-1546 b,19.597317,671.0,3.78,0.8830,CONFIRMED,0.4020,5569.00,1.0190,0.87
Kepler-1938 b,13.06243545,527.0,1.36,0.6460,CONFIRMED,0.9090,4522.00,0.6550,0.128
,0.793663156,1614.0,1.14,0.8490,FALSE POSITIVE,0.0000,5077.00,0.8250,0.4
,2.81401302,1723.0,1.51,1.0460,FALSE POSITIVE,0.0000,5541.00,1.9670,0.567
Kepler-1557 b,3.74031708,1287.0,1.38,1.1180,CONFIRMED,0.9870,6260.00,1.0630,0.277
,0.851678507,1840.0,0.85,0.9450,FALSE POSITIVE,0.0000,5403.00,1.0290,0.418
,205.30627,314.0,2.48,1.0380,FALSE POSITIVE,,6045.00,0.9550,0.1543
,0.978046982,3146.0,129.67,1.7780,FALSE POSITIVE,0.0000,5100.00,4.5690,1.227
,1.332566763,1318.0,1.49,0.8250,FALSE POSITIVE,0.0000,5134.00,0.7520,0.474
,1.89131005,1590.0,6.4,0.8240,FALSE POSITIVE,0.0000,5706.00,1.1200,1.035
Kepler-1547 b,0.692978457,3186.0,2.24,1.2350,CONFIRMED,1.0000,6105.00,2.3040,0.938
,87.140633,,,,FALSE POSITIVE,0.0000,,,
,185.53285,302.0,28.39,0.9650,FALSE POSITIVE,,5817.00,0.8700,1.2682
,0.885131111,1818.0,0.9,0.9580,FALSE POSITIVE,0.0000,5904.00,0.8670,0.715
,1.85447373,1221.0,1.33,0.8260,FALSE POSITIVE,0.0000,5341.00,0.7430,0.514
,0.487656278,2299.0,0.99,1.0260,CANDIDATE,0.9990,5957.00,0.9370,0.037
,0.502622858,2478.0,1.41,1.0650,FALSE POSITIVE,0.0000,6029.00,1.0980,0.693
Kepler-1178 b,31.8055128,378.0,0.63,0.5340,CONFIRMED,0.9890,4729.00,0.5250,0.476
,3.25424652,1220.0,0.96,0.9680,CANDIDATE,1.0000,5692.00,1.0040,0.665
Kepler-1558 b,3.50472344,1019.0,0.8,0.7980,CONFIRMED,0.9990,5115.00,0.8540,0.309
Kepler-1548 b,124.827797,350.0,2.57,0.8750,CONFIRMED,0.9950,5349.00,1.0320,0.096
,11.9294568,797.0,1.05,0.8910,CANDIDATE,,5975.00,0.9000,0.3789
,0.786260569,1192.0,15.72,0.5440,FALSE POSITIVE,0.0000,4223.00,0.5570,1.226
,0.597934463,2126.0,23.2,0.9400,FALSE POSITIVE,0.0000,6052.00,0.8630,1.224
,360.76458,216.0,60.3,0.7910,FALSE POSITIVE,,5513.00,0.7240,1.7475
,2.15292788,1841.0,1.02,0.8210,FALSE POSITIVE,0.0000,5851.00,1.5550,0.45
,2.61585431,1358.0,1.28,1.0230,FALSE POSITIVE,0.0000,6131.00,0.9450,0.577
,9.54699216,996.0,1.71,1.2610,CANDIDATE,0.9610,6274.00,1.2320,0.879
,14.708641,862.0,1.82,1.2610,CANDIDATE,0.9940,6274.00,1.2320,0.96
Kepler-1941 b,31.3351094,666.0,1.99,1.1750,CONFIRMED,1.0000,6404.00,1.1420,0.706
,1.061002863,1679.0,1.06,0.9790,FALSE POSITIVE,0.0000,5767.00,0.8810,0.337
,363.35755,305.0,3.45,0.9010,FALSE POSITIVE,,5086.00,1.7830,0.0406
,0.924821319,1963.0,1.1,0.9870,FALSE POSITIVE,0.0190,6135.00,0.9740,0.401
,4.4697452,1248.0,2.43,0.9550,FALSE POSITIVE,0.0000,6102.00,1.1250,0.982
Kepler-1549 b,214.881456,286.0,2.68,0.8620,CONFIRMED,0.8200,5323.00,0.9950,0.023
,122.906853,338.0,3.55,0.9650,FALSE POSITIVE,0.0000,5692.00,0.8660,0.974
,12.422216754,864.0,0.8,1.1400,FALSE POSITIVE,0.0000,6231.00,1.0840,0.056
Kepler-1943 b,4.85018974,1098.0,1.1,1.0550,CONFIRMED,0.9720,6032.00,0.9730,0.985
,383.43595,214.0,2.53,0.8230,FALSE POSITIVE,0.0000,5576.00,0.7290,0.025
Kepler-1982 b,3.82315697,1282.0,0.77,1.2130,CONFIRMED,0.9980,6202.00,1.1220,0.064
,0.842336445,1941.0,0.9,0.9430,FALSE POSITIVE,0.0000,5765.00,0.9980,0.266
,339.42934084,,,,FALSE POSITIVE,,,,
,13.6032081,397.0,0.75,0.5310,CANDIDATE,0.9970,3780.00,0.5110,0.777
,0.914468919,1884.0,36.84,0.9270,FALSE POSITIVE,0.0000,5762.00,0.9890,1.271
,1.54039744,1520.0,1.08,0.7510,FALSE POSITIVE,0.0000,5649.00,0.8840,0.723
Kepler-1154 c,8.45805119,1117.0,2.52,1.2500,CONFIRMED,0.9920,6172.00,1.4710,0.697
Kepler-440 b,101.1107014,229.0,1.61,0.5780,CONFIRMED,1.0000,4133.00,0.5610,0.046
,0.907943645,2219.0,49.37,1.1190,FALSE POSITIVE,0.0000,6434.00,1.1660,1.356
,94.446856,611.0,7.13,1.2010,FALSE POSITIVE,0.0000,5780.00,2.4780,0.977
,0.92565941,2383.0,0.88,1.2960,FALSE POSITIVE,0.0000,6058.00,1.6120,0.042
,0.537110149,3195.0,32.19,1.2880,FALSE POSITIVE,0.0000,5395.00,2.5370,1.106
Kepler-1944 b,9.84262076,801.0,2.41,1.0640,CONFIRMED,1.0000,5585.00,0.9720,0.234
,2.99194823,1019.0,0.78,0.8120,FALSE POSITIVE,0.0000,5269.00,0.7270,0.71
Kepler-154 c,62.3026877,454.0,3.05,0.8950,CONFIRMED,0.9150,5688.00,0.9710,0.712
Kepler-368 c,72.3826983,575.0,4.21,1.1360,CONFIRMED,0.0010,5508.00,1.9880,0.791
,360.33012,200.0,2.34,0.8100,FALSE POSITIVE,,5054.00,0.7400,0.3698
,0.566803149,2380.0,1.93,1.1930,FALSE POSITIVE,0.0000,6147.00,1.0960,0.822
,15.3466028,1194.0,3.64,1.5970,FALSE POSITIVE,0.0000,6771.00,2.2590,0.591
,7.23531329,1207.0,1.53,1.2200,CANDIDATE,0.8480,6422.00,1.4210,0.326
,0.531106622,1781.0,7.54,0.7320,FALSE POSITIVE,0.0000,4978.00,0.7620,0.94
,1.332547503,1719.0,1.23,1.0770,FALSE POSITIVE,0.0000,6077.00,0.9990,0.746
Kepler-1550 b,225.585245,348.0,3.71,1.1850,CONFIRMED,0.9580,5929.00,1.3630,0.066
Kepler-1551 b,24.4972683,722.0,2.74,1.2320,CONFIRMED,0.9660,6392.00,1.1620,0.817
,4.20253859,1136.0,0.71,0.8290,FALSE POSITIVE,0.0970,5596.00,1.0150,0.937
,0.535578808,2870.0,33.97,1.1600,FALSE POSITIVE,0.0000,6610.00,1.3130,1.225
,0.89486317,1764.0,1.19,0.9590,FALSE POSITIVE,0.0000,5764.00,0.8630,0.65
,64.1862264,839.0,8,1.6180,CANDIDATE,0.9690,6951.00,2.7580,0.968
Kepler-1942 b,4.62602867,1012.0,1.65,0.8520,CONFIRMED,1.0000,5834.00,0.7970,0.739
Kepler-1181 c,8.93484887,1124.0,1.83,1.3360,CONFIRMED,1.0000,6688.00,1.3470,0.888
,7.04716175,817.0,1.1,0.8690,FALSE POSITIVE,0.0000,5496.00,0.7760,0.856
,368.71479,236.0,91.06,0.9700,FALSE POSITIVE,,5716.00,0.8720,1.9265
,4.93211932,1372.0,1.02,1.2200,CANDIDATE,0.9940,6422.00,1.4210,0.034
,4.85819429,1685.0,2.04,1.1880,CANDIDATE,0.9990,6109.00,2.3260,0.086
,119.0192648,350.0,4.44,1.0210,FALSE POSITIVE,0.0000,5754.00,0.9050,0.79
Kepler-1541 b,8.40693068,1048.0,1.95,0.8990,CONFIRMED,0.9880,5365.00,1.5330,0.015
,3.39904814,1191.0,0.81,0.8760,CANDIDATE,0.9880,5766.00,0.9290,0.596
,0.974479091,1513.0,1.19,0.7760,FALSE POSITIVE,0.0000,5043.00,0.8190,0.224
,3.57017774,6119.0,57.36,1.4790,FALSE POSITIVE,0.0000,3812.00,69.0010,0.094
,1.10601182,1903.0,0.77,1.0880,FALSE POSITIVE,0.0000,6241.00,1.0310,0.532
,6.873655305,906.0,1.21,0.9430,FALSE POSITIVE,0.0000,5668.00,0.9120,0.08
Kepler-1814 c,0.626281766,1711.0,1.76,0.7900,CONFIRMED,1.0000,4922.00,0.8230,0.553
,1.183505016,1293.0,0.8,0.7910,CANDIDATE,0.9670,4832.00,0.7460,0.403
Kepler-1939 b,2.790643481,816.0,0.99,0.6480,CONFIRMED,0.9850,4353.00,0.6030,0.787
Kepler-1559 b,0.971915957,1609.0,0.79,0.8280,CONFIRMED,0.9870,5196.00,0.8890,0.592
Kepler-1560 b,3.03196812,1269.0,0.9,0.9090,CONFIRMED,0.9870,5755.00,0.9930,0.287
,1.2940561,4465.0,5.27,2.3030,FALSE POSITIVE,0.0000,6635.00,7.1460,0.394
,0.53936593,5016.0,9.19,2.0500,FALSE POSITIVE,0.0000,6341.00,5.3020,0.988
,0.643703667,2358.0,1.48,1.0380,FALSE POSITIVE,0.0000,6161.00,1.1140,0.036
,15.9042402,863.0,3.79,1.0170,CANDIDATE,1.0000,5583.00,1.5300,0.876
,0.735146413,5366.0,168.34,2.6100,FALSE POSITIVE,0.0000,6611.00,7.4350,1.192
,0.827351796,2208.0,0.9,0.8670,FALSE POSITIVE,0.0000,5609.00,1.3100,0.544
,4.16288745,763.0,1.32,0.6370,CANDIDATE,,4478.00,0.6510,0.4265
,0.618952198,497.0,4.96,0.0940,FALSE POSITIVE,0.0000,2661.00,0.1160,1.282
,1.31723412,5471.0,125.56,3.4790,FALSE POSITIVE,0.0000,6740.00,12.0800,1.07
,4.44902309,699.0,0.55,0.6480,CANDIDATE,0.0000,4353.00,0.6030,0.034
,1.121733366,2384.0,2.39,1.1570,CANDIDATE,0.9930,5023.00,2.5710,0.464
Kepler-1940 b,4.95060632,885.0,1.28,0.8020,CONFIRMED,0.9960,5431.00,0.7170,0.458
,379.08202,253.0,23.99,1.0470,FALSE POSITIVE,0.0000,5982.00,0.9600,1.181
,366.31509,353.0,2.87,1.2320,FALSE POSITIVE,,6705.00,1.5240,0.4314
,0.536544193,1745.0,0.9,0.7660,FALSE POSITIVE,0.0000,5041.00,0.7280,0.267
Kepler-1561 b,1.005205893,1682.0,0.85,0.9600,CONFIRMED,0.0000,5718.00,0.8630,0.137
,43.796785,542.0,20.79,0.8720,FALSE POSITIVE,0.0000,6109.00,0.9410,1.187
,0.952371227,1870.0,21.96,1.0030,FALSE POSITIVE,0.0000,6086.00,0.9210,1.2
,1.089088292,1914.0,1.28,1.1610,FALSE POSITIVE,0.0000,6194.00,1.0690,0.291
,1.1518407,,,,FALSE POSITIVE,,,,
,7.7553808,822.0,22.2,0.7400,FALSE POSITIVE,0.0000,5607.00,0.7660,1.235
,0.730949487,2311.0,1.27,1.2040,FALSE POSITIVE,0.0000,6238.00,1.1910,0.86
Kepler-1542 b,3.95116635,1160.0,0.83,0.9330,CONFIRMED,1.0000,5574.00,1.0650,0.374
Kepler-1542 c,2.89223998,1287.0,0.7,0.9330,CONFIRMED,0.9930,5574.00,1.0650,0.017
,0.991552822,2558.0,37.93,0.9770,FALSE POSITIVE,0.0000,5908.00,1.8620,1.158
,1.89124187,1312.0,0.93,0.9330,FALSE POSITIVE,0.0000,5285.00,0.9270,0.198
,3.79437277,1383.0,1.36,0.8770,CANDIDATE,0.9790,5455.00,1.5070,0.05
Kepler-1552 b,184.77271,268.0,2.41,0.8610,CONFIRMED,0.9990,5273.00,0.8010,0.04
,392.49728,232.0,2.82,0.9690,FALSE POSITIVE,,5737.00,0.8720,0.1658
,363.41165,263.0,3.14,1.0800,CANDIDATE,,6025.00,0.9990,0.3923
Kepler-1162 c,59.284064,401.0,1.81,0.8610,CONFIRMED,0.5140,5225.00,0.8590,0.556
Kepler-1543 b,6.96704926,1774.0,6.14,1.7860,CONFIRMED,0.1000,6303.00,3.5300,0.906
,8.8109721,881.0,47.94,1.0000,FALSE POSITIVE,0.0000,5780.00,1.0000,1.227
Kepler-1544 b,168.81133,241.0,1.69,0.7710,CONFIRMED,0.9650,4798.00,0.7070,0.083
Kepler-371 c,67.968656,443.0,1.71,0.8020,CONFIRMED,0.9790,5670.00,0.9500,0.317
,215.956008,361.0,3.36,1.1740,CANDIDATE,0.9640,6163.00,1.3130,0.959
,2.15681538,1473.0,1.06,0.9910,FALSE POSITIVE,0.0000,6084.00,0.9830,0.615
,0.708563091,1587.0,15.38,0.7180,FALSE POSITIVE,0.0000,5271.00,0.6480,1.196
,2.00870696,1232.0,0.55,0.7050,CANDIDATE,0.9980,5341.00,0.7590,0.194
,366.24282,237.0,2.4,1.0100,FALSE POSITIVE,,5713.00,0.8930,0.235
,1.33256418,1262.0,0.81,0.6140,FALSE POSITIVE,0.0000,5157.00,0.6200,0.559
,0.655939788,2411.0,1.48,0.9440,CANDIDATE,0.9990,4968.00,1.7550,0.301
,12.4258833,1006.0,2.19,0.8320,FALSE POSITIVE,0.0000,5611.00,1.6320,0.982
,1.387838134,1783.0,1.24,1.0990,FALSE POSITIVE,0.0000,6273.00,1.0440,0.38
,0.678349364,1844.0,19.06,0.9280,FALSE POSITIVE,0.0000,5569.00,0.8290,1.187
,1.022028468,1649.0,26.91,0.7620,FALSE POSITIVE,0.0000,5445.00,0.8550,1.247
,0.72359699,4699.0,6.73,1.9640,FALSE POSITIVE,0.0000,8855.00,2.8580,0.608
,1.6156052,2202.0,34.69,1.3650,FALSE POSITIVE,0.0000,6770.00,1.6230,1.149
,1.8913182,983.0,0.9,0.6180,FALSE POSITIVE,0.0000,4476.00,0.6330,0.439
,494.165759,265.0,4.5,1.2320,FALSE POSITIVE,0.0110,6392.00,1.1620,0.41
,2.43585046,2544.0,2.6,1.5790,FALSE POSITIVE,0.0000,6501.00,3.2470,0.471
,1.33255441,1743.0,1.12,1.0980,FALSE POSITIVE,0.0000,6099.00,1.0280,0.649
,359.1015,285.0,2.37,1.0940,FALSE POSITIVE,0.0000,6373.00,1.0470,0.317
,0.941840589,2200.0,27.05,1.0130,FALSE POSITIVE,0.0000,6419.00,1.1420,1.198
,1.728521892,1678.0,1.19,0.9340,FALSE POSITIVE,0.0000,5872.00,1.1570,0.719
,1.89125855,1671.0,0.81,0.8050,FALSE POSITIVE,0.0000,6569.00,0.9270,0.677
,8.65312868,857.0,20.38,0.9740,FALSE POSITIVE,0.0000,5880.00,0.8930,1.185
Kepler-372 d,30.0899459,660.0,2.25,1.1470,CONFIRMED,0.9760,6056.00,1.2090,0.907
,1.39862757,3562.0,2.39,2.2280,FALSE POSITIVE,0.1960,7872.00,3.3670,0.617
Kepler-154 f,9.91937693,838.0,1.32,0.8950,CONFIRMED,0.9970,5688.00,0.9710,0.163
,0.918510251,2795.0,1.77,1.2320,FALSE POSITIVE,0.0000,5837.00,2.3380,0.622
Kepler-1165 b,9.47850818,946.0,1.47,1.1300,CONFIRMED,1.0000,6249.00,1.0760,0.112
,0.783258387,1559.0,1.28,0.6860,FALSE POSITIVE,,5067.00,0.7150,0.2514
Kepler-1553 b,4.24263096,926.0,1.1,0.8220,CONFIRMED,1.0000,5072.00,0.8250,0.201
,1.231363214,1699.0,10.75,1.0000,FALSE POSITIVE,0.0000,5780.00,1.0000,0.969
,0.755101928,1763.0,0.91,0.8400,FALSE POSITIVE,0.0000,5465.00,0.8190,0.464
,4.56447463,902.0,1.13,0.8630,FALSE POSITIVE,0.0000,5270.00,0.7700,0.508
,1.027904857,1653.0,30.48,0.7750,FALSE POSITIVE,0.0000,5432.00,0.8720,1.261
,367.95566,183.0,3.62,0.7220,FALSE POSITIVE,0.0000,4723.00,0.6960,0.957
Kepler-1545 b,163.692336,274.0,2.75,0.8000,CONFIRMED,0.9960,4999.00,0.8430,0.028
,1.106529843,1649.0,1.91,0.8990,FALSE POSITIVE,0.0000,5932.00,0.7980,0.974
,111.741576,676.0,6.88,1.6280,FALSE POSITIVE,0.3070,5267.00,4.5250,0.057
,110.461746,420.0,1.93,1.1080,CANDIDATE,0.9650,6321.00,1.0580,0.036
Kepler-1554 b,198.088873,288.0,3.24,0.8550,CONFIRMED,0.9950,5275.00,0.9690,0.633
,1.08193721,1385.0,0.77,0.7090,FALSE POSITIVE,0.0000,4965.00,0.7360,0.168
,44.6226725,613.0,1.73,0.9980,CANDIDATE,1.0000,6198.00,1.2390,0.931
,2.43142974,1378.0,1.17,0.7850,FALSE POSITIVE,,5750.00,0.9650,0.2234
Kepler-1934 b,1.41975831,1700.0,0.85,0.9680,CONFIRMED,0.9850,5925.00,1.0350,0.644
Kepler-1701 b,169.135056,273.0,2.21,0.8200,CONFIRMED,0.9990,5171.00,0.8010,0.754
,0.73095491,2711.0,0.88,1.3360,FALSE POSITIVE,0.0000,6454.00,1.5870,0.415
Kepler-1935 b,3.951383138,1083.0,23.51,0.8450,CONFIRMED,0.8380,5570.00,0.8990,1.217
Kepler-372 b,6.84978728,1081.0,1.83,1.1470,CONFIRMED,0.9970,6056.00,1.2090,0.954
,80.769893,475.0,1.87,0.9730,CANDIDATE,0.7750,4965.00,1.7080,0.158
,1.111362442,2820.0,2.86,1.4460,FALSE POSITIVE,0.0000,6486.00,2.3080,0.715
Kepler-378 c,28.9060526,414.0,0.79,0.7480,CONFIRMED,0.0800,4657.00,0.6700,0.863
Kepler-1555 b,8.10503551,959.0,1.45,1.0580,CONFIRMED,1.0000,6201.00,0.9890,0.353
Kepler-1556 b,8.82715783,797.0,1.67,0.9720,CONFIRMED,0.9910,5550.00,0.8780,0.249
,143.196381,380.0,6.64,0.8820,FALSE POSITIVE,0.0000,6007.00,1.0600,1.017
,9.089151782,1848.0,4.35,1.9070,FALSE POSITIVE,0.0000,6729.00,4.0990,0.043
,1.87886973,1236.0,1.04,0.8150,FALSE POSITIVE,0.0000,5448.00,0.7340,0.657
,0.979161676,1548.0,1.03,0.8750,FALSE POSITIVE,0.0000,5390.00,0.7800,0.634
,225.26213,329.0,2.36,0.9770,CANDIDATE,0.9010,5799.00,1.1910,0.349
,0.855922327,1658.0,0.87,0.7270,FALSE POSITIVE,0.0000,5437.00,0.7590,0.009
,25.9528725,697.0,1.53,1.1480,FALSE POSITIVE,0.0000,6370.00,1.1060,0.741
,2.31482311,1237.0,0.69,0.8330,CANDIDATE,1.0000,5240.00,0.9230,0.067
,0.952374508,1435.0,1.13,0.7910,FALSE POSITIVE,0.0000,4754.00,0.8210,0.013
,0.936751792,3814.0,2.07,2.0810,FALSE POSITIVE,0.0000,7843.00,2.9090,0.991
,393.34331,140.0,2.27,0.5830,FALSE POSITIVE,,3994.00,0.5540,0.2607
,0.621361411,2913.0,1.12,1.1160,FALSE POSITIVE,0.0000,6234.00,1.6600,0.017
,250.23760741,,,,FALSE POSITIVE,,,,
,10.778313,1067.0,1.25,1.0540,CANDIDATE,1.0000,6726.00,1.2580,0.591
,0.594310785,2068.0,0.91,0.9330,FALSE POSITIVE,0.0000,5931.00,0.8450,0.161
Kepler-1952 b,27.2106807,725.0,1.73,0.9220,CONFIRMED,0.9880,5973.00,1.3050,0.973
,4.31978105,2111.0,3.87,1.3970,FALSE POSITIVE,,5519.00,4.3680,0.7702
,4.32710895,1397.0,26.6,0.8040,CANDIDATE,0.9940,5776.00,1.4550,1.158
,2.90512019,1075.0,0.57,0.6800,CANDIDATE,0.9560,5374.00,0.7210,0.417
Kepler-1955 b,14.2651545,853.0,1.06,1.0490,CONFIRMED,0.9990,5825.00,1.2910,0.353
,5.04404366,1078.0,1.47,1.0270,CANDIDATE,1.0000,6039.00,0.9510,0.08
Kepler-1602 b,11.17931581,1159.0,1.81,1.3240,CONFIRMED,0.9940,6292.00,1.8730,0.381
,1.284991846,2491.0,1.17,1.1510,FALSE POSITIVE,0.0000,6060.00,2.1060,0.485
,1.166960319,1596.0,0.88,1.0260,CANDIDATE,0.9860,5632.00,0.9040,0.033
,324.18028,382.0,2.2,1.1900,FALSE POSITIVE,0.0000,5792.00,2.1830,0.733
,0.530959357,1852.0,0.69,0.8400,FALSE POSITIVE,0.0000,5325.00,0.7500,0.348
,0.701944362,1227.0,0.8,0.5280,CANDIDATE,1.0000,4236.00,0.5390,0.07
,3.05772668,878.0,1.23,0.7230,CANDIDATE,0.9990,4483.00,0.7310,0.007
,9.9092109,693.0,2.35,0.7840,CANDIDATE,1.0000,5396.00,0.7020,0.755
,0.996864568,1588.0,0.77,0.7460,FALSE POSITIVE,0.0000,5418.00,0.7820,0.644
,0.673684895,2001.0,0.7,0.9360,FALSE POSITIVE,0.0000,5645.00,0.9510,0.547
Kepler-1580 b,56.644452,733.0,2.44,1.3990,CONFIRMED,0.9790,6237.00,2.2950,0.579
,1.710319812,1426.0,0.56,0.8310,FALSE POSITIVE,0.0000,5774.00,0.8250,0.559
,5.62978034,899.0,1.61,0.9520,FALSE POSITIVE,0.0000,5497.00,0.8390,0.08
,1.050852976,1791.0,45.89,1.0000,FALSE POSITIVE,0.0000,5780.00,1.0000,1.111
,6.39269778,890.0,1.21,0.8440,CANDIDATE,0.9500,5248.00,0.9430,0.011
,1.540398683,4689.0,12.65,1.8540,FALSE POSITIVE,0.0000,4971.00,14.6780,0.47
Kepler-1592 b,3.0570982,1202.0,0.99,0.9220,CONFIRMED,1.0000,6021.00,0.8190,0.104
,365.25921,268.0,2.39,1.0310,FALSE POSITIVE,,5993.00,1.0420,0.0035
,7.87845756,989.0,0.78,0.9100,CANDIDATE,0.9530,5767.00,1.1350,0.562
,372.72688,326.0,3.52,1.3340,FALSE POSITIVE,,6148.00,1.6150,0.9082
,9.9398272,819.0,101.71,1.0380,FALSE POSITIVE,0.0020,5798.00,0.9410,1.973
,0.866346,2165.0,1.24,1.0790,FALSE POSITIVE,0.0000,6241.00,1.1310,0.409
,0.885129679,1780.0,1.21,0.9590,FALSE POSITIVE,0.0000,5792.00,0.8640,0.651
,56.898749,1107.0,6.33,1.9330,FALSE POSITIVE,,9189.00,2.6920,0.4491
,0.438153876,2407.0,14,1.0140,FALSE POSITIVE,0.0000,6032.00,0.9290,1.124
,398.40957,279.0,3.33,1.0890,FALSE POSITIVE,,6251.00,1.1190,0.1165
,0.696286519,1969.0,1.34,0.9580,FALSE POSITIVE,0.0000,5904.00,0.8670,0.985
Kepler-1569 b,5.79179934,1222.0,1.69,1.1090,CONFIRMED,0.9560,6174.00,1.3180,0.896
Kepler-186 f,129.945392,177.0,1.18,0.4520,CONFIRMED,0.6770,3751.00,0.4430,0.909
,27.9040511,677.0,2.19,1.1570,CANDIDATE,0.6380,6325.00,1.1120,0.854
,1.39772545,1763.0,1.58,1.0840,FALSE POSITIVE,0.0000,6006.00,1.1140,0.644
,12.4246697,1099.0,168.91,1.1440,FALSE POSITIVE,,6550.00,1.5900,1.9583
,383.00806,235.0,2.2,0.9800,FALSE POSITIVE,,5750.00,0.8820,0.0358
,0.847588864,2144.0,0.91,1.1200,FALSE POSITIVE,0.0000,6335.00,1.0720,0.507
,331.81534,267.0,1.84,1.0400,FALSE POSITIVE,,6029.00,0.9560,0.1599
,1.75649346,2745.0,1.62,1.7710,FALSE POSITIVE,0.0000,6619.00,3.0500,0.242
,0.644322147,1592.0,24.39,0.6080,CANDIDATE,,5136.00,0.6120,1.3275
,1.8912501,1159.0,23.5,0.7670,FALSE POSITIVE,0.0000,4883.00,0.7940,1.24
,17.8075656,742.0,3.92,0.9880,CANDIDATE,1.0000,6194.00,0.9810,0.474
,0.996023763,1991.0,18.36,1.0290,FALSE POSITIVE,0.0000,6110.00,1.0770,1.147
,36.616669,548.0,1.68,1.0000,FALSE POSITIVE,,5780.00,1.0000,0.3646
,333.03842,247.0,3.19,1.0180,CANDIDATE,,5743.00,0.9030,0.2184
,3.75030469,1374.0,0.87,1.0160,CANDIDATE,0.7570,5866.00,1.3390,0.77
,0.259819659,1559.0,1.22,0.5500,CANDIDATE,1.0000,3939.00,0.5260,0.972
,0.566795467,2254.0,0.67,0.8860,FALSE POSITIVE,0.0000,5642.00,1.0560,0.504
,4.72693131,1203.0,0.61,1.1000,CANDIDATE,0.9780,5950.00,1.1960,0.065
,10.0989634,1016.0,1.03,1.1090,CANDIDATE,1.0000,6174.00,1.3180,0.529
,3.67515329,1150.0,0.71,0.9700,FALSE POSITIVE,0.0000,5968.00,0.8810,0.73
,0.715825886,1920.0,0.58,0.9240,FALSE POSITIVE,0.0080,5640.00,0.9090,0.099
Kepler-1570 b,26.5487294,836.0,2.54,1.0740,CONFIRMED,0.8680,5456.00,2.1540,0.21
,0.492291661,1788.0,3.42,0.6930,FALSE POSITIVE,1.0000,4971.00,0.7180,0.957
,1.6911935,1528.0,6.36,1.0000,FALSE POSITIVE,0.0100,5780.00,1.0000,0.903
,2.42803503,1516.0,0.85,1.0730,FALSE POSITIVE,0.0000,6609.00,0.9740,0.057
,372.94844,233.0,1.34,0.9030,FALSE POSITIVE,,5763.00,0.8270,0.4268
,0.787120016,1972.0,23.81,0.6840,FALSE POSITIVE,0.0000,6112.00,0.7870,1.263
,13.12297275,1030.0,1.29,1.1730,CANDIDATE,1.0000,6134.00,1.6650,0.885
Kepler-1581 b,6.28384079,1108.0,0.73,1.0360,CONFIRMED,0.9990,5888.00,1.2270,0.101
,21.131609,659.0,0.94,1.0000,FALSE POSITIVE,,5780.00,1.0000,0.0731
,81.675841,420.0,1.31,1.0000,FALSE POSITIVE,,5780.00,1.0000,0.3455
,28.5463574,596.0,1.35,1.0000,FALSE POSITIVE,,5780.00,1.0000,0.2411
,22.7909233,862.0,1.38,1.2860,CANDIDATE,0.5360,6311.00,1.6420,0.871
,72.563291,436.0,1.99,1.0000,FALSE POSITIVE,,5780.00,1.0000,0.4863
Kepler-1593 b,174.510276,186.0,1.74,0.4960,CONFIRMED,0.9760,4367.00,0.4520,0.024
,0.681180633,2782.0,2.97,0.8890,CANDIDATE,1.0000,4939.00,2.3770,0.31
,15.705388,1181.0,3.3,1.6020,FALSE POSITIVE,,7454.00,1.8530,0.6449
,7.65270746,989.0,3.21,1.0260,FALSE POSITIVE,0.0000,6328.00,0.9630,0.97
Kepler-1603 b,2.27164952,1522.0,0.97,1.1150,CONFIRMED,0.9850,6274.00,1.0620,0.01
,3.84835742,1051.0,0.77,0.8630,FALSE POSITIVE,0.0010,5709.00,0.7980,0.671
,369.13236,328.0,2.14,1.0840,CANDIDATE,,6282.00,1.4490,0.0824
,1.0388961,2494.0,114.1,1.4060,FALSE POSITIVE,,7043.00,1.4500,1.7017
,293.76887,271.0,1.97,0.8710,FALSE POSITIVE,,6074.00,0.8470,0.753
,1.87885327,1406.0,0.97,0.9300,FALSE POSITIVE,0.0000,5851.00,0.8630,0.513
,0.785473311,1769.0,1.61,0.8100,FALSE POSITIVE,0.0000,5356.00,0.8710,0.389
,5.2438982,1026.0,1.24,0.9320,FALSE POSITIVE,0.0000,5804.00,0.9270,0.644
,9.08745206,980.0,0.73,1.0360,CANDIDATE,0.9540,5888.00,1.2270,0.341
,441.877824,158.0,39.55,0.6270,FALSE POSITIVE,,4437.00,0.6350,1.5335
,2.9761504,811.0,1.02,0.6570,FALSE POSITIVE,0.0000,4236.00,0.6640,0.064
Kepler-436 b,64.0019669,322.0,2.48,0.7340,CONFIRMED,0.9970,4652.00,0.6970,0.701
Kepler-1582 b,4.83809469,354.0,0.79,0.1800,CONFIRMED,0.9140,3187.00,0.2000,0.014
,361.91436,297.0,1.84,0.9780,FALSE POSITIVE,,6247.00,1.1470,0.6901
Kepler-1583 b,9.3281912,788.0,0.59,0.9390,CONFIRMED,0.9950,5525.00,0.8880,0.044
,106.957467,394.0,2.4,1.0480,CANDIDATE,0.9480,6075.00,0.9690,0.705
,0.629001455,3375.0,0.81,1.3750,FALSE POSITIVE,1.0000,6739.00,2.0590,0.365
Kepler-1594 b,2.71603664,1360.0,1.05,1.1190,CONFIRMED,0.9950,6011.00,1.0410,0.44
,75.8781344,417.0,3.39,0.8930,CANDIDATE,0.9740,5579.00,0.9720,0.705
,374.59003,227.0,1.34,0.8060,FALSE POSITIVE,,5497.00,0.8270,0.0624
,147.661729,176.0,1.59,0.5200,CANDIDATE,0.9690,3788.00,0.4900,0.002
,13.00291716,710.0,1.28,0.8820,CANDIDATE,0.9120,5796.00,0.8000,0.701
,319.30633,279.0,1.26,1.0800,FALSE POSITIVE,0.0000,6095.00,1.0140,0.092
,42.0292298,578.0,2.33,1.0720,CANDIDATE,0.3830,5850.00,1.2170,0.015
,1.75254087,2423.0,1.41,1.2300,FALSE POSITIVE,,6660.00,2.0740,0.5574
,0.505111993,1886.0,1.58,0.8750,CANDIDATE,0.0000,5262.00,0.7830,0.841
,0.646745436,2373.0,1.49,1.1570,FALSE POSITIVE,0.0000,6325.00,1.1120,0.942
Kepler-1571 b,3.38557445,1476.0,1.63,0.9360,CONFIRMED,0.9960,5718.00,1.4800,0.129
,2.754024,1553.0,1.68,1.0730,FALSE POSITIVE,,6419.00,1.1880,0.7277
,1.975208831,2064.0,1.59,1.1850,FALSE POSITIVE,0.0000,6401.00,1.7440,0.559
,0.960843605,1904.0,19.15,1.1120,FALSE POSITIVE,0.0000,5708.00,1.1290,1.143
,4.206109,999.0,0.91,0.7800,FALSE POSITIVE,0.0000,5480.00,0.8020,0.607
,0.962590772,2026.0,31.51,1.1150,FALSE POSITIVE,0.0000,6274.00,1.0620,1.236
Kepler-1584 b,13.3997555,886.0,1.51,1.1830,CONFIRMED,1.0000,6401.00,1.1500,0.375
,2.49385348,1251.0,0.59,0.7900,CANDIDATE,0.9920,5615.00,0.8500,0.331
,0.776950288,1882.0,1.72,0.9570,FALSE POSITIVE,0.0000,5861.00,0.8650,0.047
,5.93725628,891.0,0.86,0.7270,FALSE POSITIVE,0.0000,5428.00,0.7990,0.351
,18.22211768,620.0,7.45,0.8620,CANDIDATE,0.9990,5162.00,0.9580,0.973
Kepler-1595 b,4.56383697,980.0,1.22,0.8480,CONFIRMED,1.0000,5408.00,0.8610,0.365
,16.5340022,819.0,1.17,1.0150,CANDIDATE,0.8870,6052.00,1.2020,0.525
,55.119831,622.0,1.68,1.1800,FALSE POSITIVE,,6297.00,1.5060,0.6049
,25.6416117,803.0,1.76,1.1800,FALSE POSITIVE,,6297.00,1.5060,0.5744
,1.33258455,1680.0,15.89,1.0270,FALSE POSITIVE,0.0000,6039.00,0.9510,1.141
,350.81029,282.0,2.86,1.1480,FALSE POSITIVE,,5841.00,1.2260,0.3892
Kepler-1604 b,0.341842017,2023.0,1.72,0.8170,CONFIRMED,0.9960,5016.00,0.7470,0.957
,13.9482197,1063.0,2.53,1.2910,CANDIDATE,0.9700,5529.00,2.3460,0.197
,5.67577999,1357.0,1.22,1.2940,CANDIDATE,0.9880,6681.00,1.4380,0.91
,0.570953851,2464.0,1.01,1.1930,FALSE POSITIVE,0.0010,6238.00,1.1450,0.059
,49.564693,588.0,1.63,1.2340,CANDIDATE,0.9980,5907.00,1.4420,0.685
,4.29258258,1161.0,1.87,1.0380,FALSE POSITIVE,0.0000,6137.00,0.9630,0.339
,0.960842633,2808.0,67.53,1.4290,FALSE POSITIVE,0.0000,7381.00,1.5970,1.341
,14.5893928,,,,FALSE POSITIVE,0.0000,,,
Kepler-1572 b,5.49548533,1293.0,1.3,1.0200,CONFIRMED,0.8770,6157.00,1.3920,0.202
,2.89494709,1919.0,1.16,1.4180,CANDIDATE,0.8540,7087.00,1.6840,0.191
,0.980505042,1904.0,26.35,0.9630,FALSE POSITIVE,0.0000,5794.00,1.0590,1.206
Kepler-391 c,20.4853893,1015.0,3.6,1.1360,CONFIRMED,0.9950,4938.00,3.3240,0.834
Kepler-1585 b,3.58273837,1064.0,1.64,0.9120,CONFIRMED,1.0000,5448.00,0.8720,0.143
Kepler-1586 b,15.604841,1013.0,1.57,1.1100,CONFIRMED,0.9990,6254.00,1.7060,0.715
,75.681309,560.0,1.64,1.1800,FALSE POSITIVE,,6297.00,1.5060,0.6194
,0.762950224,1651.0,1,0.7970,CANDIDATE,0.9530,5385.00,0.7310,0.197
,62.060783,400.0,2.11,0.8500,FALSE POSITIVE,0.0000,5526.00,0.7840,0.928
,170.995748,463.0,4.9,1.4050,CANDIDATE,0.9710,6127.00,1.9830,0.839
,12.4252735,1299.0,2.37,1.2020,FALSE POSITIVE,0.0000,6156.00,2.5570,0.171
,39.2820405,823.0,58.67,1.0740,FALSE POSITIVE,,6143.00,2.1360,1.241
,361.54561249,,,,FALSE POSITIVE,,,,
,19.5650801,791.0,0.97,1.0900,CANDIDATE,0.9980,6180.00,1.2350,0.025
,355.79978,324.0,1.87,1.1880,FALSE POSITIVE,,6350.00,1.3940,0.4433
,410.99389,220.0,2.09,1.0020,FALSE POSITIVE,,5471.00,0.8980,0.3421
,2.17823752,1473.0,0.64,0.9050,FALSE POSITIVE,0.0000,6052.00,0.9690,0.037
,1.404674486,1126.0,0.86,0.6030,FALSE POSITIVE,,4716.00,0.6090,0.8171
,24.9097436,912.0,2.24,1.2270,FALSE POSITIVE,,6596.00,1.7570,0.5729
Kepler-386 b,12.3101351,651.0,1.51,0.7970,CONFIRMED,1.0000,5009.00,0.8400,0.783
Kepler-1573 b,2.61576515,1379.0,1.06,0.9340,CONFIRMED,0.9980,6088.00,0.9580,0.25
,409.2452,244.0,2.1,0.8860,FALSE POSITIVE,,5910.00,0.9110,0.0176
Kepler-1574 b,6.94245216,1003.0,1.34,1.1320,CONFIRMED,0.9990,6108.00,1.0300,0.485
,5.53312006,1303.0,1.05,1.0470,CANDIDATE,0.9900,6170.00,1.4250,0.299
,200.721168,327.0,3.32,0.9400,CANDIDATE,0.0000,5566.00,1.1700,0.234
Kepler-1587 b,9.4061364,981.0,1.14,1.0200,CONFIRMED,0.9660,5855.00,1.2680,0.397
,0.935086665,2431.0,1.18,1.2760,FALSE POSITIVE,,6762.00,1.3480,0.4742
,1.489457454,2415.0,1.58,1.2850,FALSE POSITIVE,0.0000,6316.00,2.0870,0.171
,1.181165291,1398.0,1.52,0.7790,FALSE POSITIVE,0.0000,5203.00,0.7470,0.632
Kepler-1596 b,66.373298,471.0,1.99,1.0270,CONFIRMED,0.9970,6143.00,0.9760,0.021
Kepler-403 d,13.61165024,958.0,1.46,1.2820,CONFIRMED,0.9480,6170.00,1.4990,0.112
Kepler-1953 b,6.24564633,731.0,1.06,0.7860,CONFIRMED,0.9770,4858.00,0.7070,0.594
,0.945829261,1790.0,0.86,0.9480,FALSE POSITIVE,0.0000,5959.00,0.8590,0.326
,10.8614163,899.0,1.01,1.0690,CANDIDATE,0.9990,6339.00,1.0170,0.939
,0.973160836,1932.0,1.22,1.1320,FALSE POSITIVE,0.0000,6108.00,1.0300,0.034
,4.05943749,1295.0,2.11,0.9490,FALSE POSITIVE,0.0000,5051.00,1.6550,0.914
,7.03965141,1171.0,2.72,1.1200,CANDIDATE,0.9810,5902.00,1.5130,0.778
,4.72519164,2250.0,3.98,1.6530,CANDIDATE,0.9840,6655.00,3.8310,0.6
,6.39903778,1780.0,6.54,1.6600,FALSE POSITIVE,0.0000,5178.00,4.8560,0.241
,66.6434565,476.0,2.99,1.0790,CANDIDATE,0.9970,5751.00,1.1640,0.985
,0.739761008,839.0,9.67,0.3540,FALSE POSITIVE,,3417.00,0.3500,1.2359
,0.950735805,1908.0,1.39,1.1080,FALSE POSITIVE,0.0000,6039.00,1.0050,0.57
,369.819993,201.0,4.25,0.8010,FALSE POSITIVE,,4806.00,0.8390,0.9179
,2.17815935,1561.0,1.22,1.1390,FALSE POSITIVE,0.0000,6258.00,1.0980,0.503
,160.850075,413.0,3.41,1.2250,CANDIDATE,0.2980,5999.00,1.5070,0.769
,0.720460644,2240.0,37.33,1.1100,FALSE POSITIVE,0.0000,6304.00,1.0580,1.272
,3.7948721,1083.0,16.1,0.8810,FALSE POSITIVE,0.0000,5883.00,0.7930,1.168
Kepler-196 d,122.0804953,297.0,2.92,0.8050,CONFIRMED,0.9950,5132.00,0.7700,0.957
,6.2614227,1146.0,0.81,1.0460,CANDIDATE,0.9800,6384.00,1.1210,0.069
,3.70386741,1012.0,0.86,0.8690,CANDIDATE,1.0000,5496.00,0.7760,0.033
,0.638437699,1709.0,2.48,0.9220,FALSE POSITIVE,0.0000,5073.00,0.8240,0.904
,1.8912851,1061.0,19.96,0.7340,FALSE POSITIVE,0.0000,4700.00,0.7070,1.216
,19.8751355,1061.0,2.49,1.5360,CANDIDATE,0.9260,6918.00,2.0040,0.919
,343.42046,270.0,2.15,0.9990,FALSE POSITIVE,,6115.00,0.9670,0.3519
,3.47148164,970.0,0.85,0.8000,FALSE POSITIVE,0.0000,5297.00,0.7160,0.719
Kepler-1956 b,5.94373492,674.0,1.14,0.6710,CONFIRMED,1.0000,4391.00,0.6820,0.197
,244.60373,235.0,2.1,0.8530,FALSE POSITIVE,,5166.00,0.7710,0.2652
Kepler-1605 b,85.7567919,528.0,2.99,1.0830,CONFIRMED,0.8950,5037.00,2.2130,0.713
Kepler-1957 b,2.18660188,1099.0,0.98,0.7450,CONFIRMED,1.0000,4904.00,0.7720,0.828
,7.2929891,904.0,0.73,0.9450,CANDIDATE,,5959.00,0.8560,0.022
,3.1339356,1315.0,1.58,1.0860,FALSE POSITIVE,0.0000,6137.00,1.0180,0.768
Kepler-1575 b,2.55315031,1312.0,1.25,0.9960,CONFIRMED,0.9920,5970.00,0.9080,0.32
Kepler-1245 c,2.936587946,1190.0,1.77,0.7950,CONFIRMED,1.0000,5455.00,0.9090,0.863
,145.786556,331.0,1.82,0.9050,CANDIDATE,0.9960,5578.00,0.9500,0.133
,1.33254212,2694.0,1.45,1.3550,FALSE POSITIVE,0.0000,6613.00,2.2370,0.662
Kepler-1950 b,10.7769944,752.0,1.15,0.7590,CONFIRMED,0.9860,5455.00,0.8520,0.069
,2.5093344,1483.0,1.47,1.1320,CANDIDATE,0.7700,6278.00,1.0810,0.019
,0.918921494,1697.0,1.49,0.9260,FALSE POSITIVE,0.0000,5655.00,0.8330,0.011
Kepler-1588 b,7.84931877,925.0,0.81,0.8280,CONFIRMED,0.9900,5678.00,0.9900,0.107
,67.7125988,460.0,82.63,0.8600,FALSE POSITIVE,,6309.00,0.8470,1.8756
,12.4285576,669.0,2.22,0.8410,FALSE POSITIVE,0.0000,5492.00,0.7520,0.892
,1.275511306,1739.0,0.84,0.9840,FALSE POSITIVE,0.0000,5921.00,1.0150,0.011
,5.78159956,1475.0,1.7,1.3710,FALSE POSITIVE,1.0000,6443.00,1.8840,0.66
,8.4805019,781.0,1.26,0.7090,FALSE POSITIVE,0.0000,5555.00,0.7370,0.972
,24.5607107,787.0,1.13,1.2820,CANDIDATE,0.8480,6170.00,1.4990,0.374
Kepler-1597 b,2.94648935,1497.0,0.89,1.1940,CONFIRMED,1.0000,6481.00,1.1710,0.01
,1.227986164,1673.0,1.17,0.8610,FALSE POSITIVE,0.0000,5746.00,0.9310,0.477
,2.11548883,1426.0,1.29,1.0570,FALSE POSITIVE,0.0000,5952.00,0.9710,0.505
,358.96247,242.0,2.37,1.0030,FALSE POSITIVE,0.0000,5743.00,0.9040,0.424
,2.17815196,1139.0,1.09,0.7750,FALSE POSITIVE,0.0000,5357.00,0.7000,0.32
,342.315407,304.0,3.15,1.1680,FALSE POSITIVE,,6425.00,1.1640,0.1974
,1.089077224,1458.0,1,0.8830,FALSE POSITIVE,0.0000,5118.00,0.8300,0.206
,1.288066288,1310.0,34.84,0.6270,FALSE POSITIVE,0.0000,5233.00,0.6390,1.378
,24.6683831,788.0,1.76,1.2490,CANDIDATE,0.9650,6059.00,1.5540,0.751
,2.31894284,1375.0,0.87,1.0000,FALSE POSITIVE,0.0160,5780.00,1.0000,0.72
Kepler-1576 b,6.98472143,1059.0,1.19,1.0440,CONFIRMED,0.3640,5839.00,1.2270,0.451
,349.41047,253.0,2.41,1.0580,CANDIDATE,,5878.00,0.9450,0.2791
,0.562563871,2626.0,0.69,1.1540,FALSE POSITIVE,0.0000,6577.00,1.1450,0.36
,0.93373458,1573.0,0.93,0.8910,FALSE POSITIVE,0.0000,5335.00,0.8040,0.574
,1.33251948,1751.0,1.64,0.9820,FALSE POSITIVE,0.0000,5926.00,1.0580,0.402
,168.84663,329.0,1.45,1.1060,FALSE POSITIVE,,5897.00,0.9920,0.1251
,14.8162925,912.0,1.57,1.1910,CANDIDATE,0.9380,6356.00,1.3250,0.857
,160.4122022,270.0,4.45,0.8120,FALSE POSITIVE,0.0000,5269.00,0.7270,0.903
,3.98167088,1356.0,0.79,1.1950,CANDIDATE,,6484.00,1.1730,0.2076
Kepler-1598 b,4.34195312,1236.0,0.94,1.0320,CONFIRMED,0.9990,6164.00,1.0900,0.118
Kepler-1599 b,122.358116,407.0,2.15,0.9980,CONFIRMED,0.9970,5998.00,1.1390,0.255
Kepler-1600 c,7.298142,786.0,1.6,0.8180,CONFIRMED,1.0000,5119.00,0.8340,0.411
Kepler-1702 b,18.5010898,555.0,1.62,0.8150,CONFIRMED,0.9670,5242.00,0.7340,0.719
,7.016016,1138.0,1.72,1.1570,CANDIDATE,1.0000,6642.00,1.1360,0.89
,0.569961046,2743.0,1.04,1.0190,FALSE POSITIVE,0.0000,5814.00,1.5490,0.343
,42.068554,541.0,1.32,1.0410,CANDIDATE,0.9640,6122.00,0.9640,0.022
,1.121634781,1225.0,0.6,0.7350,FALSE POSITIVE,1.0000,4518.00,0.7200,0.409
,1.33256979,1692.0,0.97,1.0310,FALSE POSITIVE,0.0000,6089.00,0.9500,0.207
,0.536650896,2163.0,18.45,0.8840,FALSE POSITIVE,0.0000,5819.00,0.8810,1.175
,397.73699,211.0,3.05,0.7140,FALSE POSITIVE,0.0000,5313.00,0.7680,0.883
,2.17818699,1347.0,1.03,0.8490,FALSE POSITIVE,0.0000,5584.00,0.9320,0.553
,6.23968392,1060.0,1.55,0.9560,CANDIDATE,1.0000,5751.00,1.1430,0.679
Kepler-1254 c,3.60082855,927.0,1.36,0.7710,CONFIRMED,0.9980,4838.00,0.7960,0.395
Kepler-1948 b,15.5714121,399.0,0.72,0.5850,CONFIRMED,0.9990,3872.00,0.5570,0.312
Kepler-1859 c,3.59645081,1327.0,1.66,1.0900,CONFIRMED,0.9800,5887.00,1.2350,0.781
Kepler-1951 b,20.6579443,728.0,1.27,0.9230,CONFIRMED,0.5540,5468.00,1.3060,0.188
,0.760941405,1817.0,1.18,0.9870,FALSE POSITIVE,0.0000,5629.00,0.8700,0.26
,137.665706,720.0,15.41,1.5530,FALSE POSITIVE,0.4090,4832.00,6.8970,0.041
,370.90237,238.0,1.97,0.9350,FALSE POSITIVE,,5835.00,0.8470,0.0566
,321.55087,250.0,1.68,0.9350,FALSE POSITIVE,,5835.00,0.8470,0.1608
,1.54038914,1638.0,0.84,0.9440,FALSE POSITIVE,0.0000,5974.00,0.9890,0.043
,71.76236302,665.0,25.76,1.4020,FALSE POSITIVE,0.0000,5529.00,2.8170,0.052
,16.3368863,642.0,1.27,0.8340,CANDIDATE,0.5710,5410.00,0.8590,0.066
,1.63668262,2562.0,103.99,1.3900,CANDIDATE,1.0000,5234.00,3.7390,1.22
,11.615625,905.0,2.84,0.9320,CANDIDATE,0.5790,5332.00,1.4530,0.977
Kepler-430 c,110.978266,463.0,1.86,1.2050,CONFIRMED,0.9470,5883.00,1.5290,0.074
,0.952378454,2528.0,1.46,1.2330,FALSE POSITIVE,0.0000,6963.00,1.3750,0.996
Kepler-1945 b,6.08003714,808.0,1.07,0.7670,CONFIRMED,0.9990,4991.00,0.8040,0.254
Kepler-1946 b,3.035206175,1143.0,3.59,0.8870,CONFIRMED,0.9920,5505.00,0.8730,0.965
,358.96844,263.0,2.7,1.0250,FALSE POSITIVE,0.0000,6117.00,0.9470,0.151
,2.21316437,1374.0,0.95,0.7330,FALSE POSITIVE,0.0000,5921.00,0.8300,0.672
,173.2578372,376.0,117.29,1.2320,CANDIDATE,,6392.00,1.1620,1.9038
,0.530967987,4196.0,1.08,2.0360,FALSE POSITIVE,0.0000,8473.00,2.0520,0.093
Kepler-1577 b,6.30558387,1125.0,2.52,0.9520,CONFIRMED,0.9740,4934.00,1.7560,0.601
,4.2058608,1012.0,1.14,0.9340,FALSE POSITIVE,0.0000,5590.00,0.8390,0.438
,41.6757509,690.0,2.1,1.0270,CANDIDATE,0.7000,5745.00,1.7630,0.256
,11.49589567,1057.0,1.59,1.1230,CANDIDATE,0.9100,6290.00,1.5060,0.295
,8.4803326,1390.0,1.35,1.1600,FALSE POSITIVE,0.0000,6245.00,2.1790,0.556
,0.609926502,2141.0,1.12,1.0750,CANDIDATE,0.8680,5936.00,0.9650,0.24
,0.750744255,2074.0,17.07,1.0110,FALSE POSITIVE,0.0000,6187.00,0.9370,1.154
Kepler-1589 b,0.991659646,2102.0,1.19,1.1700,CONFIRMED,0.9920,6117.00,1.2440,0.765
,8.4795266,865.0,1.18,1.0470,CANDIDATE,0.9990,5841.00,0.9310,0.136
,49.4746966,498.0,1.62,0.9400,CANDIDATE,0.9900,5952.00,0.9280,0.491
,118.609553,299.0,2.86,0.7760,FALSE POSITIVE,0.0000,5017.00,0.7920,0.993
,1.62888267,1327.0,0.92,0.8960,CANDIDATE,0.9360,5398.00,0.8110,0.147
,0.616386349,3552.0,2.94,1.4780,FALSE POSITIVE,0.0000,5665.00,3.2660,0.226
,1.920062587,1189.0,1.12,0.8300,CANDIDATE,0.5280,5266.00,0.7410,0.387
,88.91323139,,,,FALSE POSITIVE,,,,
,7.07162308,1162.0,1.42,1.0050,FALSE POSITIVE,0.0000,6313.00,1.2590,0.331
Kepler-1947 b,6.96352699,1298.0,1.4,0.9840,CONFIRMED,0.9920,6040.00,1.6860,0.09
Kepler-1562 b,64.2729088,554.0,5.38,1.1650,CONFIRMED,0.9970,6341.00,1.2990,0.908
Kepler-1563 b,3.4327371,1134.0,0.75,0.9740,CONFIRMED,0.9310,5757.00,0.8810,0.703
,13.8452726,1276.0,2.34,1.5290,FALSE POSITIVE,0.0000,6845.00,2.3240,0.566
,0.687506554,4748.0,8.73,0.8980,FALSE POSITIVE,0.0000,4643.00,7.9060,0.085
,0.566801617,3018.0,0.88,1.2110,FALSE POSITIVE,0.0000,6287.00,1.6930,0.565
,0.909127736,1818.0,0.98,0.8850,CANDIDATE,0.8850,5486.00,0.9960,0.098
,371.63327,316.0,1.83,1.0800,FALSE POSITIVE,,5802.00,1.5900,0.8185
Kepler-1578 b,1.450889836,1700.0,1.21,1.0110,CONFIRMED,0.7410,6046.00,1.0230,0.333
Kepler-1254 d,5.72716067,794.0,1.4,0.7710,CONFIRMED,0.9940,4838.00,0.7960,0.447
,407.59415,266.0,2.11,0.8720,FALSE POSITIVE,,6198.00,0.9740,0.0274
,10.30148508,934.0,1.6,1.0900,CANDIDATE,0.9390,5887.00,1.2350,0.445
,17.8007815,816.0,1.02,1.2140,CANDIDATE,0.9140,6240.00,1.2520,0.928
,358.101884,242.0,0.95,0.8980,FALSE POSITIVE,,5786.00,0.8560,0.5804
,1.717859841,2212.0,1.45,1.3330,CANDIDATE,0.9070,6694.00,1.7320,0.35
,46.0771501,,,,FALSE POSITIVE,,,,
,42.62423329,,,,FALSE POSITIVE,,,,
,0.447861451,2263.0,1.42,0.9380,FALSE POSITIVE,0.0000,5901.00,0.8480,0.427
,7.3422467,837.0,1.6,0.9390,CANDIDATE,0.9790,5573.00,0.8390,0.253
,8.1134681,1127.0,0.92,0.9630,CANDIDATE,0.9350,6011.00,1.4090,0.454
Kepler-446 c,3.036208739,520.0,1.4,0.3280,CONFIRMED,0.9470,3464.00,0.3280,0.111
Kepler-1564 b,18.0541469,635.0,1.51,0.9550,CONFIRMED,1.0000,5505.00,0.9090,0.175
,5.4675514,1078.0,1.07,0.9360,CANDIDATE,0.9910,5557.00,1.1510,0.27
,1.01530474,2324.0,64.77,1.2730,FALSE POSITIVE,0.0000,6428.00,1.4400,1.245
,94.180473,478.0,4.17,1.1550,FALSE POSITIVE,0.8400,6997.00,1.0000,0.955
Kepler-1565 b,1.538185321,1234.0,1.29,0.7940,CONFIRMED,0.9960,5107.00,0.7230,0.7
,1.332567643,1482.0,0.62,0.8820,FALSE POSITIVE,0.0000,5687.00,0.7900,0.642
,1.089076495,2016.0,0.75,1.1070,FALSE POSITIVE,0.0000,6444.00,1.0790,0.597
,1.662710314,2307.0,2.16,1.2760,FALSE POSITIVE,0.0020,6028.00,2.2440,0.577
,472.071079,268.0,2.01,1.3050,FALSE POSITIVE,0.0440,6186.00,1.2530,0.388
,0.888478095,1665.0,1.51,0.9030,CANDIDATE,0.0000,5553.00,0.8060,0.452
,2.18242002,1283.0,0.7,0.8710,FALSE POSITIVE,0.0000,5808.00,0.7860,0.721
,0.503999678,1605.0,2.97,0.5700,FALSE POSITIVE,0.0000,4898.00,0.5680,0.962
,2.66588544,1041.0,0.98,0.7440,FALSE POSITIVE,0.0000,4965.00,0.7710,0.276
,309.25581,287.0,2.18,1.0670,CANDIDATE,,6060.00,1.0570,0.2875
,2.44232399,1029.0,1.1,0.7230,CANDIDATE,0.7540,4849.00,0.7380,0.303
Kepler-1590 b,7.61758198,1020.0,1,1.0500,CONFIRMED,0.9940,6202.00,1.0720,0.234
,41.477908,849.0,1.09,1.1970,FALSE POSITIVE,,6935.00,1.9180,0.5122
,42.1003351,466.0,1.42,0.9170,CANDIDATE,0.9580,5595.00,0.8200,0.88
Kepler-1601 b,2.20923119,1507.0,0.84,1.0320,CONFIRMED,0.9950,5991.00,1.0920,0.11
,260.54832,318.0,1.35,1.0840,FALSE POSITIVE,,6412.00,1.0400,0.378
,370.47678,252.0,2.37,0.9790,FALSE POSITIVE,,6050.00,0.8960,0.5386
Kepler-1954 b,5.88350251,949.0,1.27,0.9420,CONFIRMED,1.0000,5840.00,0.8490,0.362
,0.662457501,3295.0,8.3,1.2370,FALSE POSITIVE,0.0000,6425.00,2.1600,1.024
,1.33258458,1868.0,1.25,1.1290,FALSE POSITIVE,0.0000,6384.00,1.0860,0.422
,1.182862515,2800.0,1.26,1.2690,CANDIDATE,0.0890,6017.00,2.6390,0.284
Kepler-1566 b,0.539915033,1871.0,0.82,0.8110,CONFIRMED,0.1460,5102.00,0.8370,0.291
,372.54353,226.0,74.14,0.9190,FALSE POSITIVE,,5561.00,0.8360,1.7826
Kepler-1949 b,2.20829637,1709.0,1.36,1.1940,CONFIRMED,0.9510,6028.00,1.4540,0.205
Kepler-1579 b,0.849906734,1139.0,0.59,0.5030,CONFIRMED,0.9960,4296.00,0.5050,0.64
Kepler-1993 b,26.6565737,903.0,4.15,1.3730,CONFIRMED,0.9980,5159.00,3.0620,0.686
,4.4408541,1642.0,1.74,1.3730,CANDIDATE,0.1250,5159.00,3.0620,0.005
,373.72257,262.0,67.13,1.0430,FALSE POSITIVE,,6004.00,1.0080,1.5922
Kepler-1591 b,8.18504859,892.0,0.93,0.9930,CONFIRMED,0.9980,5984.00,0.9060,0.601
,10.78438513,1397.0,75.04,1.4800,FALSE POSITIVE,0.0000,5575.00,3.5150,1.18
Kepler-392 c,10.42317343,901.0,1.07,0.9100,CONFIRMED,1.0000,5767.00,1.1350,0.811
,0.566804221,1737.0,0.85,0.6280,FALSE POSITIVE,0.0000,5277.00,0.6400,0.536
,2.022658,1482.0,1.15,1.0450,FALSE POSITIVE,0.0060,6091.00,0.9670,0.419
,316.57747,255.0,1.47,0.9940,FALSE POSITIVE,,5822.00,0.8980,0.2569
,1.8679943,1291.0,0.7,0.8990,CANDIDATE,1.0000,5487.00,0.8150,0.173
,8.9172863,931.0,1.39,1.0350,CANDIDATE,0.6940,6210.00,0.9860,0.062
,0.519437968,2402.0,20.48,1.0740,FALSE POSITIVE,0.0000,6181.00,1.0060,1.172
,1.33807075,2008.0,0.6,1.2690,CANDIDATE,1.0000,6355.00,1.3190,0.003
,1.105095798,1445.0,0.89,0.8350,FALSE POSITIVE,0.0000,5296.00,0.7520,0.295
,245.01902,310.0,1.98,1.0460,FALSE POSITIVE,,6167.00,1.0100,0.3471
Kepler-1567 b,153.979362,330.0,2.53,0.9440,CONFIRMED,0.9490,5858.00,0.9030,0.036
,10.2239787,2364.0,24.43,2.6660,FALSE POSITIVE,0.0870,4673.00,16.8230,0.439
Kepler-385 d,56.4148314,535.0,2.9,1.1570,CONFIRMED,0.9170,6325.00,1.1120,0.908
,2.18079098,2767.0,3.29,1.8650,FALSE POSITIVE,0.0000,6911.00,3.3390,0.74
Kepler-1568 b,20.9254083,729.0,1.26,1.0250,CONFIRMED,0.9740,5821.00,1.2100,0.201
Kepler-390 c,13.0600399,630.0,0.8,0.7930,CONFIRMED,0.9050,5168.00,0.7690,0.495
,0.641069613,2196.0,0.86,0.9530,FALSE POSITIVE,0.0120,6077.00,0.9610,0.061
,2.2430415,1344.0,0.89,0.9830,FALSE POSITIVE,0.0000,5897.00,0.8910,0.147
,1.21475168,3302.0,5.5,1.6760,FALSE POSITIVE,0.0000,6732.00,3.2760,0.461
,17.3731821,901.0,1.31,1.2370,CANDIDATE,0.9990,6180.00,1.5400,0.227
,1.97507424,1477.0,1.08,1.0220,CANDIDATE,0.9720,6065.00,0.9470,0.152
Kepler-1617 b,27.4784659,736.0,1.52,1.0460,CONFIRMED,0.8960,5432.00,1.7070,0.008
,244.86662,273.0,1.46,0.9370,FALSE POSITIVE,,5821.00,0.8480,0.3872
,1.30627214,1490.0,0.87,0.9480,FALSE POSITIVE,0.0000,5513.00,0.8620,0.57
,62.366706,698.0,1.88,1.4190,FALSE POSITIVE,,6749.00,1.9000,0.1725
,0.933732791,1773.0,0.9,0.7980,FALSE POSITIVE,0.0000,5496.00,0.9270,0.022
,53.106597,860.0,2.2,1.5620,FALSE POSITIVE,,7217.00,2.3430,0.5182
,360.15417,270.0,2.99,1.1630,FALSE POSITIVE,,6065.00,1.0610,0.2583
,3.3879165,1336.0,1.09,0.9970,CANDIDATE,0.9650,5702.00,1.2450,0.117
,1.42856815,1547.0,0.64,0.8880,FALSE POSITIVE,,5979.00,0.8220,0.3097
,381.850599,222.0,3.59,0.9860,FALSE POSITIVE,,5485.00,0.8670,0.4148
,10.81315417,1045.0,1.46,1.3510,FALSE POSITIVE,1.0000,6380.00,1.4600,0.804
,359.08368,268.0,29.15,0.9860,FALSE POSITIVE,0.0000,6256.00,0.9320,1.262
,58.7488629,425.0,1.75,0.7560,CANDIDATE,1.0000,5574.00,0.8050,0.186
,3.74784374,1226.0,1.08,1.0700,FALSE POSITIVE,0.0000,6122.00,0.9960,0.093
,64.740274,518.0,1.35,0.9260,CANDIDATE,0.6510,5999.00,1.1770,0.74
,5.38299284,1253.0,0.78,1.1350,CANDIDATE,0.8980,6256.00,1.2930,0.417
,1.71028117,1454.0,0.91,0.9450,FALSE POSITIVE,0.0000,5910.00,0.8550,0.372
,2.0481582,1346.0,1.16,0.9550,CANDIDATE,0.9800,5799.00,0.8600,0.179
Kepler-1653 b,140.251943,271.0,1.84,0.7650,CONFIRMED,0.9340,4821.00,0.7880,0.323
,14.7179342,784.0,1.25,1.0580,CANDIDATE,0.9860,6102.00,1.0180,0.704
,0.570828503,986.0,0.54,0.4060,FALSE POSITIVE,0.0000,3585.00,0.3880,0.609
,134.4665,280.0,2.48,0.7640,FALSE POSITIVE,,4891.00,0.7910,0.2848
,0.909314811,2503.0,0.99,1.1110,FALSE POSITIVE,0.0000,6508.00,1.4470,0.722
Kepler-441 b,207.24785,189.0,1.56,0.5730,CONFIRMED,0.9750,4339.00,0.5530,0.21
,186.55347,341.0,1.86,1.0260,FALSE POSITIVE,,6187.00,1.0060,0.2803
Kepler-1911 b,5.99078221,987.0,1.03,0.9540,CONFIRMED,1.0000,5721.00,0.9720,0.944
,14.0801852,798.0,1.04,1.1420,FALSE POSITIVE,0.0000,5984.00,1.0890,0.308
Kepler-1964 b,2.440839436,986.0,21.29,0.7520,CONFIRMED,0.4930,4803.00,0.6980,1.253
Kepler-1619 b,23.6223571,797.0,1.07,0.9990,CONFIRMED,0.9910,6144.00,1.3930,0.369
,19.2527652,740.0,1.24,1.1020,CANDIDATE,1.0000,6258.00,1.0460,0.028
,3.28931936,1364.0,50.51,1.1200,FALSE POSITIVE,0.0000,6335.00,1.0720,1.422
,1.08195208,1526.0,0.47,0.7640,FALSE POSITIVE,0.0000,5233.00,0.8240,0.257
,0.512583041,2363.0,1.07,1.0770,FALSE POSITIVE,0.0000,6077.00,0.9990,0.116
,219.20579,456.0,2.66,1.5150,CANDIDATE,0.4270,6990.00,1.7850,0.517
Kepler-1960 b,2.29794819,1547.0,0.98,1.1170,CONFIRMED,1.0000,6371.00,1.0720,0.108
,368.11581,263.0,2.11,1.0410,FALSE POSITIVE,,6122.00,0.9640,0.0125
,368.52466,288.0,3.05,1.2130,FALSE POSITIVE,,6343.00,1.1370,0.5045
Kepler-444 c,4.54586982,868.0,0.65,0.6920,CONFIRMED,1.0000,5051.00,0.7210,0.563
,3.48754109,988.0,0.72,0.8960,CANDIDATE,0.9800,5252.00,0.7830,0.32
,0.542498653,5157.0,2.25,1.9870,FALSE POSITIVE,,8711.00,2.9540,0.3422
,8.0772455,1228.0,2.61,1.2390,CANDIDATE,0.9710,5684.00,2.0320,0.984
,364.08733,211.0,1.39,0.7690,CANDIDATE,,5376.00,0.7270,0.1702
,21.5819776,746.0,0.91,0.9150,FALSE POSITIVE,0.2760,5601.00,1.3420,0.036
,5.75651958,1089.0,0.83,1.0860,CANDIDATE,0.9990,6208.00,1.0240,0.247
,91.95723,497.0,2.66,1.1070,CANDIDATE,0.9800,5854.00,1.5280,0.015
,7.51731745,861.0,1.19,0.9570,CANDIDATE,0.9440,5525.00,0.9230,0.256
,3.08723626,1451.0,1.2,1.2410,FALSE POSITIVE,,6418.00,1.1710,0.2516
,0.592562969,1967.0,25.97,0.8960,FALSE POSITIVE,0.0000,5728.00,0.8040,1.252
,44.6966177,637.0,2.46,1.1160,CANDIDATE,1.0000,5929.00,1.5180,0.373
,8.5275894,1049.0,1.28,1.2600,CANDIDATE,0.9650,6469.00,1.1930,0.311
,3.07714195,1493.0,1.08,1.1620,CANDIDATE,1.0000,6108.00,1.3360,0.983
,3.83488354,1003.0,1.2,0.8680,CANDIDATE,1.0000,5515.00,0.7750,0.242
,31.97181,521.0,0.95,0.9520,FALSE POSITIVE,0.0000,5632.00,0.8530,0.532
,5.81289843,1102.0,0.93,1.0130,FALSE POSITIVE,0.0030,6175.00,1.0410,0.499
,6.44173995,1175.0,1.41,1.0970,FALSE POSITIVE,,6088.00,1.3390,0.3252
,0.631106722,1945.0,0.63,0.8160,FALSE POSITIVE,0.0000,5400.00,0.8980,0.194
,176.17377,323.0,1.76,1.0260,FALSE POSITIVE,,5957.00,0.9370,0.2545
Kepler-1609 b,114.336052,429.0,2.09,1.0440,CONFIRMED,0.9440,5802.00,1.3160,0.529
,0.63938062,2566.0,51.53,1.2240,FALSE POSITIVE,0.0000,6607.00,1.2040,1.377
,8.8233996,929.0,1.13,0.8520,CANDIDATE,0.9720,5602.00,1.1210,0.022
,0.566801045,2348.0,1.42,0.8930,FALSE POSITIVE,0.0000,6106.00,0.9820,0.628
,0.992799002,1933.0,40.12,1.0560,FALSE POSITIVE,,6217.00,0.9890,1.3295
Kepler-1613 b,1.5184181,1926.0,1.85,1.0630,CONFIRMED,0.9970,6302.00,1.2690,0.561
,0.96807117,1487.0,0.72,0.7570,FALSE POSITIVE,0.0000,5367.00,0.6870,0.53
,3.55661906,1518.0,0.72,0.9340,FALSE POSITIVE,0.0000,6018.00,1.4580,0.384
,40.0691482,458.0,13.25,0.7960,CANDIDATE,0.8720,5485.00,0.7620,1.125
,11.6933447,950.0,1.12,1.1890,CANDIDATE,1.0000,6049.00,1.3540,0.353
,0.56256804,5127.0,0.63,1.9410,FALSE POSITIVE,0.0000,9005.00,2.7730,0.692
,8.79991878,1979.0,224.56,2.0680,FALSE POSITIVE,,8092.00,3.2670,1.6053
,4.02745396,1250.0,0.98,0.9870,CANDIDATE,0.9980,6174.00,1.0410,0.304
,4.96061094,1272.0,0.59,1.0790,CANDIDATE,0.9170,6117.00,1.2980,0.058
,349.03703,231.0,2.27,0.8990,FALSE POSITIVE,,5583.00,0.8240,0.1215
,177.8135,310.0,1.83,0.9940,FALSE POSITIVE,,5822.00,0.8980,0.2043
,1.4733245,1576.0,1.03,0.8340,CANDIDATE,0.4460,5751.00,0.9210,0.197
Kepler-1620 b,101.952048,428.0,1.31,1.0280,CONFIRMED,0.6650,6210.00,1.0540,0.084
,2.41795911,878.0,0.53,0.5450,FALSE POSITIVE,0.0000,4623.00,0.5340,0.145
,183.854867,345.0,2.4,1.0910,FALSE POSITIVE,,6225.00,1.0310,0.4202
,5.93218209,1000.0,1.39,1.0360,CANDIDATE,1.0000,5843.00,0.9770,0.097
,96.384483,400.0,2.41,1.1140,CANDIDATE,0.9670,5919.00,1.0000,0.095
,6.05552018,844.0,0.92,0.9190,CANDIDATE,1.0000,5352.00,0.8050,0.19
Kepler-62 c,12.4418003,576.0,0.57,0.7270,CONFIRMED,0.9890,4926.00,0.6620,0.043
,54.333582,513.0,1.7,0.9200,CANDIDATE,0.6030,5500.00,1.2210,0.823
,4.11754421,1581.0,1.02,1.1470,CANDIDATE,1.0000,6263.00,1.7260,0.312
,293.60581,295.0,1.37,1.1490,FALSE POSITIVE,,6167.00,1.0640,0.0927
,2.78801663,2287.0,0.91,1.7190,FALSE POSITIVE,0.0000,7523.00,2.2060,0.796
Kepler-1614 b,3.94660745,981.0,1.4,0.8970,CONFIRMED,1.0000,5376.00,0.8060,0.278
,4.99473798,917.0,0.82,0.9070,FALSE POSITIVE,0.0000,5406.00,0.8190,0.46
,122.749053,348.0,6.13,1.0690,CANDIDATE,1.0000,5619.00,0.9760,0.997
,4.37992345,1608.0,0.81,1.3240,CANDIDATE,0.9850,6311.00,1.9180,0.728
,368.48518,283.0,1.98,0.9890,FALSE POSITIVE,,6140.00,1.0960,0.5758
,169.894419,492.0,2.66,1.2220,FALSE POSITIVE,,6382.00,1.9610,0.3241
,26.190289,793.0,1.05,1.2240,FALSE POSITIVE,0.0010,6434.00,1.4410,0.109
,203.511886,442.0,2.07,1.4030,FALSE POSITIVE,,6967.00,1.5650,0.3979
,3.70858595,995.0,1.33,0.8640,CANDIDATE,0.8000,5420.00,0.7710,0.115
,9.4527721,832.0,1.3,0.9450,CANDIDATE,0.9980,5973.00,0.8570,0.746
,4.3638313,976.0,1.08,0.8530,CANDIDATE,0.8940,5623.00,0.7630,0.39
Kepler-444 d,6.18943952,783.0,0.65,0.6920,CONFIRMED,1.0000,5051.00,0.7210,0.334
,6.83006228,882.0,1.09,0.8860,CANDIDATE,1.0000,5807.00,0.8000,0.006
,17.1622587,674.0,22.42,1.0370,CANDIDATE,0.9830,5729.00,0.9390,1.201
,5.19898615,1035.0,1.04,0.9500,CANDIDATE,1.0000,6058.00,0.8670,0.428
Kepler-1610 b,8.70179611,750.0,1.37,0.8250,CONFIRMED,0.8060,5295.00,0.8000,0.045
,14.74426,784.0,8.1,1.0060,CANDIDATE,0.9880,6146.00,0.9870,1.063
,0.933747395,2596.0,1.24,1.1340,FALSE POSITIVE,0.0000,5574.00,2.1740,0.541
,58.873429,679.0,76.18,1.4010,FALSE POSITIVE,0.0000,7078.00,1.5680,0
,14.1166583,1205.0,238.66,1.3980,FALSE POSITIVE,,6526.00,2.2380,1.9614
,35.0175053,617.0,2.13,0.9050,CANDIDATE,0.9960,5944.00,1.1230,0.809
Kepler-1615 b,47.3128645,658.0,3.71,1.2880,CONFIRMED,0.9950,5749.00,1.8760,0.967
,29.6990126,880.0,1.93,1.2220,FALSE POSITIVE,,6382.00,1.9610,0.3636
Kepler-1618 b,6.1082945,1267.0,1.06,1.2610,CONFIRMED,0.9870,6720.00,1.2890,0.63
,119.72007,410.0,1.26,1.0560,FALSE POSITIVE,0.0000,5963.00,1.1760,0.025
,1.27839331,2853.0,0.86,1.7130,FALSE POSITIVE,0.0000,7758.00,1.9180,0.201
Kepler-1972 b,7.545922037,1084.0,0.68,1.0390,CONFIRMED,1.0000,5788.00,1.3760,0.625
,0.58675746,2157.0,19.91,1.0280,FALSE POSITIVE,0.0000,5942.00,0.9380,1.183
,22.599501,734.0,0.96,1.0170,CANDIDATE,1.0000,6335.00,1.0870,0.12
,373.74856,287.0,4.45,1.2130,FALSE POSITIVE,,6343.00,1.1370,0.9735
,20.8822079,661.0,3.63,1.0000,FALSE POSITIVE,,5780.00,1.0000,0.1364
Kepler-1967 b,7.28171395,1086.0,2.59,0.9960,CONFIRMED,1.0000,4970.00,1.8060,0.956
,8.0386699,926.0,1.18,1.0580,FALSE POSITIVE,0.0000,6018.00,0.9750,0.399
Kepler-1610 c,44.9851885,433.0,2.09,0.8250,CONFIRMED,1.0000,5295.00,0.8000,0.664
,6.67410577,1022.0,1.62,0.9680,FALSE POSITIVE,0.0000,5949.00,1.0410,0.927
,374.92478,171.0,1.67,0.6810,FALSE POSITIVE,,4407.00,0.6900,0.348
,5.89089509,985.0,1.54,1.0540,CANDIDATE,1.0000,5869.00,0.9420,0.282
,4.13029832,995.0,1.44,0.8640,CANDIDATE,0.9950,5490.00,0.8100,0.041
,4.60690612,950.0,0.9,0.8390,FALSE POSITIVE,0.0020,5529.00,0.7750,0.203
,1.50178705,1617.0,0.93,1.0490,FALSE POSITIVE,0.0000,5964.00,0.9870,0.359
,0.499664962,2056.0,0.5,0.9710,FALSE POSITIVE,0.0000,5570.00,0.8550,0.28
,17.4453935,770.0,32.01,1.1180,FALSE POSITIVE,0.0000,6260.00,1.0630,1.254
,201.325036,410.0,1.98,1.3060,CANDIDATE,0.8310,6120.00,1.6990,0.597
,5.59346375,1008.0,1.43,1.0010,CANDIDATE,1.0000,5874.00,0.9330,0.079
,3.44928111,966.0,1.23,0.8790,CANDIDATE,0.9700,5119.00,0.7810,0.534
,1.4725859,1662.0,0.93,1.0770,FALSE POSITIVE,0.0000,6077.00,0.9990,0.377
,2.97607935,1144.0,1.1,0.9320,FALSE POSITIVE,,5547.00,0.8650,0.7955
,37.9043889,693.0,1.97,1.0420,CANDIDATE,0.9860,5303.00,1.9640,0.473
,1.44438449,1980.0,1.08,1.2330,FALSE POSITIVE,0.0000,6667.00,1.2130,0.466
,6.88297756,1141.0,0.77,1.0790,CANDIDATE,0.9830,6117.00,1.2980,0.707
,8.7963166,882.0,1.36,1.0000,CANDIDATE,0.8170,5780.00,1.0000,0.979
,2.049602348,1203.0,1.08,0.8720,CANDIDATE,1.0000,5356.00,0.7800,0.435
,53.285584,537.0,1.44,0.8060,CANDIDATE,0.8440,6015.00,1.0570,0.754
,5.8943338,1092.0,0.61,1.0870,CANDIDATE,0.9600,5929.00,1.1450,0.003
,8.119343,794.0,1.5,0.8640,CANDIDATE,0.8090,5490.00,0.8100,0.032
Kepler-444 e,7.74347801,727.0,0.62,0.6920,CONFIRMED,1.0000,5051.00,0.7210,0.018
,18.0071438,799.0,1.05,1.0230,CANDIDATE,0.9880,6173.00,1.1670,0.081
Kepler-1961 b,5.60473115,866.0,1.11,0.8710,CONFIRMED,0.9970,5401.00,0.7770,0.221
,132.778041,357.0,10.38,1.0000,FALSE POSITIVE,,5780.00,1.0000,0.735
,2.49915311,983.0,1.02,0.7070,CANDIDATE,0.6860,4705.00,0.7200,0.666
,184.568,282.0,1.53,0.8070,FALSE POSITIVE,,5680.00,0.7500,0.2544
,105.997107,373.0,1.83,0.9310,CANDIDATE,0.6950,6068.00,0.8310,0.667
,2.48882685,1477.0,1.05,1.1800,FALSE POSITIVE,0.0000,6246.00,1.0920,0.711
,367.19796,253.0,1.08,0.9660,FALSE POSITIVE,,6054.00,0.8890,0.0858
,6.30432354,1510.0,1.23,1.1920,CANDIDATE,0.9930,6728.00,1.8360,0.665
,17.6604653,690.0,1.76,1.0320,FALSE POSITIVE,0.0030,5910.00,0.9400,0.689
,3.38419892,1074.0,1.2,0.8880,CANDIDATE,0.8420,5613.00,0.7950,0.176
,1.69999106,934.0,0.55,0.5410,FALSE POSITIVE,0.8420,4289.00,0.5540,0.388
,1.19260017,1726.0,0.77,0.8370,CANDIDATE,0.9700,5600.00,1.0130,0.015
,4.2059745,1263.0,0.75,0.9640,FALSE POSITIVE,0.0000,5960.00,1.1630,0.115
,216.456055,320.0,3.61,0.9690,CANDIDATE,0.4050,5645.00,1.1550,0.033
,0.566803216,2642.0,0.54,1.0870,FALSE POSITIVE,0.0000,6473.00,1.1820,0.424
,365.13981,228.0,1.86,0.8870,FALSE POSITIVE,,5610.00,0.8150,0.0901
,37.809539,483.0,1.79,0.9170,FALSE POSITIVE,0.0000,5595.00,0.8200,0.03
,381.18654,193.0,2.29,0.7990,FALSE POSITIVE,,4977.00,0.7340,0.4109
,12.003678,503.0,0.97,0.5800,CANDIDATE,0.9420,4328.00,0.5940,0.076
Kepler-1611 b,5.17624997,1243.0,1.31,1.0010,CONFIRMED,1.0000,5578.00,1.4970,0.097
,370.62071,295.0,2.12,1.1310,FALSE POSITIVE,,6432.00,1.1360,0.1419
,0.589458602,1848.0,0.98,0.7220,FALSE POSITIVE,0.0010,5286.00,0.7760,0.086
Kepler-1612 b,3.91794676,1030.0,0.94,0.9740,CONFIRMED,0.8720,5500.00,0.8700,0.337
,6.0059966,1130.0,0.73,1.0500,CANDIDATE,1.0000,6103.00,1.1600,0.135
,4.22426989,1069.0,0.35,0.9030,CANDIDATE,0.8280,5735.00,0.8830,0.716
,330.906041,225.0,2.05,0.8380,CANDIDATE,,5461.00,0.7690,0.005
,56.3479517,586.0,1.06,0.9630,CANDIDATE,0.9990,5843.00,1.4710,0.768
,0.614701901,1656.0,0.82,0.6990,FALSE POSITIVE,,4954.00,0.7240,0.2344
,0.934181579,3268.0,0.79,1.8030,FALSE POSITIVE,0.0000,7624.00,2.1520,0.62
,19.9778599,773.0,1.07,1.2320,CANDIDATE,0.9390,6392.00,1.1620,0.172
,379.65261,330.0,1.2,0.8550,FALSE POSITIVE,,6471.00,1.3020,0.1971
,17.543847,658.0,1.15,0.8650,CANDIDATE,0.9610,5957.00,0.7910,0.579
,3.8183717,1683.0,1.39,1.3510,CANDIDATE,1.0000,6738.00,1.6920,0.878
,1.215181097,2230.0,0.87,1.2660,FALSE POSITIVE,,6717.00,1.3650,0.1356
,21.5324915,876.0,1.47,1.2320,FALSE POSITIVE,,6737.00,1.4100,0.5366
,3.74779583,1324.0,1.06,1.1540,FALSE POSITIVE,0.0000,6341.00,1.1110,0.39
,9.07829171,984.0,3.69,0.9510,CANDIDATE,0.8350,5086.00,1.6110,0.164
,0.91842238,1525.0,16.07,0.8280,FALSE POSITIVE,0.0000,5288.00,0.7400,1.186
,373.43233,290.0,1.48,0.9540,FALSE POSITIVE,,6146.00,1.1410,0.0802
Kepler-444 f,9.74048508,673.0,0.95,0.6920,CONFIRMED,1.0000,5051.00,0.7210,0.89
,397.73781,264.0,2.2,1.0860,FALSE POSITIVE,,6194.00,1.0200,0.1656
,5.35745121,1457.0,1.65,1.2080,FALSE POSITIVE,0.0000,6123.00,1.8600,0.119
,2.16132662,687.0,0.5,0.4430,FALSE POSITIVE,0.0000,3754.00,0.4300,0.778
,6.41097179,886.0,1.4,0.9720,CANDIDATE,0.6550,5383.00,0.9330,0.261
Kepler-1616 b,6.76289308,1337.0,1.21,1.2890,CONFIRMED,0.5520,6547.00,1.6300,0.553
,75.2116373,516.0,2.83,1.2000,CANDIDATE,0.7520,5818.00,1.5000,0.058
,6.36283414,956.0,1.12,0.9720,CANDIDATE,0.9360,5955.00,0.8830,0.141
,7.53737498,1210.0,0.93,1.2120,CANDIDATE,1.0000,6483.00,1.4360,0.225
,1.09844642,2921.0,1.73,1.2330,FALSE POSITIVE,0.0030,6403.00,2.3910,0.727
,25.94947,508.0,1.22,0.8380,FALSE POSITIVE,0.0000,5348.00,0.7480,0.678
,7.57600886,778.0,0.54,0.8480,CANDIDATE,0.5210,5361.00,0.7740,0.267
,1.8789138,3330.0,1.9,2.0600,FALSE POSITIVE,0.0000,8046.00,3.3390,0.536
Kepler-1965 b,41.8681996,492.0,1.25,0.9280,CONFIRMED,0.9990,5852.00,0.8370,0.923
,0.514771509,2113.0,0.57,0.9680,FALSE POSITIVE,0.0000,5730.00,0.8700,0.222
Kepler-1966 b,8.61742738,733.0,1.01,0.7970,CONFIRMED,0.9920,5009.00,0.8400,0.059
,35.945188,789.0,1.5,1.3600,FALSE POSITIVE,,6578.00,1.7440,0.1278
,5.00749378,1499.0,1.68,0.8080,FALSE POSITIVE,0.0000,5242.00,2.2430,0.206
Kepler-1606 b,196.436796,292.0,2.33,0.9240,CONFIRMED,1.0000,5462.00,0.9460,0.019
,8.8303681,676.0,1.32,0.7860,CANDIDATE,0.8510,5051.00,0.7060,0.746
,12.85755895,860.0,1.23,0.9220,CANDIDATE,0.8860,5860.00,1.1560,0.55
,0.566810643,1976.0,0.52,0.8320,FALSE POSITIVE,0.0000,5776.00,0.7580,0.315
,33.502923,645.0,1.08,0.9260,CANDIDATE,0.7910,5999.00,1.1770,0.756
,148.568877,555.0,5.97,1.5560,CANDIDATE,0.8980,5814.00,2.9850,0.243
,9.3335486,1082.0,1.69,1.0710,CANDIDATE,0.9490,5354.00,1.8630,0.725
,262.477098,178.0,1.92,0.6140,FALSE POSITIVE,,4227.00,0.6200,0.0753
,2.21030572,1572.0,1.06,1.1340,FALSE POSITIVE,0.0100,6355.00,1.0900,0.233
,9.54060855,735.0,1.75,0.8390,CANDIDATE,0.8170,5271.00,0.8310,0.031
,5.99321872,952.0,1.23,0.9610,FALSE POSITIVE,0.1910,5853.00,0.8680,0.02
,1.80926734,1444.0,0.89,0.9830,CANDIDATE,0.9800,5897.00,0.8910,0.385
,0.70544189,1960.0,1.04,0.9920,FALSE POSITIVE,0.0000,5838.00,0.8970,0.328
,0.981399749,1820.0,1.21,0.9820,FALSE POSITIVE,0.0000,6038.00,0.8980,0.408
,5.04413987,862.0,1.18,0.7910,CANDIDATE,0.9150,4954.00,0.8280,0.727
,0.933728755,2777.0,0.72,1.3780,FALSE POSITIVE,0.0000,6652.00,1.8630,0.645
,12.607591424,809.0,1.61,1.0810,FALSE POSITIVE,0.0000,6047.00,1.0020,0.996
,5.3694084,974.0,0.62,0.9510,CANDIDATE,0.9040,5753.00,0.8690,0.837
,5.65690281,1159.0,0.74,0.9860,CANDIDATE,0.9950,5687.00,1.3200,0.014
,0.734573766,2061.0,0.86,0.8510,FALSE POSITIVE,0.0000,5602.00,1.0510,0.044
,289.86046,279.0,1.5,0.9730,FALSE POSITIVE,,5914.00,0.9710,0.3711
,357.13089,246.0,1.62,0.9920,FALSE POSITIVE,,5838.00,0.8970,0.1365
,370.50684,277.0,2.06,1.0440,FALSE POSITIVE,,6360.00,0.9990,0.0647
,1.332580225,3111.0,2.18,1.8800,FALSE POSITIVE,0.0000,6858.00,3.0960,0.519
,7.4299322,1024.0,1.81,0.9720,CANDIDATE,0.9620,5635.00,1.2520,0.826
,79.334347,500.0,1.56,1.0270,CANDIDATE,0.8000,6384.00,1.1500,0.652
,5.68251605,1090.0,1.03,1.0160,CANDIDATE,0.8780,5753.00,1.1570,0
Kepler-1962 b,7.99144696,901.0,1.53,1.0030,CONFIRMED,1.0000,5700.00,1.0060,0.94
,2.9039446,2637.0,1.17,2.2900,FALSE POSITIVE,0.0000,7846.00,3.0500,0.686
,68.538296,1031.0,25.77,0.9880,FALSE POSITIVE,0.3480,4687.00,8.1230,0.002
,4.52628739,1089.0,1.02,1.0030,CANDIDATE,0.6070,5700.00,1.0060,0.5
,369.7985,225.0,2.53,0.7970,FALSE POSITIVE,,5680.00,0.7570,0.1382
,6.5588346,973.0,0.7,1.0000,FALSE POSITIVE,,5780.00,1.0000,0.7173
,0.643007769,1070.0,0.35,0.4320,FALSE POSITIVE,0.0000,3925.00,0.4210,0.012
,0.597018404,1578.0,1.09,0.6880,CANDIDATE,0.9960,4985.00,0.6300,0.44
,1.061937837,1757.0,0.68,1.0330,FALSE POSITIVE,0.0000,5893.00,0.9410,0.125
,4.82025124,1018.0,0.78,0.8640,CANDIDATE,0.9550,6035.00,0.7770,0.538
,12.4019263,713.0,1.49,0.8240,CANDIDATE,1.0000,5555.00,0.8320,0.924
,152.823896,395.0,2.45,1.1670,CANDIDATE,0.8820,6452.00,1.1370,0.119
,15.07277287,635.0,1.73,0.8640,FALSE POSITIVE,0.9780,5521.00,0.7710,0.891
,1.71659304,1607.0,1.17,1.0370,FALSE POSITIVE,,6192.00,0.9870,0.1534
,6.80899076,795.0,89.29,0.8100,CANDIDATE,,4992.00,0.8540,1.9253
,77.915425,367.0,1.17,0.8120,CANDIDATE,0.1290,5135.00,0.8740,0.448
,358.818895,262.0,2.66,0.9080,FALSE POSITIVE,0.1560,6056.00,0.9180,0.825
,181.3537,317.0,2.11,1.0650,FALSE POSITIVE,,5900.00,0.9510,0.5983
,284.727213,278.0,2.02,0.9130,CANDIDATE,0.9720,5497.00,1.0800,0.316
,3.74786694,1176.0,0.89,1.0830,FALSE POSITIVE,0.0000,5957.00,0.9710,0.49
,30.5392931,669.0,2.72,1.0460,CANDIDATE,0.9240,5803.00,1.3280,0.045
,0.913244995,1967.0,0.77,1.0130,FALSE POSITIVE,0.0000,5923.00,1.0490,0.286
,2.97599368,1395.0,0.79,1.0030,FALSE POSITIVE,0.0000,6202.00,1.0550,0.243
,8.31224474,801.0,10.63,0.7390,CANDIDATE,0.9960,5421.00,0.8160,1.111
,0.584148495,2130.0,0.87,0.8610,FALSE POSITIVE,0.0000,5427.00,1.0310,0.584
,12.6362048,774.0,1.1,1.0280,CANDIDATE,0.9990,5772.00,0.9920,0.174
,0.824180121,1912.0,17.8,0.9290,FALSE POSITIVE,0.0000,5977.00,0.8830,1.171
,0.579770948,1953.0,2.4,0.9680,FALSE POSITIVE,0.0000,5561.00,0.8540,0.946
,23.266633,1156.0,2.66,1.4870,CANDIDATE,0.9500,5758.00,3.7750,0.092
,0.92225589,2206.0,1.29,1.0460,FALSE POSITIVE,0.0000,5631.00,1.4850,0.992
,7.94004281,1010.0,0.98,1.1320,CANDIDATE,0.9990,6278.00,1.0810,0.004
,2.85855049,1212.0,1.23,0.8810,CANDIDATE,0.9610,5441.00,0.9640,0.972
,0.75499096,1949.0,1.39,0.9530,FALSE POSITIVE,0.0000,5743.00,0.9460,0.322
,353.40191,202.0,2.35,0.7720,FALSE POSITIVE,,4957.00,0.7630,0.4702
,8.95294046,1012.0,0.86,0.9800,CANDIDATE,1.0000,6047.00,1.2070,0.718
,1.428596987,2637.0,1.62,1.3360,FALSE POSITIVE,,6745.00,2.1440,0.7017
,4.84350003,1121.0,0.9,0.9060,CANDIDATE,0.9870,5762.00,1.0560,0.906
,45.163025,886.0,2.35,1.6650,CANDIDATE,,7675.00,2.0150,0.2057
,36.7614011,475.0,1.52,0.7890,CANDIDATE,0.9260,5305.00,0.8230,0.984
,4.373570433,727.0,1.23,0.6270,CANDIDATE,0.9490,4362.00,0.6400,0.1
,2.21701025,2371.0,1.16,1.8630,FALSE POSITIVE,,7524.00,2.0920,0.0662
,43.0759115,1032.0,213.46,1.0590,FALSE POSITIVE,0.0000,4766.00,5.9150,1.256
,154.674369,371.0,2.29,1.0230,CANDIDATE,0.9850,6338.00,1.0020,0.777
,372.62637,258.0,2.38,1.1010,FALSE POSITIVE,,6014.00,0.9930,0.5353
,1.02087831,1903.0,0.64,0.9680,FALSE POSITIVE,0.0000,5750.00,1.1060,0.148
,1.26132769,447.0,0.14,0.1070,FALSE POSITIVE,0.0010,2900.00,0.1320,0.289
,6.09406648,1417.0,54.54,1.4700,FALSE POSITIVE,0.0000,6785.00,1.6660,1.235
,1.1578141,2133.0,1.24,0.8450,FALSE POSITIVE,0.0000,5412.00,1.6290,0.564
,15.9513866,849.0,1.17,1.1810,CANDIDATE,0.9970,6451.00,1.1680,0.197
,0.566800926,2200.0,2.19,1.0000,FALSE POSITIVE,0.0000,5780.00,1.0000,0.971
,24.1876477,782.0,118.8,1.1750,FALSE POSITIVE,,6437.00,1.3100,1.8212
,7.7859111,939.0,0.68,0.9940,CANDIDATE,0.9640,6045.00,0.9540,0.675
,2.44926655,1033.0,0.76,0.7270,FALSE POSITIVE,0.0020,4840.00,0.7490,0.253
,2.17812826,1206.0,0.81,0.9030,FALSE POSITIVE,0.0000,5426.00,0.8050,0.344
,31.183688,876.0,3.21,1.3780,CANDIDATE,,5947.00,2.4070,0.8319
,1.33259494,1665.0,0.89,0.9940,FALSE POSITIVE,0.0000,6063.00,0.9180,0.104
,2.05048377,1339.0,0.66,0.7520,FALSE POSITIVE,0.0000,5568.00,0.8540,0.013
,1.19550618,2152.0,0.78,1.1030,FALSE POSITIVE,0.0000,6088.00,1.4630,0.483
,2.94242323,1098.0,1.42,0.9190,CANDIDATE,0.9840,5436.00,0.8190,0.447
,0.683082998,6757.0,9.92,3.2530,FALSE POSITIVE,0.0000,8247.00,7.7620,0.694
,0.791771167,3419.0,82.71,1.6390,FALSE POSITIVE,0.0000,6218.00,3.0700,1.224
,0.894172544,1461.0,0.68,0.7710,FALSE POSITIVE,0.0000,4982.00,0.7360,0.162
,1.68207624,1980.0,1.01,0.9720,FALSE POSITIVE,0.0020,6495.00,1.3110,0.56
,9.8480917,711.0,0.88,0.7170,FALSE POSITIVE,0.9810,5289.00,0.7480,0.127
,0.566800593,2783.0,0.48,1.2020,FALSE POSITIVE,0.0000,6476.00,1.3530,0.2
,0.969602551,1334.0,0.69,0.7010,FALSE POSITIVE,0.0020,4856.00,0.6600,0.415
,13.0914878,892.0,0.79,1.0480,CANDIDATE,0.9670,5919.00,1.2880,0.145
,9.25801294,1229.0,1.73,1.1620,FALSE POSITIVE,0.0000,6200.00,1.8340,0.186
,25.9554044,656.0,1.46,1.0040,FALSE POSITIVE,0.0000,6058.00,1.0380,0.952
,3.74788208,979.0,0.94,0.8710,FALSE POSITIVE,0.0000,5340.00,0.7770,0.09
,0.93479255,2040.0,24.75,0.8640,FALSE POSITIVE,0.0000,6018.00,1.0530,1.2
,361.43653,268.0,1.56,0.8020,FALSE POSITIVE,,6028.00,0.9380,0.2175
,0.89628253,1670.0,0.76,0.9150,FALSE POSITIVE,0.0010,5561.00,0.8180,0.176
,1.67495622,1843.0,0.77,1.1500,FALSE POSITIVE,0.0000,6323.00,1.2630,0.399
,54.0812235,431.0,1.54,0.8650,CANDIDATE,0.7670,5757.00,0.7620,0.182
,8.2344072,1263.0,1.49,1.0160,FALSE POSITIVE,0.0000,6148.00,1.7410,0.812
,2.15052332,1410.0,1.17,1.0000,FALSE POSITIVE,,5780.00,1.0000,0.0303
,32.6122381,570.0,31.96,1.0000,FALSE POSITIVE,0.0000,5780.00,1.0000,1.252
,0.967073359,1867.0,28.15,0.9600,FALSE POSITIVE,0.0000,5755.00,1.0220,1.222
,3.5564279,972.0,0.8,0.7890,FALSE POSITIVE,0.0000,5404.00,0.6940,0.359
,0.942997994,1283.0,1.56,0.6810,FALSE POSITIVE,0.0000,4499.00,0.6930,0.153
,0.566796775,931.0,0.61,0.3640,FALSE POSITIVE,0.0000,3453.00,0.3580,0.974
Kepler-1607 b,13.6471211,913.0,1.25,0.8900,CONFIRMED,0.3340,5771.00,1.3820,0.617
Kepler-1608 b,16.473474,612.0,1.63,0.7020,CONFIRMED,0.9720,5364.00,0.7540,0.014
,3.74788322,1031.0,1.32,0.9260,FALSE POSITIVE,0.0000,5514.00,0.8260,0.544
,0.705455349,1693.0,0.64,0.8240,FALSE POSITIVE,0.0000,5383.00,0.7360,0.447
,488.67353,188.0,2.03,0.8670,FALSE POSITIVE,0.0000,5218.00,0.7720,0.432
,8.5291223,911.0,2.08,0.9370,CANDIDATE,0.9670,5543.00,1.1110,0.606
,1.08906057,1511.0,0.75,0.8220,FALSE POSITIVE,0.0000,5087.00,0.8810,0.29
,1.48922187,1594.0,2.5,1.0000,FALSE POSITIVE,0.2810,5780.00,1.0000,0.393
,0.716709761,2394.0,1.42,0.8500,FALSE POSITIVE,0.0000,6109.00,1.1730,0.986
,4.1083812,1058.0,1.62,0.9680,FALSE POSITIVE,0.0000,5730.00,0.8700,0.148
Kepler-1963 b,1.962282625,1448.0,0.81,0.9150,CONFIRMED,0.9340,5726.00,0.9790,0.169
,0.523629052,9801.0,46.33,1.7770,FALSE POSITIVE,,4136.00,44.4480,0.045
,6.4546845,1244.0,1.38,1.1850,CANDIDATE,0.9990,6474.00,1.3620,0.93
,1.04588635,1972.0,1.1,1.1300,FALSE POSITIVE,0.0000,6249.00,1.0760,0.204
,51.31346091,,,,FALSE POSITIVE,,,,
,0.494247662,2257.0,1.51,1.1070,CANDIDATE,0.8150,5763.00,0.9980,0.366
,11.8299383,1177.0,1.6,1.3650,CANDIDATE,0.5060,5747.00,2.4310,0.502
,419.92898,255.0,1.51,0.9620,FALSE POSITIVE,,6047.00,0.9880,0.0299
,1.23521458,1713.0,0.93,1.0450,FALSE POSITIVE,0.0000,5999.00,0.9590,0.458
,1.085229874,1632.0,1.37,0.9480,FALSE POSITIVE,0.0000,5713.00,0.8510,0.439
,1.540379557,1581.0,0.81,0.7810,FALSE POSITIVE,0.0000,5812.00,0.9140,0.329
,5.30179786,973.0,1.22,0.9610,CANDIDATE,0.9990,5749.00,0.8640,0.357
Kepler-444 b,3.60011712,938.0,0.5,0.6920,CONFIRMED,1.0000,5051.00,0.7210,0.025
Kepler-1958 b,9.32867952,806.0,1.62,0.9610,CONFIRMED,0.9730,5749.00,0.8640,0.035
Kepler-1959 b,6.38671206,811.0,1.19,0.7680,CONFIRMED,1.0000,5071.00,0.8110,0.015
,158.348345,409.0,372.86,1.3340,FALSE POSITIVE,0.0000,6521.00,1.2760,3.655
,0.849362238,1498.0,0.85,0.8910,CANDIDATE,0.6190,4973.00,0.7880,0.453
,0.741768294,3380.0,72.36,1.5660,CANDIDATE,1.0000,5897.00,3.1470,1.201
,0.93376962,1937.0,16.3,0.9730,FALSE POSITIVE,0.0000,6056.00,0.9750,1.142
,322.48381,259.0,3.5,0.9700,FALSE POSITIVE,0.0000,5968.00,0.8810,0.938
,61.083322,465.0,1.61,1.0440,CANDIDATE,1.0000,5803.00,1.0150,0.649
,3.5944891,1178.0,0.98,0.9220,CANDIDATE,0.9950,5523.00,1.0460,0.041
,0.739404894,1256.0,0.94,0.6140,FALSE POSITIVE,0.0000,4205.00,0.6240,0.077
,4.8608059,925.0,1.21,0.8390,CANDIDATE,1.0000,5541.00,0.7570,0.374
,4.04481159,1325.0,0.67,1.0820,CANDIDATE,0.9650,6358.00,1.1410,0.393
,25.949641315,753.0,2.06,1.0060,FALSE POSITIVE,0.0000,5109.00,1.9220,0.945
,1.71051215,2004.0,1.04,0.8980,FALSE POSITIVE,0.0000,5925.00,1.5890,0.057
Kepler-1459 b,62.869463,349.0,1.96,0.7620,CONFIRMED,0.9560,4762.00,0.7810,0.954
,84.8062818,388.0,36.51,0.8890,FALSE POSITIVE,0.0000,5735.00,0.8530,1.265
Kepler-1460 b,29.9632816,391.0,2.24,0.6240,CONFIRMED,0.9900,4463.00,0.6380,0.855
,17.99643716,468.0,30.08,0.6530,FALSE POSITIVE,0.0000,4438.00,0.6660,1.122
Kepler-274 b,11.63486009,961.0,2.61,1.0190,CONFIRMED,0.9710,5570.00,1.5480,0.053
,4.8302364,1453.0,1.06,0.8770,CANDIDATE,0.7940,5086.00,2.2470,0.316
,56.446465,522.0,1.57,0.9880,CANDIDATE,0.9030,5995.00,1.1170,0.874
,31.4202111,471.0,1.45,0.8220,CANDIDATE,0.9610,5269.00,0.7480,0.075
Kepler-1622 b,10.8118317,922.0,1.24,1.1190,CONFIRMED,0.9190,6025.00,1.1960,0.896
,5.56676609,859.0,1.12,0.8100,CANDIDATE,1.0000,5032.00,0.8590,0.392
,1.208528832,1725.0,1.25,1.0050,FALSE POSITIVE,0.0000,6072.00,0.9230,0.039
,208.18711785,307.0,1.99,1.0000,FALSE POSITIVE,0.1160,5780.00,1.0000,0.321
,0.93198504,1647.0,17.72,0.7100,FALSE POSITIVE,0.0000,5470.00,0.7770,1.19
,0.60818508,2298.0,96.03,0.9330,FALSE POSITIVE,0.0000,5981.00,1.0430,1.835
,5.38613715,846.0,0.86,0.7400,CANDIDATE,0.9890,5516.00,0.6560,0.197
,13.2965044,488.0,0.88,0.6400,CANDIDATE,0.9650,4352.00,0.6130,0.902
,21.8420304,1016.0,2.01,1.1890,CANDIDATE,0.7530,6194.00,2.2410,0.208
,1.65320144,1059.0,0.74,0.6470,FALSE POSITIVE,0.0000,4544.00,0.6610,0.148
,3.37487541,1287.0,0.75,1.0740,FALSE POSITIVE,0.0720,6181.00,1.0060,0.389
,0.962825082,3265.0,5.18,1.4430,FALSE POSITIVE,0.0000,4898.00,4.9280,0.088
,309.494217,399.0,2.79,1.1550,FALSE POSITIVE,,6908.00,1.6140,0.0542
,0.876850385,2543.0,1.35,1.3200,CANDIDATE,0.9690,6102.00,1.7560,0.049
,24.2382519,597.0,2.19,1.0020,FALSE POSITIVE,0.0000,5763.00,0.9040,0.82
,24.2416103,596.0,1.61,1.0020,FALSE POSITIVE,0.0000,5763.00,0.9040,0.069
,413.51856,254.0,1.96,1.0120,CANDIDATE,0.2550,6031.00,0.9920,0.019
,20.7106368,626.0,1.12,0.8900,CANDIDATE,1.0000,5631.00,0.9010,0.604
,69.3788597,421.0,2.07,0.9430,FALSE POSITIVE,0.0010,5806.00,0.8740,0.539
Kepler-1461 b,29.3493852,451.0,2.02,0.7840,CONFIRMED,0.9790,4987.00,0.7220,0.75
,3.43633133,945.0,1.44,0.6380,CANDIDATE,0.9570,5201.00,0.6510,0.114
,449.57274,333.0,3.08,1.0960,FALSE POSITIVE,,5691.00,2.0790,0.2059
,245.059374,356.0,1.63,0.7810,FALSE POSITIVE,,6036.00,1.2650,0.0927
,142.703888,440.0,1.95,1.2920,CANDIDATE,0.9190,6701.00,1.2890,0.062
,3.38080537,1362.0,1.69,1.1460,CANDIDATE,0.8660,6072.00,1.1930,0.067
,10.4716194,1035.0,1.74,1.0950,CANDIDATE,0.9810,5812.00,1.5740,0.184
Kepler-1988 b,11.49500229,1105.0,1.53,1.1270,CONFIRMED,1.0000,6033.00,1.7880,0.911
,0.708726708,1302.0,0.92,0.5220,FALSE POSITIVE,0.0000,4607.00,0.5150,0.28
,283.72675,341.0,1.18,1.1530,FALSE POSITIVE,,6496.00,1.2570,0.3461
,373.60683,271.0,2.5,1.1000,FALSE POSITIVE,0.0000,6184.00,1.0380,0.588
,6.78788113,1679.0,2.44,1.6770,CANDIDATE,0.7980,6537.00,2.8290,0.022
,5.47455167,1155.0,1.4,0.9720,CANDIDATE,1.0000,5611.00,1.3120,0.931
,3.43861067,1348.0,1.01,0.9260,CANDIDATE,1.0000,5383.00,1.4010,0.629
,4.8754765,1180.0,0.8,0.9110,CANDIDATE,0.8670,5513.00,1.2860,0.084
,4.29388808,1532.0,1.68,1.3430,FALSE POSITIVE,0.9960,6615.00,1.5740,0.272
,13.5437884,658.0,32.21,0.8830,FALSE POSITIVE,0.0000,5463.00,0.7940,1.269
Kepler-1462 b,65.6491001,390.0,2.52,0.9190,CONFIRMED,0.9700,5436.00,0.8190,0.038
Kepler-1463 b,25.1593389,619.0,1.76,1.0240,CONFIRMED,1.0000,5973.00,0.9350,0.035
,10.5071781,737.0,1.41,0.7880,CANDIDATE,0.9640,5290.00,0.8650,0.232
Kepler-1464 b,31.7787564,564.0,1.5,0.7730,CONFIRMED,1.0000,5638.00,0.9280,0.29
,5.4398033,1112.0,1,1.1470,CANDIDATE,0.9370,6108.00,1.0800,0.136
,1.332568744,1941.0,0.58,1.0970,FALSE POSITIVE,0.0000,6620.00,1.0810,0.751
Kepler-1705 b,9.0194714,789.0,1.07,0.8380,CONFIRMED,,5775.00,0.7680,0.2805
,8.8493948,978.0,0.82,1.0040,CANDIDATE,0.5200,6095.00,1.1100,0.819
,51.567801,433.0,1.3,0.8210,CANDIDATE,0.9860,5285.00,0.8760,0.554
,16.4491515,1036.0,2.75,1.4640,CANDIDATE,0.6250,5334.00,2.7890,0.866
,0.428046051,2017.0,0.87,0.8050,CANDIDATE,0.8620,5285.00,0.7750,0.041
,0.814278961,1762.0,0.76,0.9890,FALSE POSITIVE,0.0000,5537.00,0.8860,0.451
,19.254536,625.0,1.32,0.9630,CANDIDATE,0.0000,5668.00,0.8680,0.806
,2.1890751,1399.0,0.87,0.9740,FALSE POSITIVE,0.0000,6077.00,0.8910,0.048
,384.6961,157.0,1.78,0.6180,CANDIDATE,,4228.00,0.6230,0.5221
,2.42649862,1638.0,0.75,0.9480,FALSE POSITIVE,0.0000,6033.00,1.3160,0.673
,8.80854183,1000.0,2.69,1.0640,FALSE POSITIVE,0.0000,6017.00,1.2100,0.993
,219.74735,427.0,3.24,0.8250,FALSE POSITIVE,0.0830,5127.00,2.3800,0.097
,19.7639874,900.0,1.19,1.1270,FALSE POSITIVE,0.0000,6195.00,1.6170,0.489
Kepler-1912 b,6.05919881,976.0,1.21,0.9770,CONFIRMED,0.9960,5734.00,0.9620,0.438
Kepler-450 d,7.5143967,1199.0,0.96,1.3050,CONFIRMED,0.9840,6206.00,1.5730,0.399
Kepler-274 c,33.1981761,678.0,3.21,1.0190,CONFIRMED,0.9120,5570.00,1.5480,0.826
Kepler-1464 c,5.32784157,1023.0,0.86,0.7730,CONFIRMED,0.9600,5638.00,0.9280,0.116
,71.05457555,390.0,5.91,0.7880,CANDIDATE,0.9880,5290.00,0.8650,0.061
,20.5512722,607.0,1.64,0.8940,CANDIDATE,0.9040,5401.00,0.9180,0.946
Kepler-1465 b,31.827649,668.0,4.98,0.9590,CONFIRMED,1.0000,4774.00,1.9540,0.785
,7.5861587,928.0,1.07,0.7670,CANDIDATE,0.9690,5934.00,0.8710,0.858
Kepler-1971 b,0.824000125,746.0,0.42,0.2800,CONFIRMED,,3396.00,0.2800,0.7697
,0.772152075,2966.0,4.44,0.9670,FALSE POSITIVE,0.9650,5951.00,2.0800,1.009
,42.049523793,303.0,1.19,0.4850,CANDIDATE,0.8370,4281.00,0.4800,0.23
,1.08469871,1757.0,1.11,1.0280,FALSE POSITIVE,0.0000,5942.00,0.9380,0.672
,6.60180003,875.0,1.25,0.9770,CANDIDATE,1.0000,5591.00,0.8600,0.204
,3.19938075,1026.0,0.62,0.7790,CANDIDATE,0.9940,5483.00,0.7020,0.268
,3.04185157,1184.0,0.71,0.9220,CANDIDATE,0.9990,5802.00,0.8570,0.176
,5.660274452,950.0,11.02,0.7780,FALSE POSITIVE,0.0000,5615.00,0.8420,1.092
,1.23512429,1642.0,0.38,1.0380,FALSE POSITIVE,0.0000,5798.00,0.9410,0.556
,1.381257093,1728.0,1.1,1.1300,FALSE POSITIVE,0.1980,5861.00,1.1310,0.351
,1.89873195,1524.0,0.93,1.1040,CANDIDATE,0.9190,5942.00,1.0500,0.197
,11.39110963,632.0,1.9,0.8140,CANDIDATE,,4999.00,0.7600,0.569
Kepler-1443 b,2.41810158,1602.0,0.85,1.1350,CONFIRMED,0.9930,6258.00,1.2390,0.016
,7.13044117,1400.0,1.18,1.4430,CANDIDATE,0.8770,6312.00,2.0740,0.068
Kepler-1444 b,33.4203001,581.0,2.46,0.9770,CONFIRMED,0.9990,5731.00,1.0660,0.789
,58.3437362,779.0,93.55,1.4720,FALSE POSITIVE,0.0000,5896.00,3.0060,1.246
,1.070982122,2122.0,0.98,0.9640,FALSE POSITIVE,0.0000,5717.00,1.4330,0.563
,18.0939004,665.0,1.91,0.9580,CANDIDATE,1.0000,5904.00,0.8670,0.445
,34.9524256,429.0,21.74,0.8640,CANDIDATE,1.0000,4921.00,0.7790,1.225
,23.81578356,560.0,8.4,0.9150,FALSE POSITIVE,0.0000,5561.00,0.8180,0.958
Kepler-1466 b,31.1748311,585.0,1.31,1.0030,CONFIRMED,0.9740,6086.00,0.9210,0.016
,0.474811162,2206.0,1.28,0.9750,FALSE POSITIVE,0.0050,5799.00,0.8780,0.44
Kepler-1467 b,47.0568476,411.0,2.84,0.8280,CONFIRMED,0.9960,5288.00,0.7400,0.027
,367.73299,266.0,2.1,0.9580,FALSE POSITIVE,,6225.00,0.9310,0.0064
,15.1516409,736.0,1.38,1.0000,CANDIDATE,0.8190,5780.00,1.0000,0.173
,7.4213444,953.0,1.73,1.0550,CANDIDATE,,6032.00,0.9730,0.1732
,0.743495989,1617.0,11.82,0.7470,FALSE POSITIVE,0.0000,5345.00,0.6860,1.144
,1.405887031,1086.0,0.95,0.6460,FALSE POSITIVE,0.0000,4440.00,0.6530,0.364
,17.7412303,684.0,1.14,1.0320,CANDIDATE,0.6250,5817.00,0.9560,0.065
,2.63527677,1136.0,0.76,0.8540,CANDIDATE,0.9840,5215.00,0.8640,0.646
,1.45728997,1665.0,0.93,1.1170,FALSE POSITIVE,0.0000,6063.00,1.0120,0.749
,147.388124,356.0,3.03,1.1110,CANDIDATE,0.9240,6046.00,1.0070,0.005
,4.11497357,1137.0,1.17,1.0060,CANDIDATE,0.7980,6011.00,0.9270,0.396
,1.245331397,2678.0,1.61,1.3520,FALSE POSITIVE,0.0000,6106.00,2.4770,0.649
,1.52593737,1697.0,1.39,1.1000,FALSE POSITIVE,0.0000,6184.00,1.0380,0.681
,8.21429932,1312.0,1.66,1.1380,FALSE POSITIVE,0.0000,6277.00,1.8690,0.667
,1.54945486,3006.0,1.34,1.9760,FALSE POSITIVE,0.0000,7382.00,2.8040,0.228
,8.42943991,1029.0,1.19,1.1040,FALSE POSITIVE,0.0000,6353.00,1.1320,0.82
Kepler-1445 b,10.60052083,987.0,1.09,1.0090,CONFIRMED,0.9730,6035.00,1.3030,0.729
,0.9570701,,,,FALSE POSITIVE,,,,
Kepler-1469 b,21.8634638,551.0,2.37,0.8850,CONFIRMED,1.0000,5383.00,0.7890,0.502
,86.4392931,442.0,35.31,1.0860,FALSE POSITIVE,0.0000,6208.00,1.0240,1.28
Kepler-296 f,63.3354719,202.0,1.18,0.3940,CONFIRMED,0.9270,3526.00,0.3830,0.029
,14.77820911,809.0,44.48,1.1020,FALSE POSITIVE,0.0000,6258.00,1.0460,1.258
,15.60862948,648.0,39.42,0.9280,FALSE POSITIVE,0.0000,5569.00,0.8290,1.171
,389.14115,250.0,1.67,0.9330,FALSE POSITIVE,,6043.00,0.8940,0.0973
,365.78863,215.0,2.21,0.7940,FALSE POSITIVE,,5407.00,0.7520,0.1564
,2.4826619,1619.0,0.8,1.0680,FALSE POSITIVE,0.0000,6356.00,1.2250,0.731
,2.17811908,1412.0,0.8,0.9920,FALSE POSITIVE,,6039.00,0.9210,0.3437
,1.11205787,1799.0,1.02,0.9760,FALSE POSITIVE,0.0000,6098.00,0.9320,0.008
,224.447413,260.0,2.05,0.8720,FALSE POSITIVE,,5489.00,0.7980,0.4162
,7.5019743,709.0,1.19,0.7370,CANDIDATE,0.8200,4807.00,0.7580,0.442
,21.8660922,730.0,1.88,1.0620,FALSE POSITIVE,0.2730,6309.00,1.0770,0.057
,5.09506,2247.0,2.14,1.8930,FALSE POSITIVE,0.0000,6700.00,4.1460,0.691
,29.1206519,528.0,1.6,0.8720,CANDIDATE,0.9770,5671.00,0.7880,0.195
Kepler-1446 b,0.689967868,1539.0,0.78,0.8140,CONFIRMED,1.0000,4872.00,0.7260,0.119
,1.89132292,2799.0,0.9,1.9870,FALSE POSITIVE,0.0000,8482.00,2.1060,0.709
,6.91261536,981.0,0.64,0.9600,CANDIDATE,0.9610,5761.00,1.0440,0.656
,25.8616058,613.0,1.12,0.9540,CANDIDATE,0.6220,6067.00,0.8840,0.855
,0.918420801,2374.0,1.14,1.0980,FALSE POSITIVE,0.0000,6210.00,1.4340,0.656
,0.573709256,4415.0,7.05,1.6390,FALSE POSITIVE,0.0000,5261.00,5.7690,0.69
Kepler-1915 b,13.8353959,809.0,3.78,1.0300,CONFIRMED,0.9500,6020.00,1.0570,0.94
,18.9060921,336.0,0.87,0.4790,CANDIDATE,0.9550,3751.00,0.4500,0.004
,25.6970688,658.0,3.83,1.0300,CANDIDATE,0.5560,6020.00,1.0570,0.943
,46.9434911,669.0,1.57,1.1070,FALSE POSITIVE,0.0650,6253.00,1.5500,0.213
Kepler-1468 d,19.5906103,819.0,2.64,1.0720,CONFIRMED,0.9870,5794.00,1.4960,0.529
Kepler-1468 b,8.23983041,1093.0,2.35,1.0720,CONFIRMED,0.9940,5794.00,1.4960,0.012
,6.07855,1115.0,1.14,1.0030,CANDIDATE,,6119.00,1.1140,0.3408
,427.65334,284.0,1.97,0.9000,FALSE POSITIVE,,5325.00,1.5650,0.4355
,412.041857,217.0,3.77,0.9860,FALSE POSITIVE,,5485.00,0.8670,0.1068
,2.131660527,1438.0,0.56,0.9670,CANDIDATE,0.3330,5849.00,0.9970,0.036
,5.75902182,1112.0,0.91,1.1220,CANDIDATE,0.9930,6247.00,1.0660,0.329
,0.903763067,1254.0,1.08,0.6380,CANDIDATE,,4430.00,0.6510,0.0938
,0.9628348,1648.0,0.81,0.9170,FALSE POSITIVE,0.0000,5559.00,0.8380,0.309
,5.66494448,1134.0,0.78,0.8650,CANDIDATE,,5888.00,1.1300,0.4638
,1.57017249,1232.0,0.82,0.7310,FALSE POSITIVE,0.0010,5300.00,0.6600,0.085
,0.566798364,2272.0,0.66,1.0140,FALSE POSITIVE,0.0000,5864.00,1.0400,0.487
,3.22452656,4883.0,24.48,0.9540,FALSE POSITIVE,,3857.00,34.6740,0.0995
,1.89127438,3342.0,2.03,2.0100,FALSE POSITIVE,0.0000,7919.00,3.4600,0.514
,1.33256944,1624.0,0.46,0.9790,FALSE POSITIVE,0.0000,5655.00,0.9980,0.456
Kepler-437 b,66.6504521,308.0,1.56,0.7130,CONFIRMED,0.9550,4550.00,0.6790,0.433
,55.7002642,309.0,1.18,0.6620,FALSE POSITIVE,,4267.00,0.6700,0.2976
Kepler-1468 c,3.54553077,1448.0,1.62,1.0720,CONFIRMED,0.9860,5794.00,1.4960,0.143
,85.0624157,355.0,21.26,0.9230,CANDIDATE,0.0000,5223.00,0.8750,0.819
,10.882416555,632.0,29.69,0.6940,FALSE POSITIVE,0.0000,4946.00,0.7150,1.199
,25.19830439,604.0,46.14,0.9720,FALSE POSITIVE,0.0000,5955.00,0.8830,1.069
,14.3196417,850.0,2.06,0.9730,CANDIDATE,0.9880,5562.00,1.3730,0.533
,0.50727675,2449.0,1.7,1.1950,FALSE POSITIVE,0.0000,5970.00,1.1430,0.429
,5.2736268,1014.0,0.89,1.0070,CANDIDATE,0.7770,5851.00,0.9180,0.595
,24.5041103,574.0,1.03,0.8540,CANDIDATE,0.7440,5250.00,0.9620,0.178
,1.316398648,1374.0,1.09,0.7630,FALSE POSITIVE,0.0000,5088.00,0.8060,0.392
,419.4596,303.0,2.1,0.9800,FALSE POSITIVE,,5248.00,1.8690,0.0167
,9.97202023,627.0,1.26,0.6770,CANDIDATE,0.9440,4810.00,0.6960,0.401
,14.2005007,843.0,13.28,1.0480,FALSE POSITIVE,0.0000,6332.00,1.0650,1.106
,1.318347743,1861.0,1.23,1.0250,FALSE POSITIVE,0.0000,6143.00,1.1210,0.427
,5.5834987,1317.0,1.41,1.2030,FALSE POSITIVE,,6517.00,1.3750,0.7862
,1.12401084,1719.0,0.61,1.0010,FALSE POSITIVE,0.0000,5941.00,0.9110,0.297
,1.21374652,1880.0,0.59,1.0220,FALSE POSITIVE,0.0000,6238.00,1.0490,0.57
Kepler-271 d,5.24970432,954.0,0.67,0.8380,CONFIRMED,0.9750,5528.00,0.8530,0.248
,45.4333769,315.0,2.23,0.5870,FALSE POSITIVE,0.0000,4371.00,0.5590,0.959
,40.3511707,479.0,1.88,0.9160,CANDIDATE,0.7360,5665.00,0.8200,0.079
,72.9332762,389.0,2.45,0.8750,CANDIDATE,0.9230,5316.00,0.9020,0.106
Kepler-1447 b,56.6746666,522.0,4.01,0.9450,CONFIRMED,0.5020,5541.00,1.2950,0.626
,63.9005941,353.0,25.91,0.6240,FALSE POSITIVE,0.0000,5204.00,0.6340,1.194
,12.6878176,851.0,2.16,1.1020,CANDIDATE,1.0000,6258.00,1.0460,0.921
,483.36405,202.0,1.27,0.8060,CANDIDATE,0.2300,5700.00,0.7180,0.614
Kepler-1470 b,16.2951259,574.0,1.15,0.7810,CONFIRMED,0.9930,4915.00,0.8120,0.494
,18.173045009,650.0,24.39,0.9550,FALSE POSITIVE,0.0000,5799.00,0.8600,0.674
,14.12678065,670.0,31.13,0.8730,FALSE POSITIVE,0.0000,5656.00,0.7840,1.254
,358.56462,219.0,0.99,0.7000,FALSE POSITIVE,,5375.00,0.7520,0.4108
,12.0729757,969.0,1.69,1.0460,CANDIDATE,0.9940,5436.00,1.7070,0.312
,1.337561836,2322.0,1.11,1.2190,FALSE POSITIVE,0.0010,6406.00,1.7150,0.055
,2.23755641,1397.0,0.93,0.9950,FALSE POSITIVE,0.0000,6026.00,0.9240,0.182
,82.401274,421.0,2.21,1.0830,CANDIDATE,0.4140,5886.00,1.0000,0.703
,11.91256675,1242.0,2.61,1.5560,CANDIDATE,0.9950,6337.00,2.3350,0.174
,4.08197713,1372.0,0.6,1.0610,CANDIDATE,0.8750,6538.00,1.1560,0.328
,1.035268597,2136.0,1.34,1.0800,FALSE POSITIVE,,6332.00,1.2050,0.3845
,359.3259,410.0,3.6,1.5000,FALSE POSITIVE,,6570.00,2.2700,0.2279
,0.566805268,2492.0,0.65,1.1270,FALSE POSITIVE,0.0000,6403.00,1.0860,0.069
,0.912179022,1025.0,0.65,0.5910,CANDIDATE,0.9880,3880.00,0.5550,0.038
Kepler-1448 b,12.27057043,811.0,1.67,1.0480,CONFIRMED,1.0000,6075.00,0.9690,0.026
Kepler-1449 b,13.2274753,867.0,1.94,1.2370,CONFIRMED,0.9660,6269.00,1.1550,0.803
,76.87935893,202.0,7.71,0.4670,CANDIDATE,0.9680,3638.00,0.4360,0.864
,0.559517155,2762.0,1.04,1.1530,FALSE POSITIVE,0.0000,6462.00,1.3090,0.328
,13.0151826,556.0,1.36,0.6320,CANDIDATE,0.8650,4794.00,0.6430,0.852
,29.47316279,565.0,48.98,0.9920,FALSE POSITIVE,0.0000,5838.00,0.8970,1.362
,0.580725004,1939.0,0.85,0.8740,FALSE POSITIVE,0.0000,5471.00,0.8410,0.137
,1.94468659,3334.0,69.59,1.9950,FALSE POSITIVE,,7894.00,3.5210,1.1592
Kepler-1968 b,7.28116667,744.0,1.4,0.8440,CONFIRMED,0.9410,5008.00,0.7880,0.1
,383.10017,248.0,2.18,0.9880,FALSE POSITIVE,,6011.00,0.9020,0.1365
,2.87998334,1024.0,0.85,0.7900,CANDIDATE,0.9730,4951.00,0.8060,0.22
,0.605556082,2120.0,0.86,0.9410,FALSE POSITIVE,0.0000,6123.00,0.8460,0.176
Kepler-1623 b,4.36125889,1000.0,1.2,0.9720,CONFIRMED,0.9950,5520.00,0.8730,0.374
,21.08678557,651.0,2.08,0.9440,CANDIDATE,0.7800,6084.00,0.8630,0.702
,1.19087362,1489.0,0.73,0.8360,FALSE POSITIVE,0.0010,5158.00,0.8880,0.393
,1.06484622,2034.0,0.72,1.1250,FALSE POSITIVE,0.0000,6445.00,1.0870,0.242
,0.969824139,1839.0,0.49,1.0000,FALSE POSITIVE,1.0000,5780.00,1.0000,0.332
,190.60563,386.0,1.6,0.9900,FALSE POSITIVE,,6200.00,1.2870,0.0108
,5.19206571,1170.0,0.99,1.1240,CANDIDATE,0.9870,6322.00,1.0750,0.847
,449.01499,258.0,1.04,0.9720,CANDIDATE,,6031.00,1.0680,0.2182
,8.480305,661.0,1.33,0.7750,FALSE POSITIVE,0.0000,4895.00,0.6960,0.766
,410.11676,242.0,1.41,0.8010,FALSE POSITIVE,,5587.00,0.9650,0.243
Kepler-1450 b,54.5091549,308.0,1.94,0.6210,CONFIRMED,0.9900,4406.00,0.6030,0.94
,17.4532945,639.0,0.76,0.8380,CANDIDATE,0.8950,5528.00,0.8530,0.357
Kepler-1913 b,14.1959621,818.0,1.66,1.1690,CONFIRMED,1.0000,6214.00,1.0760,0.786
,11.52482874,756.0,22.56,0.8620,FALSE POSITIVE,1.0000,5592.00,0.8920,1.205
,46.84008579,552.0,428.62,0.8670,FALSE POSITIVE,0.0000,6006.00,1.0550,4.652
,6.70242786,1367.0,1.82,0.9790,CANDIDATE,0.8670,5466.00,2.2240,0.369
,0.992798625,1967.0,29.26,1.1260,FALSE POSITIVE,0.0000,6055.00,1.0980,1.219
,7.79534033,985.0,1.07,1.1140,CANDIDATE,0.9940,6156.00,1.0500,0.282
,186.72243,329.0,1.84,1.0700,FALSE POSITIVE,,6040.00,0.9990,0.4736
,118.4039,517.0,3.46,1.2130,FALSE POSITIVE,,6486.00,1.6400,0.4062
,182.281992,280.0,1.67,0.6900,FALSE POSITIVE,,5503.00,0.7420,0.2425
,2.40174996,621.0,0.65,0.4150,CANDIDATE,0.1700,3606.00,0.3990,0.47
,10.0102876,522.0,0.69,0.5880,FALSE POSITIVE,,4214.00,0.6010,0.5667
,115.238544,372.0,3.17,0.9480,CANDIDATE,0.8540,5589.00,1.0370,0.965
,21.7434141,799.0,2.23,0.9870,CANDIDATE,0.9980,5767.00,1.4970,0.906
,1.366964704,1640.0,0.79,1.0000,FALSE POSITIVE,0.0000,5780.00,1.0000,0.517
,0.77957913,1819.0,0.71,0.9500,FALSE POSITIVE,0.2160,5699.00,0.8530,0.183
,0.544561598,11804.0,44.9,1.6780,FALSE POSITIVE,0.0000,3715.00,80.5290,0.214
,5.6795377,1420.0,1.16,1.1270,CANDIDATE,0.9790,6514.00,1.5850,0.196
,17.4453133,1066.0,5.38,0.8810,FALSE POSITIVE,0.0000,4927.00,3.0400,0.23
,2.9788702,,,,FALSE POSITIVE,,,,
,1.97515457,1504.0,0.92,0.9760,FALSE POSITIVE,0.0000,5571.00,1.1450,0.027
,9.33955596,882.0,2.67,0.8980,CANDIDATE,1.0000,5516.00,1.1010,0.985
,21.993112,523.0,23.21,0.8270,FALSE POSITIVE,0.0000,5205.00,0.7470,1.249
Kepler-1986 b,19.5489666,579.0,1.89,0.7760,CONFIRMED,0.9630,5549.00,0.7320,0.83
,7.41834569,800.0,1.12,0.7760,CANDIDATE,1.0000,5549.00,0.7320,0.049
,27.6853358,461.0,3.11,0.7040,FALSE POSITIVE,0.0000,5216.00,0.6390,0.897
Kepler-1451 b,35.6225528,523.0,2.24,0.9750,CONFIRMED,0.9970,5799.00,0.8780,0.261
,7.1403113,1036.0,1.18,1.0670,FALSE POSITIVE,0.0000,6354.00,1.0160,0.786
,2.69487041,1440.0,0.97,0.9860,FALSE POSITIVE,0.0000,5823.00,1.1870,0.554
Kepler-442 b,112.303136,241.0,1.3,0.6130,CONFIRMED,0.9930,4401.00,0.5950,0.248
,92.461135,564.0,2.86,1.2110,CANDIDATE,1.0000,5132.00,2.6480,0.083
,49.5387264,436.0,20.52,0.8350,FALSE POSITIVE,0.9980,5683.00,0.7470,1.223
,3.39155966,1183.0,0.49,1.0000,FALSE POSITIVE,0.8230,5896.00,0.9140,0.182
,9.2294726,601.0,0.82,0.6180,CANDIDATE,0.4130,4781.00,0.5960,0.076
,1.33254897,4664.0,32.84,1.9280,FALSE POSITIVE,0.0000,4894.00,13.7770,0.241
,18.3721835,657.0,1.12,0.9080,CANDIDATE,0.8480,5937.00,0.8300,0.78
,18.2260472,648.0,1.85,0.9720,FALSE POSITIVE,0.0000,5440.00,0.9800,0.378
,0.630539713,1936.0,21.07,0.8840,FALSE POSITIVE,0.0000,5458.00,0.8940,1.2
,17.99562529,701.0,28.98,1.0450,CANDIDATE,,5999.00,0.9590,1.2379
,1.018347376,2832.0,1.92,1.3580,FALSE POSITIVE,0.0000,5858.00,2.6380,0.654
,0.659299289,1979.0,30.54,0.8850,FALSE POSITIVE,,5791.00,0.8520,1.2873
,101.97435125,,,,FALSE POSITIVE,,,,
,63.095068,573.0,11.67,1.3720,CANDIDATE,0.9990,6622.00,1.3250,1.05
,4.45540935,,,,FALSE POSITIVE,,,,
,37.32483952,461.0,30.32,0.8100,FALSE POSITIVE,0.0000,5306.00,0.7900,1.263
,25.951984,626.0,36.8,1.1520,FALSE POSITIVE,0.0000,5889.00,1.0460,1.266
,21.7203362,594.0,0.8,0.8380,CANDIDATE,0.7950,5528.00,0.8530,0.311
Kepler-1452 b,42.9136635,810.0,3.19,1.4190,CONFIRMED,0.9940,6049.00,2.4830,0.403
,88.1804682,359.0,2.78,0.9520,FALSE POSITIVE,0.0000,5497.00,0.8390,0.026
Kepler-443 b,177.668663,233.0,2.32,0.7400,CONFIRMED,0.8770,4721.00,0.7010,0.772
,0.98041685,1388.0,0.75,0.7100,FALSE POSITIVE,0.0000,4861.00,0.7220,0.446
Kepler-1621 b,92.263742,469.0,2.22,1.1670,CONFIRMED,0.9800,6084.00,1.2830,0.273
Kepler-1969 b,6.64754478,999.0,1.72,1.1110,CONFIRMED,0.9960,6046.00,1.0070,0.235
,1.23517588,1697.0,1.59,1.0000,FALSE POSITIVE,0.0000,5780.00,1.0000,0.625
,1.97650073,1394.0,0.97,1.0150,CANDIDATE,0.8250,5792.00,0.9230,0.055
,3.79892774,1869.0,1.46,1.5110,CANDIDATE,0.9980,6831.00,2.1060,0.13
,0.416995408,2433.0,0.84,0.7010,FALSE POSITIVE,0.0000,6150.00,0.7810,0.089
,14.7401061,750.0,1.48,1.0450,CANDIDATE,0.9870,5999.00,0.9590,0.116
,256.52387,338.0,1.33,1.0640,FALSE POSITIVE,,6348.00,1.1800,0.1065
,3.0001191,2566.0,0.73,2.1000,FALSE POSITIVE,0.0000,8431.00,2.4850,0.635
Kepler-1442 b,81.4160138,522.0,4.63,1.3230,CONFIRMED,0.8990,6352.00,1.4010,0.911
,4.7309013,1065.0,1.39,1.0010,CANDIDATE,0.9830,5941.00,0.9110,0.362
,21.3761817,717.0,1.08,0.8460,CANDIDATE,0.5260,5984.00,1.0520,0.017
,6.58753699,992.0,1.51,1.1010,CANDIDATE,1.0000,6014.00,0.9930,0.132
,8.5900471,677.0,0.8,0.6840,FALSE POSITIVE,0.0000,4914.00,0.7070,0.098
,357.82544,306.0,1.7,1.1090,FALSE POSITIVE,0.2650,6131.00,1.3120,0.636
Kepler-1914 b,30.8278245,585.0,2.42,1.0470,CONFIRMED,1.0000,5982.00,0.9600,0.023
Kepler-1453 b,47.1607932,503.0,2.58,1.0750,CONFIRMED,1.0000,5936.00,0.9650,0.028
Kepler-1455 b,49.2768448,271.0,1.75,0.5280,CONFIRMED,0.9960,3899.00,0.5290,0.022
Kepler-438 b,35.2330694,288.0,0.97,0.5540,CONFIRMED,1.0000,3749.00,0.5240,0.139
,45.3965379,326.0,1.97,0.6380,FALSE POSITIVE,0.0000,4266.00,0.6430,0.085
,508.807642,595.0,39.59,0.8050,FALSE POSITIVE,0.1030,4893.00,8.8110,0.016
,36.721576,498.0,1.93,0.9370,CANDIDATE,0.9770,5662.00,0.8400,0.097
,362.69427,315.0,3.54,0.8540,FALSE POSITIVE,,5288.00,1.7190,0.0774
,370.35639,268.0,2.82,1.0970,FALSE POSITIVE,,6117.00,1.0250,0.414
,96.81647,655.0,3.19,1.3800,CANDIDATE,0.9990,6404.00,2.4670,0.034
,0.729724346,2151.0,0.51,1.0300,FALSE POSITIVE,0.0000,6084.00,1.0300,0.523
,3.51413723,1267.0,0.69,1.0580,CANDIDATE,,6201.00,0.9890,0.9353
,4.96504981,1403.0,1.51,0.9820,CANDIDATE,0.8780,5339.00,2.0110,0.655
,0.821472455,1559.0,0.92,0.8110,FALSE POSITIVE,,4889.00,0.8360,0.2579
,1.29019586,1530.0,0.78,0.9380,FALSE POSITIVE,0.0010,5693.00,0.8420,0.044
,1.141148847,2248.0,1.67,1.1900,CANDIDATE,0.9710,5438.00,1.9890,0.062
,12.460565,726.0,1.1,0.9010,CANDIDATE,0.9210,5435.00,0.9330,0.015
,19.5945772,724.0,1.18,0.9950,CANDIDATE,0.9330,6118.00,1.0230,0.389
,8.48032079,759.0,0.95,0.6950,FALSE POSITIVE,0.0000,5415.00,0.7280,0.004
,409.87844,264.0,2.72,1.1490,CANDIDATE,,6167.00,1.0640,0.177
,227.6258,394.0,1.79,1.1110,FALSE POSITIVE,,6240.00,1.5490,0.2351
Kepler-1456 b,18.1373788,433.0,1.41,0.5890,CONFIRMED,0.9450,4257.00,0.6020,0.945
Kepler-1457 b,51.1104797,478.0,1.6,0.9700,CONFIRMED,0.9490,5968.00,0.8810,0.029
Kepler-1458 b,47.9869119,493.0,3.35,0.8990,CONFIRMED,0.8340,5641.00,0.9810,0.873
,359.047933,260.0,7.76,0.8890,FALSE POSITIVE,0.0000,5609.00,1.0480,0.002
,29.8042694,505.0,24.73,0.7670,FALSE POSITIVE,0.0000,5223.00,0.8270,1.237
,7.08757462,955.0,1.28,1.0080,CANDIDATE,0.9640,6060.00,0.9250,0.371
,3.74318005,999.0,1.75,0.8660,CANDIDATE,0.9990,5207.00,0.8510,0.952
,5.4169303,1173.0,8.17,1.1510,CANDIDATE,0.9780,6355.00,1.1080,1.055
,1.003049079,1714.0,42.5,0.8560,FALSE POSITIVE,0.0000,5775.00,0.8440,0.568
,0.933157032,2202.0,7.29,1.1910,FALSE POSITIVE,0.0000,6499.00,1.1690,1.046
,37.1083458,492.0,1.71,0.9770,FALSE POSITIVE,0.4060,5591.00,0.8600,0.612
,31.1920226,521.0,1.65,0.7890,CANDIDATE,0.9890,5675.00,0.7770,0.11
,1.02104719,2129.0,13.68,1.2480,FALSE POSITIVE,,6444.00,1.2000,1.0867
,7.630545,1087.0,2.26,1.1550,CANDIDATE,0.9900,6407.00,1.1790,0.021
,12.083457,932.0,2.09,1.1610,FALSE POSITIVE,,6422.00,1.1750,0.1069
,401.5907,256.0,1.01,0.9760,FALSE POSITIVE,,6170.00,0.9390,0.1752
,6.6716723,1024.0,1.27,1.0310,CANDIDATE,0.9420,6086.00,1.0210,0.167
,53.912783631,697.0,4.25,1.2280,FALSE POSITIVE,0.0000,6085.00,2.0200,0.984
,1.23142395,2317.0,0.77,1.0210,FALSE POSITIVE,0.0000,6011.00,1.7300,0.187
,409.38645,197.0,1.78,0.7660,CANDIDATE,,4955.00,0.7990,0.0706
,386.828262,340.0,6.54,1.2160,FALSE POSITIVE,0.0000,6384.00,1.6150,0.953
,15.8733803,830.0,8.15,0.7630,FALSE POSITIVE,0.0000,6161.00,1.0540,0.919
,42.3991752,580.0,3.23,1.0710,FALSE POSITIVE,0.0000,6133.00,1.1210,0.965
,25.95198823,680.0,39.94,1.0830,FALSE POSITIVE,0.0000,6363.00,1.0350,1.269
,25.9522401,572.0,42.91,1.0050,FALSE POSITIVE,0.0000,5659.00,0.9040,1.375
,14.12809896,781.0,1.6,1.0500,FALSE POSITIVE,0.0000,6072.00,0.9880,0.046
,17.7662938,670.0,1.54,1.0220,CANDIDATE,0.9290,5724.00,0.9460,0.909
,13.6917833,770.0,1.12,0.8570,FALSE POSITIVE,0.0000,5906.00,0.9310,0.142
,25.95633,618.0,9.75,0.9590,FALSE POSITIVE,0.0000,6139.00,0.8810,1.088
,11.56722589,568.0,1.29,0.6780,CANDIDATE,0.9760,4597.00,0.6910,0.242
,0.572937573,3271.0,1.57,1.5530,FALSE POSITIVE,,7338.00,1.5930,0.7866
,631.56889,237.0,3.13,1.1040,CANDIDATE,0.3810,6382.00,1.0590,0.636
,14.15849823,1910.0,90.09,2.3850,FALSE POSITIVE,0.0000,8753.00,3.7460,1.204
,207.471349,316.0,1.57,0.8890,FALSE POSITIVE,,5731.00,1.0330,0.3093
,12.3748247,1253.0,81.01,1.4620,FALSE POSITIVE,0.0000,5165.00,3.5980,1.185
,4.31724247,1332.0,1.01,0.9790,CANDIDATE,1.0000,5992.00,1.3100,0.252
,3.74099144,1733.0,1.85,1.5540,CANDIDATE,0.8640,5110.00,3.2310,0.222
,302.779824,246.0,1.31,0.8650,CANDIDATE,0.9870,5734.00,0.7970,0.001
,14.541781166,834.0,2722.92,0.9680,FALSE POSITIVE,0.0000,5997.00,1.1480,22.28
,12.4261177,724.0,3.8,0.9480,FALSE POSITIVE,0.0000,5713.00,0.8510,0.945
Kepler-1703 b,21.1876185,676.0,0.79,0.9250,CONFIRMED,0.8460,6355.00,0.8490,0.777
,12.42560404,733.0,2.52,1.0100,FALSE POSITIVE,0.0000,5713.00,0.8930,0.96
,30.9604688,1064.0,89.18,0.7580,FALSE POSITIVE,0.0000,5367.00,3.5580,1.208
,1.041619932,1858.0,30.94,0.8480,FALSE POSITIVE,0.0000,5838.00,0.9910,1.237
,2.544594443,1608.0,109.72,1.0260,FALSE POSITIVE,0.0000,5503.00,1.6160,0.558
,56.40651043,358.0,21.93,0.6320,FALSE POSITIVE,0.0000,5011.00,0.6470,0.625
,7.964400574,633.0,61.54,0.7060,FALSE POSITIVE,0.0000,4478.00,0.7150,1.121
,6.399101307,1042.0,51.77,1.0540,FALSE POSITIVE,0.0000,6233.00,0.9880,1.039
Kepler-328 b,34.9168399,602.0,2.39,1.1610,CONFIRMED,0.9890,6194.00,1.0690,0.026
,0.56678228,1661.0,0.88,0.7420,FALSE POSITIVE,0.1130,4796.00,0.7490,0.153
,8.480303653,762.0,22.25,0.8320,FALSE POSITIVE,0.0000,5385.00,0.7870,0.195
,94.094392,486.0,0.9,0.9740,CANDIDATE,1.0000,6099.00,1.3080,0.32
Kepler-1480 b,22.1270885,721.0,3.94,0.9630,CONFIRMED,0.9010,5312.00,1.4450,0.956
,10.6784787,712.0,1.12,0.8930,FALSE POSITIVE,0.0010,5459.00,0.7970,0.271
,25.3736543,653.0,1.88,0.9980,CANDIDATE,0.9990,6195.00,0.9660,0.265
,10.08535311,843.0,1.45,1.0000,CANDIDATE,0.9550,5947.00,0.9450,0.532
,42.559265547,487.0,51.86,0.9590,FALSE POSITIVE,0.0000,5764.00,0.8630,0.775
,10.2856373,864.0,1.24,1.0530,CANDIDATE,1.0000,5841.00,1.0600,0.378
,24.2157996,596.0,1.58,0.8490,FALSE POSITIVE,0.0180,5659.00,0.8850,0.207
Kepler-1499 b,44.2018402,409.0,1.14,0.7230,CONFIRMED,0.9690,5002.00,0.7530,0.348
,393.95608,263.0,2.27,1.0560,CANDIDATE,0.7080,6217.00,0.9890,0.614
Kepler-1500 b,15.0330623,928.0,2.18,1.1140,CONFIRMED,0.9950,5849.00,1.6010,0.896
,34.7496038,702.0,3.51,1.1140,CANDIDATE,0.9970,5849.00,1.6010,0.984
,12.62530918,1214.0,87.2,1.2780,FALSE POSITIVE,0.0000,6878.00,1.8440,1.151
,124.93576738,362.0,49.34,0.9700,FALSE POSITIVE,0.0000,5887.00,0.9410,0.542
,12.720298433,589.0,1.37,0.7830,FALSE POSITIVE,0.0000,4914.00,0.7240,0.805
,227.83457,449.0,2.83,1.1430,CANDIDATE,0.9910,6004.00,2.1930,0.56
,119.67980316,847.0,193.91,2.0530,FALSE POSITIVE,0.0000,8275.00,3.2510,0.527
,6.399107136,1031.0,59.15,0.8680,FALSE POSITIVE,0.0000,6133.00,0.9350,0.245
,8.480304281,1504.0,65,1.5710,FALSE POSITIVE,0.0000,7059.00,2.2100,0.235
,117.6813778,575.0,45.43,1.2500,FALSE POSITIVE,0.0000,6429.00,2.0790,0.433
,17.72722648,692.0,35.18,0.9670,FALSE POSITIVE,0.0000,6021.00,0.8950,0.381
,1.71024931,1766.0,1.2,1.2410,FALSE POSITIVE,0.0000,6418.00,1.1710,0.508
,100.40132734,420.0,26,0.9950,FALSE POSITIVE,0.0000,5903.00,1.1000,0.436
,11.320287875,928.0,59.23,0.9280,FALSE POSITIVE,0.0000,6153.00,1.1270,0.526
,1.219034103,1977.0,40.46,0.9720,FALSE POSITIVE,0.0030,5914.00,1.2710,0.455
,24.352541,498.0,1.52,0.7760,CANDIDATE,0.9030,4891.00,0.8050,0.505
Kepler-1481 b,5.94228603,797.0,1.23,0.7760,CONFIRMED,0.9960,4891.00,0.8050,0.097
,382.30306,400.0,4.05,1.3230,CANDIDATE,0.3180,5993.00,2.5900,0.597
,58.1263775,404.0,1.32,0.9310,CANDIDATE,0.9980,5413.00,0.8200,0.016
Kepler-1997 b,26.7575866,660.0,2.28,1.1110,CONFIRMED,0.9940,6215.00,1.0520,0.407
,57.0599992,455.0,22.31,0.9530,FALSE POSITIVE,0.0000,5931.00,0.8630,0.194
Kepler-1501 b,14.5565618,787.0,1.08,1.1630,CONFIRMED,0.9740,6065.00,1.0610,0.031
,0.837898153,1478.0,1.26,0.7760,FALSE POSITIVE,0.0220,4748.00,0.7970,0.071
,0.603086711,2459.0,36,1.1740,FALSE POSITIVE,0.3620,6353.00,1.1340,1.251
Kepler-1502 b,41.7084063,608.0,2.19,1.1690,CONFIRMED,0.9980,6434.00,1.1380,0.671
Kepler-1980 b,33.0257179,564.0,2.21,1.0490,CONFIRMED,0.1790,5819.00,0.9900,0.044
,25.366990665,665.0,56.02,1.0860,FALSE POSITIVE,0.0000,6208.00,1.0240,0.86
,428.32173928,220.0,49.76,0.8080,FALSE POSITIVE,0.0000,5662.00,0.8060,0.531
,82.137609997,640.0,197.85,1.1830,FALSE POSITIVE,0.0000,6395.00,2.0120,1.221
,3.06026014,1284.0,0.83,0.9930,FALSE POSITIVE,0.0010,5878.00,1.0100,0.675
,24.0612744,749.0,83.77,1.0270,FALSE POSITIVE,0.0000,6461.00,1.1380,0.461
,66.36099916,420.0,61.42,0.7780,FALSE POSITIVE,0.0000,5583.00,0.8570,0.486
,8.939461148,1407.0,153.32,1.2660,FALSE POSITIVE,0.0000,6461.00,2.2250,0.558
,135.58607679,429.0,89.83,1.3040,FALSE POSITIVE,0.6950,6401.00,1.3010,0.549
,18.79862195,575.0,55.07,0.8930,FALSE POSITIVE,0.0000,5334.00,0.7960,0.524
,6.30828538,803.0,29.34,0.7420,FALSE POSITIVE,0.0000,5069.00,0.7800,0.69
,4.80912667,1270.0,44.3,1.1660,FALSE POSITIVE,0.0000,6462.00,1.1660,0.471
,2.33211505,1594.0,140.22,0.9700,FALSE POSITIVE,0.0000,6384.00,1.0940,1.747
Kepler-990 c,0.53835407,2386.0,1.67,0.9320,CONFIRMED,1.0000,5539.00,1.2070,0.334
,249.36211832,308.0,48.69,0.8530,FALSE POSITIVE,0.0000,5940.00,1.0200,1.17
,3.80675878,1574.0,2.75,1.2940,CANDIDATE,0.9860,6068.00,1.7970,0.26
,0.664727127,2343.0,0.46,1.0010,FALSE POSITIVE,0.0000,6143.00,1.1160,0.382
Kepler-1483 b,9.5084871,1131.0,1.65,1.2960,CONFIRMED,0.9690,6144.00,1.6680,0.143
,34.1086562,739.0,1.95,1.2960,CANDIDATE,0.9490,6144.00,1.6680,0.318
Kepler-1918 b,47.0563327,497.0,2.57,0.9670,CONFIRMED,0.9990,5889.00,0.9240,0.361
,179.85022331,,,,FALSE POSITIVE,,,,
,10.0100312,506.0,0.99,0.5070,CANDIDATE,1.0000,4338.00,0.5080,0.07
Kepler-1503 b,96.169569,321.0,2.07,0.7830,CONFIRMED,0.9850,5340.00,0.7020,0.049
,1.55090374,3190.0,1.11,1.9690,FALSE POSITIVE,0.0480,7612.00,2.9680,0.817
,12.67143692,404.0,0.76,0.5360,CANDIDATE,1.0000,3705.00,0.5290,0.047
,60.32668824,240.0,4.98,0.5360,CANDIDATE,0.0000,3705.00,0.5290,0.974
,2.63595435,682.0,0.5,0.5360,CANDIDATE,0.9770,3705.00,0.5290,0.005
Kepler-1504 b,82.303914,485.0,4.47,0.9970,CONFIRMED,0.8610,5602.00,1.4250,0.859
,131.97827736,457.0,147.83,0.9050,FALSE POSITIVE,0.0000,4916.00,2.1820,0.58
,0.789171236,1527.0,0.69,0.7880,FALSE POSITIVE,0.0000,4776.00,0.8110,0.417
Kepler-320 c,17.9346606,1002.0,2.8,1.1820,CONFIRMED,0.9710,6426.00,1.7750,0.976
,241.07074582,699.0,76.53,2.1480,FALSE POSITIVE,0.9900,9414.00,2.7770,0.418
,106.17593813,441.0,54.91,0.8520,FALSE POSITIVE,0.0000,6038.00,1.1410,0.718
,184.6467208,320.0,72.8,0.9900,FALSE POSITIVE,0.0000,5713.00,1.0230,0.492
,6.282033445,1029.0,144.85,0.9790,FALSE POSITIVE,0.0000,6074.00,0.9760,1.777
,5.519188936,932.0,43.06,0.8050,FALSE POSITIVE,0.0000,5324.00,0.8970,0.459
,5.3360574,1667.0,1.52,1.2670,CANDIDATE,0.9930,6742.00,2.0320,0.006
,4.818863794,1595.0,51.32,1.1790,FALSE POSITIVE,0.0000,6313.00,1.9350,0.486
,178.26802035,256.0,34.07,0.6680,FALSE POSITIVE,0.0000,5126.00,0.6960,1.135
,2.181555909,1730.0,91.3,1.2180,FALSE POSITIVE,0.0000,6584.00,1.2460,1.261
,0.895276162,2731.0,172.25,1.0150,FALSE POSITIVE,0.0000,5242.00,2.5500,0.618
,244.83274973,307.0,38.3,0.9970,FALSE POSITIVE,0.0000,6105.00,0.9930,1.047
Kepler-1484 b,30.4544418,624.0,2.6,1.0470,CONFIRMED,0.9900,6283.00,0.9840,0.929
,10.26558924,828.0,1.65,1.0060,FALSE POSITIVE,0.0000,5774.00,0.9800,0.663
,18.9257333,639.0,16.74,0.7950,FALSE POSITIVE,0.0000,5455.00,0.9090,1.155
Kepler-1919 b,37.8862977,479.0,2.09,0.8680,CONFIRMED,0.9160,5513.00,0.8180,0.026
,10.54841329,899.0,3.89,1.0590,CANDIDATE,1.0000,6047.00,1.0920,1.017
,133.6348207,317.0,1.89,0.8340,CANDIDATE,0.6560,5202.00,0.9180,0.438
,11.9615433,847.0,2.24,1.1430,FALSE POSITIVE,0.0000,6142.00,1.0460,0.576
,32.510844,680.0,2.62,1.1830,CANDIDATE,0.9820,6074.00,1.3580,0.421
,0.56683399,,,,FALSE POSITIVE,,,,
,62.127677128,402.0,38.61,0.7400,FALSE POSITIVE,0.0000,5344.00,0.8070,1.158
,31.9730649,530.0,1.09,0.8980,FALSE POSITIVE,0.0000,5811.00,0.8110,0.716
,10.90752977,955.0,1.58,1.1410,CANDIDATE,1.0000,6414.00,1.1470,0.147
,143.1188694,321.0,53.3,0.9480,FALSE POSITIVE,0.0000,5713.00,0.8510,0.703
,76.81985465,379.0,46.61,0.8650,FALSE POSITIVE,0.0000,5654.00,0.7740,0.728
,165.40574995,514.0,112.86,0.9990,FALSE POSITIVE,0.0000,6061.00,2.1850,1.091
,71.661915163,365.0,55.04,0.7770,FALSE POSITIVE,0.0000,5075.00,0.8240,0.612
,9.44942685,813.0,68.38,1.0210,FALSE POSITIVE,0.0000,5754.00,0.9050,0.395
,0.715802309,1656.0,25.52,0.8410,FALSE POSITIVE,0.0000,5239.00,0.7570,1.251
,70.58284717,435.0,50.88,0.9800,FALSE POSITIVE,0.0000,5973.00,0.9040,0.882
,2.995357359,1791.0,112.12,1.0700,FALSE POSITIVE,0.0000,5949.00,1.9400,0.843
,3.840485025,1077.0,39.38,0.8410,FALSE POSITIVE,0.0000,5731.00,0.8230,1.189
,1.92027188,,,,FALSE POSITIVE,,,,
,10.5226374,976.0,1.08,1.0640,CANDIDATE,0.9860,6327.00,1.1750,0.806
,10.443341795,892.0,44.35,0.9720,FALSE POSITIVE,0.0000,6137.00,1.0050,0.707
,4.75307877,7040.0,505.94,3.7350,FALSE POSITIVE,0.0030,3486.00,180.0130,0.019
,19.515013291,588.0,53.03,0.8970,FALSE POSITIVE,0.0000,5349.00,0.8510,0.692
Kepler-312 b,1.772451066,1685.0,1.02,1.2260,CONFIRMED,1.0000,6243.00,1.1490,0.006
Kepler-1485 b,19.9158863,728.0,1.41,1.0590,CONFIRMED,0.9820,6047.00,1.0920,0.748
,54.061328105,514.0,88.28,0.9370,FALSE POSITIVE,0.0000,5786.00,1.1120,1.336
,34.525990182,607.0,54.35,0.9990,FALSE POSITIVE,0.0000,6123.00,1.0490,1.087
,494.485085,379.0,5.03,1.4140,CANDIDATE,0.3220,6303.00,2.5530,0.017
,14.2821417,625.0,1.08,0.7440,FALSE POSITIVE,0.0000,5374.00,0.7260,0.012
,18.64532882,656.0,61.81,0.9330,FALSE POSITIVE,0.0000,5931.00,0.8450,0.454
,20.882125422,737.0,66.27,1.1200,FALSE POSITIVE,0.0000,6335.00,1.0720,0.743
,14.0545718,711.0,1.45,0.9770,CANDIDATE,1.0000,5783.00,0.8800,0.121
Kepler-1505 b,30.8609783,525.0,1.08,0.9020,CONFIRMED,1.0000,5627.00,0.8330,0.852
,3.652810043,1015.0,0.89,0.7770,FALSE POSITIVE,0.0770,5213.00,0.8310,0.086
,15.65134872,1396.0,118.33,1.5210,FALSE POSITIVE,0.0000,6552.00,3.2890,1.267
,6.86674226,1018.0,0.79,1.1720,CANDIDATE,0.9850,5914.00,1.1350,0.405
Kepler-320 b,8.37159554,1292.0,2.39,1.1820,CONFIRMED,1.0000,6426.00,1.7750,0.983
,286.1755875,276.0,63.23,0.9660,FALSE POSITIVE,0.0000,5904.00,0.9460,0.598
,152.15144795,362.0,53.89,1.0560,FALSE POSITIVE,0.0000,6217.00,0.9890,0.857
,0.542636318,2659.0,1.39,0.8880,FALSE POSITIVE,0.0000,5277.00,1.6330,0.056
,29.911334059,471.0,47.83,0.7850,FALSE POSITIVE,0.0000,5303.00,0.7040,0.559
,5.877122485,1402.0,125.68,0.7740,FALSE POSITIVE,0.0000,5702.00,1.8210,0.547
,10.636305846,1110.0,64.91,1.0970,FALSE POSITIVE,0.0000,6781.00,1.3450,0.398
,2.1032389,1238.0,36.63,0.8800,FALSE POSITIVE,0.0000,5546.00,0.7860,1.209
,46.698200933,468.0,38.79,0.6870,FALSE POSITIVE,0.0000,5772.00,0.7560,1.131
Kepler-332 c,15.99560373,550.0,1.04,0.7740,CONFIRMED,1.0000,4955.00,0.7210,0.088
,4.39451798,554.0,65.76,0.5040,FALSE POSITIVE,0.0000,3695.00,0.4830,1.566
,25.9518795,645.0,35.1,0.9180,FALSE POSITIVE,0.0000,5753.00,1.0780,1.259
,29.7681831,917.0,3.98,1.4790,CANDIDATE,0.9930,5640.00,2.9160,0.739
,56.048096688,400.0,42.62,0.7300,FALSE POSITIVE,0.0000,5222.00,0.7800,1.161
,2.25161215,2934.0,1.14,2.2720,FALSE POSITIVE,0.0000,9464.00,2.1840,0.647
,36.7662364,336.0,1.28,0.5310,CANDIDATE,0.9930,4342.00,0.5400,0.164
,50.35545898,492.0,31.66,1.0750,FALSE POSITIVE,0.0000,5936.00,0.9650,0.159
Kepler-1506 b,14.0328775,783.0,1.45,1.0790,CONFIRMED,0.9250,6063.00,1.0010,0.044
Kepler-1922 b,13.2226149,740.0,1.75,0.9530,CONFIRMED,1.0000,5931.00,0.8630,0.943
,2.53742164,1220.0,0.93,0.9280,CANDIDATE,0.9990,5447.00,0.9170,0.285
,3.54828691,1795.0,1.69,1.4750,FALSE POSITIVE,0.3180,6573.00,1.9870,0.036
,62.596544,559.0,2.25,1.2370,CANDIDATE,0.9920,5934.00,1.5090,0.246
,18.79852,509.0,2.04,0.7230,FALSE POSITIVE,0.0000,4808.00,0.7150,0.936
,156.51657398,367.0,61.44,0.9690,FALSE POSITIVE,0.0000,6002.00,1.0840,0.995
,1.366946478,1403.0,43.45,0.7040,FALSE POSITIVE,0.0000,5353.00,0.7570,0.869
,313.09275066,207.0,47.52,0.6510,FALSE POSITIVE,0.0000,5067.00,0.6730,0.395
,0.566813677,2269.0,0.77,1.0430,FALSE POSITIVE,0.0000,6106.00,0.9660,0.449
,157.32263943,351.0,56.66,1.0560,FALSE POSITIVE,0.0000,6109.00,0.9890,0.888
,9.53040216,805.0,60.49,0.8330,FALSE POSITIVE,,5501.00,0.9120,0.6046
,4.218512654,1189.0,16.67,1.0600,FALSE POSITIVE,0.0020,6185.00,0.9910,0.767
,8.529991199,940.0,44.86,1.0600,FALSE POSITIVE,0.0000,6185.00,0.9910,1.225
,3.47140045,,,,FALSE POSITIVE,0.0000,,,
,1.922862476,1827.0,70.65,1.0870,FALSE POSITIVE,0.0000,6408.00,1.3030,1.001
Kepler-143 b,16.00747237,838.0,2.99,0.9930,CONFIRMED,0.9980,5857.00,1.3050,0.975
Kepler-1486 b,54.6493679,538.0,2.64,1.0280,CONFIRMED,0.9660,5751.00,1.2820,0.018
Kepler-920 c,100.8276725,364.0,4.35,0.8560,CONFIRMED,1.0000,5301.00,0.9770,0.676
,15.5764061,793.0,1.79,1.1690,CANDIDATE,0.9970,6214.00,1.0760,0.565
,10.00506974,849.0,1.11,0.8840,CANDIDATE,1.0000,5912.00,0.9240,0.148
,0.905675699,1780.0,0.77,0.9810,FALSE POSITIVE,0.0000,5730.00,0.9030,0.008
,36.2580749,516.0,1.82,0.9370,CANDIDATE,0.9510,5818.00,0.8480,0.786
,12.4326997,839.0,1.88,0.9140,CANDIDATE,0.8420,5480.00,1.2290,0.212
,30.9902997,619.0,2.21,0.9140,CANDIDATE,0.9000,5480.00,1.2290,0.397
,15.9750417,1143.0,90.37,1.4430,FALSE POSITIVE,0.0000,5220.00,3.4560,1.211
Kepler-1507 b,16.0505464,630.0,0.81,0.9710,CONFIRMED,0.0000,5428.00,0.8530,0.135
,0.805267592,2165.0,1.35,1.1880,FALSE POSITIVE,0.0000,6268.00,1.1000,0.082
,11.082622625,793.0,48.38,0.9880,FALSE POSITIVE,0.0000,5831.00,0.9220,0.207
,421.42848194,335.0,54.16,1.1520,FALSE POSITIVE,0.4500,6235.00,1.7080,0.356
,1.096587245,1726.0,168.68,1.0540,FALSE POSITIVE,0.0000,5869.00,0.9420,2.623
,3.012476415,1388.0,58.77,0.9200,FALSE POSITIVE,0.0000,6015.00,1.0880,0.708
,204.74104758,404.0,97.39,1.2340,FALSE POSITIVE,0.0000,6517.00,1.4400,0.596
,0.759740194,2059.0,0.67,1.1110,FALSE POSITIVE,0.0000,6046.00,1.0070,0.497
,4.664186517,1683.0,278.81,1.5300,FALSE POSITIVE,0.0000,5062.00,3.5790,0.29
,1.092066399,1164.0,40.74,0.5660,FALSE POSITIVE,0.0000,4556.00,0.5760,0.488
,3.053578643,1035.0,35.35,0.7920,FALSE POSITIVE,0.0000,5414.00,0.7140,1.11
,2.992662857,1476.0,60.35,0.9400,FALSE POSITIVE,0.0120,4927.00,1.8370,0.001
,4.664188563,1221.0,52.09,0.8380,FALSE POSITIVE,0.0000,5699.00,1.2150,1.254
,0.954873008,2325.0,0.81,0.8810,FALSE POSITIVE,0.0000,6092.00,1.3630,0.578
,0.56493412,1458.0,33.4,0.5560,FALSE POSITIVE,0.0000,4748.00,0.5340,0.691
,1.674984844,3055.0,150.48,2.0500,FALSE POSITIVE,0.0000,8285.00,2.4510,0.731
,35.8754482,668.0,2.35,1.2350,CANDIDATE,0.9690,6559.00,1.2180,0.026
Kepler-1487 b,7.31945294,1682.0,5.05,1.8010,CONFIRMED,0.0020,5745.00,3.9550,0.112
Kepler-1487 c,35.8007112,991.0,7.97,1.8010,CONFIRMED,0.9960,5745.00,3.9550,0.043
,0.790049989,1724.0,0.67,0.8070,FALSE POSITIVE,0.0000,5427.00,0.8080,0.185
,4.32710579,2004.0,3.58,1.8010,CANDIDATE,0.9940,5745.00,3.9550,0.025
,14.15402615,495.0,29.61,0.6500,FALSE POSITIVE,0.0000,4352.00,0.6610,1.199
,33.93754213,618.0,138.25,1.0700,FALSE POSITIVE,0.0000,6220.00,1.0660,1.979
Kepler-1508 b,20.7057153,967.0,3.22,1.3380,CONFIRMED,0.9990,5668.00,2.4370,0.922
,60.532988,420.0,1.91,0.9460,CANDIDATE,0.9550,5631.00,0.8470,0.618
,3.7228679,1182.0,0.74,1.0110,FALSE POSITIVE,0.0000,6046.00,0.9270,0.8
Kepler-411 d,58.0198583,354.0,3.46,0.8220,CONFIRMED,0.9670,4920.00,0.7200,0.951
,15.0617835,794.0,1.61,1.0240,CANDIDATE,0.7330,5806.00,1.1580,0.114
,4.286103033,686.0,25.8,0.5870,FALSE POSITIVE,0.0000,4206.00,0.5910,0.544
,290.7778719,222.0,45.27,0.7560,FALSE POSITIVE,0.0000,5207.00,0.7340,0.761
,5.017239915,1229.0,41.75,1.0910,FALSE POSITIVE,0.0000,6519.00,1.0790,0.191
,0.937923475,1588.0,0.52,0.9020,FALSE POSITIVE,0.0000,5398.00,0.8050,0.515
,204.0329342,272.0,57.35,0.9030,FALSE POSITIVE,0.0000,5553.00,0.8060,0.49
,2.148219541,1009.0,49.6,0.6570,FALSE POSITIVE,0.0000,4694.00,0.6720,0.424
,58.621578824,385.0,40.43,0.6860,FALSE POSITIVE,0.0000,5232.00,0.7250,0.896
,3.125821128,2087.0,110.58,1.5050,FALSE POSITIVE,0.0000,6137.00,2.8520,1.269
,1.032068851,1221.0,44.35,0.7120,FALSE POSITIVE,0.0000,4387.00,0.7110,1.014
,6.6751871,890.0,1.09,0.9070,FALSE POSITIVE,0.0000,5774.00,0.8180,0.251
,1.450205839,2675.0,92.78,1.6210,FALSE POSITIVE,0.0000,7564.00,1.8930,1.236
,3.224486463,1456.0,79.08,1.0460,FALSE POSITIVE,0.0000,6389.00,1.1600,0.421
,44.14579777,504.0,62.24,0.9100,FALSE POSITIVE,0.0000,5876.00,0.8960,0.864
,33.3239576,416.0,2.55,0.5720,FALSE POSITIVE,0.0000,5192.00,0.5550,0.47
,17.9559673,750.0,1.96,0.9440,CANDIDATE,0.9960,5641.00,1.1950,0.979
,0.94102954,2761.0,1.41,1.2830,FALSE POSITIVE,0.4240,5766.00,2.4090,0.119
Kepler-1984 b,1.992812339,675.0,6.81,0.4500,CONFIRMED,0.3290,3638.00,0.4200,1.127
,36.514374043,546.0,33.27,1.0660,FALSE POSITIVE,0.0000,5811.00,1.0000,0.133
Kepler-1488 b,39.818832,650.0,2.23,1.0030,CONFIRMED,0.8490,5710.00,1.5240,0.6
Kepler-1509 b,25.4337864,667.0,2,1.0240,CONFIRMED,1.0000,5806.00,1.1580,0.232
,67.451045,562.0,36.7,0.9300,FALSE POSITIVE,0.0000,4847.00,2.1910,1.01
,2.69339974,1151.0,1.04,0.8800,CANDIDATE,0.9500,5355.00,0.8630,0.279
,10.43003118,906.0,1.14,1.0850,CANDIDATE,0.9720,6277.00,1.0310,0.283
,27.63714708,816.0,6.96,1.2540,CANDIDATE,1.0000,5214.00,2.4270,0.669
Kepler-1923 b,52.6095103,553.0,1.83,1.1090,CONFIRMED,0.9780,5881.00,1.2940,0.102
Kepler-967 c,198.7106251,258.0,3.56,0.8250,CONFIRMED,1.0000,5180.00,0.8000,0.026
,15.873380595,962.0,630.53,1.0560,FALSE POSITIVE,0.0000,5622.00,1.8950,3.454
,50.563697,761.0,1.57,1.5520,CANDIDATE,0.0000,6759.00,2.0220,0.779
,65.583665567,371.0,41.22,0.7210,FALSE POSITIVE,0.0000,5516.00,0.6660,0.72
,394.67816267,235.0,52.16,0.8030,FALSE POSITIVE,0.5220,5780.00,0.8300,0.708
,111.31980522,539.0,63.68,0.8870,FALSE POSITIVE,0.0000,5022.00,2.5800,0.234
,110.29512684,362.0,37.88,0.9310,FALSE POSITIVE,0.0000,5753.00,0.8950,0.248
,95.178317934,272.0,28.75,0.6410,FALSE POSITIVE,0.0000,4523.00,0.6530,0.761
Kepler-1916 b,31.2543238,635.0,2.29,1.1800,CONFIRMED,0.9700,6246.00,1.0920,0.019
,61.4911479,438.0,22.76,0.9700,FALSE POSITIVE,0.0000,5830.00,0.8760,0.681
Kepler-132 e,110.2867031,414.0,1.41,0.9290,CONFIRMED,0.8440,5931.00,1.1010,0.675
Kepler-880 c,11.8061737,1407.0,2.87,1.7140,CONFIRMED,0.9810,6900.00,2.5990,0.905
Kepler-1488 c,6.15828666,1212.0,1.2,1.0030,CONFIRMED,1.0000,5710.00,1.5240,0.595
,10.828825742,758.0,0.76,0.8650,FALSE POSITIVE,0.4690,5862.00,0.7850,0.137
Kepler-1489 b,82.292865,400.0,1.82,0.9770,CONFIRMED,0.9930,5626.00,0.9570,0.195
Kepler-1490 b,92.436978,348.0,2.89,0.8080,CONFIRMED,0.9430,5595.00,0.7410,0.943
,65.427645,453.0,1.65,0.9980,CANDIDATE,0.8640,6014.00,0.9260,0.004
,11.08260553,1108.0,7.34,0.8310,FALSE POSITIVE,0.0000,5125.00,2.1960,0.966
,22.7832776,759.0,1.33,1.1810,FALSE POSITIVE,,6517.00,1.1590,0.626
,23.737952838,620.0,53.27,0.9030,FALSE POSITIVE,0.0000,5559.00,1.0000,1.004
,21.4618453,722.0,19.89,1.0280,FALSE POSITIVE,0.0000,5806.00,1.2130,1.139
,75.13194883,359.0,26.21,0.7470,FALSE POSITIVE,0.0000,5365.00,0.7290,0.487
,369.069345,197.0,3.07,0.7690,CANDIDATE,0.0000,4855.00,0.7780,0.929
,243.82122131,365.0,56.63,1.0640,FALSE POSITIVE,0.0000,6370.00,1.3160,1.029
,0.77459856,,,,FALSE POSITIVE,0.0900,,,
,16.227548674,599.0,46.52,0.9050,FALSE POSITIVE,0.0000,5297.00,0.7950,0.795
,47.189437,484.0,66.71,0.8280,FALSE POSITIVE,,5458.00,0.9720,0.5357
,1.501760172,1905.0,90.92,1.2570,FALSE POSITIVE,0.0000,6327.00,1.2900,0.518
,4.05325447,1191.0,1668.79,1.1160,FALSE POSITIVE,0.0000,6022.00,1.0390,15.329
Kepler-968 d,7.68433346,583.0,2.58,0.5750,CONFIRMED,1.0000,4402.00,0.5720,0.951
,1.549979213,2141.0,136.64,0.9250,FALSE POSITIVE,0.0000,5408.00,2.0580,0.486
,11.16622885,725.0,1.56,0.9310,CANDIDATE,0.9710,5552.00,0.8360,0.176
,10.99381963,978.0,40.17,1.1360,FALSE POSITIVE,0.0000,6553.00,1.1570,1.274
,10.9938087,978.0,5.33,1.1360,FALSE POSITIVE,0.0000,6553.00,1.1570,0.924
,23.1334494,638.0,2.55,0.7630,CANDIDATE,0.9990,5712.00,0.9320,0.954
,8.9539656,923.0,0.84,0.9250,CANDIDATE,0.9740,6168.00,0.9470,0.656
,13.7281373,800.0,1.06,0.9250,CANDIDATE,0.9990,6168.00,0.9470,0.748
Kepler-1491 b,16.5860329,821.0,2.09,0.9910,CONFIRMED,0.9890,5626.00,1.3890,0.167
,26.83771808,658.0,12.68,1.1610,CANDIDATE,0.0000,6194.00,1.0690,0.917
Kepler-1492 b,16.7525077,801.0,3.65,0.9550,CONFIRMED,1.0000,4807.00,1.8020,0.763
,3.53105835,558.0,10.61,0.4500,CANDIDATE,0.9440,3638.00,0.4200,1.213
,49.612757516,536.0,57.08,1.0880,FALSE POSITIVE,0.0000,6241.00,1.0310,0.929
,6.32589574,901.0,1.14,0.9070,CANDIDATE,0.8510,5749.00,0.8180,0.181
,11.9378354,671.0,1.15,0.8260,CANDIDATE,0.9960,5469.00,0.7380,0.036
,32.715906,902.0,3.68,1.5740,CANDIDATE,0.9990,5527.00,3.1920,0.25
Kepler-1924 b,15.3317719,821.0,1.91,1.0180,CONFIRMED,0.7190,5726.00,1.2850,0.802
,82.331756,474.0,2.08,1.1350,CANDIDATE,0.7710,5997.00,1.2420,0.027
Kepler-1510 b,84.704139,537.0,4.17,1.2710,CONFIRMED,0.9660,6085.00,1.6340,0.01
,0.755105584,2412.0,76.26,1.2110,FALSE POSITIVE,0.0000,6592.00,1.1900,0.732
,101.26336282,435.0,44,1.0580,FALSE POSITIVE,0.0000,6309.00,1.0620,0.944
,120.58167178,291.0,41.71,0.7440,FALSE POSITIVE,0.0000,5294.00,0.6730,0.845
,1.558544209,1182.0,35.12,0.7000,FALSE POSITIVE,0.0000,4868.00,0.7080,0.507
,2.63757408,1242.0,76.02,1.0710,FALSE POSITIVE,0.0000,5639.00,0.9530,1.107
,8.64636188,1033.0,54.24,1.1280,FALSE POSITIVE,0.0000,6444.00,1.1340,0.294
,125.288206,363.0,1.5,1.0440,FALSE POSITIVE,0.0000,5881.00,0.9730,0.066
,112.46358893,692.0,129.04,1.7690,FALSE POSITIVE,0.0000,7426.00,2.4630,0.523
,27.0965146,700.0,2.13,1.0380,CANDIDATE,0.9850,5775.00,1.3520,0.769
,11.5474983,930.0,1.48,1.0380,CANDIDATE,0.9370,5775.00,1.3520,0.495
,42.39930429,542.0,44.7,1.0360,FALSE POSITIVE,0.0000,6153.00,0.9620,0.336
,83.2664103,439.0,2.89,0.9370,CANDIDATE,0.8640,5538.00,1.1800,0.029
,5.91039905,,,,FALSE POSITIVE,0.0000,,,
Kepler-1471 c,11.6044881,841.0,1.88,0.9340,CONFIRMED,0.9990,5533.00,1.1660,0.118
,27.009807384,330.0,22.32,0.5550,FALSE POSITIVE,0.0000,3900.00,0.5340,0.949
Kepler-1493 b,15.0219784,874.0,1.77,1.0110,CONFIRMED,1.0000,5831.00,1.3820,0.96
,11.8237228,703.0,1.25,0.8990,CANDIDATE,0.8930,5559.00,0.8030,0.698
Kepler-1494 b,91.078624,415.0,3.26,1.0140,CONFIRMED,1.0000,5915.00,1.0080,0.901
Kepler-1495 b,85.272459,443.0,3.85,0.9110,CONFIRMED,0.6700,5922.00,1.0570,0.965
,12.42592675,790.0,2.66,1.0570,FALSE POSITIVE,0.0000,5952.00,0.9710,0.973
,19.0689513,627.0,1.63,0.7880,CANDIDATE,1.0000,5418.00,0.8890,0.98
,89.7398137,363.0,38.01,0.8320,FALSE POSITIVE,0.0000,5777.00,0.7470,1.026
,90.08255562,666.0,49.2,1.3710,FALSE POSITIVE,0.0000,6523.00,2.3430,0.099
,0.759768478,1737.0,0.64,0.9140,FALSE POSITIVE,0.0000,5481.00,0.8150,0.583
,42.2011587,671.0,37.39,1.0430,FALSE POSITIVE,0.0000,6200.00,1.4490,1.225
,15.65129028,792.0,78.3,1.1650,FALSE POSITIVE,0.0000,6137.00,1.1030,0.507
,9.014220178,661.0,15.49,0.7290,FALSE POSITIVE,0.0000,4842.00,0.7300,0.802
,1.824653341,1680.0,55.44,0.7600,FALSE POSITIVE,0.0000,6413.00,0.9410,0.845
,3.185090259,1564.0,92.5,1.0550,FALSE POSITIVE,0.0000,6516.00,1.2790,0.465
,372.76888,242.0,3.66,0.9510,FALSE POSITIVE,0.0000,5800.00,0.8940,0.909
Kepler-968 c,5.70940795,644.0,1.51,0.5750,CONFIRMED,0.9990,4402.00,0.5720,0.751
,2.086076372,1645.0,1543.74,0.8390,FALSE POSITIVE,0.6920,6124.00,1.1190,13.376
Kepler-1471 b,3.63898953,1238.0,1.68,0.9340,CONFIRMED,0.9720,5533.00,1.1660,0.32
Kepler-1472 b,38.1303324,613.0,1.54,1.1480,CONFIRMED,1.0000,6370.00,1.1060,0.562
Kepler-1473 b,14.42735088,783.0,1.53,1.0000,CONFIRMED,0.9990,5929.00,1.0400,0.977
,6.2253374,1378.0,1.92,1.1470,CANDIDATE,0.9960,6263.00,1.7260,0.692
Kepler-1917 b,12.90235874,675.0,1.49,0.8820,CONFIRMED,0.9600,5530.00,0.7880,0.382
Kepler-1474 b,36.4337867,561.0,2.2,0.9380,CONFIRMED,0.9400,5566.00,1.0990,0.25
,58.5850357,707.0,149.98,1.2220,FALSE POSITIVE,0.0000,6379.00,1.9940,1.309
,12.5014905,952.0,2.24,1.0880,CANDIDATE,0.9690,5821.00,1.4920,0.43
,40.6511021,651.0,1.7,1.2470,CANDIDATE,0.1350,6297.00,1.3690,0.682
,89.945828,509.0,3.46,0.8910,CANDIDATE,0.5710,5115.00,1.9240,0.171
,40.1454757,1640.0,13.01,2.6970,CANDIDATE,0.3650,7852.00,7.1620,0.491
Kepler-315 c,265.47847,291.0,4.2,0.8750,CONFIRMED,0.9950,5792.00,1.0050,0.956
,1.546222068,1578.0,0.77,1.0260,FALSE POSITIVE,0.0000,5611.00,1.0730,0.503
,89.3313828,558.0,8.02,1.3500,FALSE POSITIVE,0.0000,6860.00,1.4670,0.899
,22.2941485,760.0,1.5,1.1830,FALSE POSITIVE,0.0000,5915.00,1.3920,0.709
,1.048130894,3871.0,4.52,1.7990,CANDIDATE,0.1390,7673.00,3.2140,0.216
Kepler-1925 b,46.7162336,531.0,2.03,1.0570,CONFIRMED,0.9980,5856.00,1.0920,0.266
,17.6062701,753.0,1.72,1.0380,CANDIDATE,0.9240,5808.00,1.1590,0.923
,43.56225858,624.0,80.02,1.0910,FALSE POSITIVE,0.0000,6411.00,1.2160,1.295
,198.443477,279.0,41.72,0.8740,FALSE POSITIVE,0.0000,5420.00,0.8680,1.149
,17.907664726,746.0,282.86,1.1040,FALSE POSITIVE,0.0000,6173.00,1.0410,2.79
,2.4044122,1662.0,0.85,1.0700,FALSE POSITIVE,0.0000,6398.00,1.2490,0.559
,22.77196484,835.0,104.17,1.0320,FALSE POSITIVE,0.0000,6049.00,1.5570,0.603
,184.52015392,275.0,23.38,0.7180,FALSE POSITIVE,0.0000,5341.00,0.7760,0.886
Kepler-1475 b,82.175197,441.0,2.24,1.0220,CONFIRMED,0.9670,6247.00,0.9540,0.015
,29.015852933,592.0,1183.06,0.8410,FALSE POSITIVE,0.0000,5783.00,0.9410,12.223
,77.36241476,362.0,41.66,0.8480,FALSE POSITIVE,0.0000,5359.00,0.7900,0.995
,495.71095,330.0,4.41,1.1350,FALSE POSITIVE,0.2530,6054.00,1.9530,0.718
Kepler-1476 b,10.35857039,860.0,1.68,1.0050,CONFIRMED,0.9980,5893.00,1.0200,0.074
,20.0679247,662.0,2.25,0.9910,CANDIDATE,0.7760,5997.00,0.9040,0.849
Kepler-1920 b,30.2541186,660.0,2.8,1.2390,CONFIRMED,1.0000,6277.00,1.1610,0.122
,17.081202417,585.0,39.24,0.7690,FALSE POSITIVE,0.0000,5431.00,0.7080,0.915
Kepler-1921 b,20.034708,967.0,2.24,1.2510,CONFIRMED,0.9950,6120.00,2.0000,0.193
,541.92452,144.0,3.15,0.6010,CANDIDATE,0.7400,4378.00,0.6140,0.95
Kepler-1921 c,3.15722086,1791.0,1.41,1.2510,CONFIRMED,0.9530,6120.00,2.0000,0.001
,58.7701045,508.0,1.57,0.9340,CANDIDATE,0.3930,6158.00,1.0130,0.551
,6.685438,1040.0,1.25,1.0380,CANDIDATE,0.9050,5808.00,1.1590,0.853
Kepler-1511 b,23.2385587,903.0,2.18,1.3330,CONFIRMED,0.9970,6602.00,1.6850,0.355
,8.5433774,1260.0,1.58,1.3330,CANDIDATE,0.9940,6602.00,1.6850,0.748
,118.314913,786.0,7.23,1.8110,FALSE POSITIVE,0.2300,6190.00,4.7630,0.522
Kepler-1512 b,20.35971899,276.0,0.8,0.3460,CONFIRMED,1.0000,3419.00,0.3440,0.925
,43.798566,721.0,48.52,1.2590,FALSE POSITIVE,0.0000,5611.00,2.2270,1.182
,131.73630485,413.0,54.38,0.9320,FALSE POSITIVE,0.0000,5102.00,1.6690,0.871
,4.301031137,1454.0,93.01,1.4080,FALSE POSITIVE,0.0000,6386.00,1.5480,0.79
,198.01379181,260.0,38.49,0.6730,FALSE POSITIVE,0.0000,5359.00,0.7080,0.88
,10.9938268,627.0,52.69,0.7210,FALSE POSITIVE,0.0000,4856.00,0.7430,0.471
,11.7201693,870.0,1.34,1.1270,CANDIDATE,0.5920,6193.00,1.0670,0.292
Kepler-969 c,1.682934607,1270.0,1.06,0.9480,CONFIRMED,1.0000,5201.00,0.8340,0.681
,114.90862419,259.0,42.78,0.7290,FALSE POSITIVE,0.0000,4412.00,0.7370,0.78
Kepler-1477 b,11.55532445,674.0,1.7,0.7550,CONFIRMED,1.0000,5149.00,0.8030,0.96
,11.5706005,771.0,1.33,0.8900,CANDIDATE,0.9370,5718.00,0.9000,0.416
,16.2953228,773.0,1.6,1.0070,CANDIDATE,0.9990,6187.00,1.0130,0.587
,8.5073512,891.0,1.38,1.0110,CANDIDATE,0.9770,5914.00,0.9550,0.223
Kepler-1478 b,26.0841212,598.0,1.35,0.9330,CONFIRMED,0.9960,6083.00,0.8350,0.092
,52.802767576,472.0,75.82,0.9180,FALSE POSITIVE,0.0000,5835.00,0.9010,1.473
,39.206808648,516.0,50.2,0.9500,FALSE POSITIVE,0.0000,5945.00,0.8610,0.81
Kepler-1496 b,64.6589166,535.0,2.12,1.0540,CONFIRMED,0.9880,5821.00,1.3950,0.083
,15.8283833,758.0,1.8,0.9500,CANDIDATE,0.8920,5596.00,1.1450,0.623
,27.6760342,951.0,5.15,1.0510,FALSE POSITIVE,0.0000,5123.00,3.2240,0.071
Kepler-1497 b,8.74192361,924.0,1.94,0.9500,CONFIRMED,0.9930,5596.00,1.1450,0.025
,26.936878,617.0,1.57,1.0030,FALSE POSITIVE,,5878.00,0.9980,0.2807
,53.34418038,,,,FALSE POSITIVE,,,,
,12.4281308,715.0,0.85,0.8190,FALSE POSITIVE,0.0000,5940.00,0.7290,0.33
Kepler-953 c,9.10969334,873.0,1.32,1.0260,CONFIRMED,0.9910,5611.00,1.0730,0.761
,0.96283264,1686.0,0.74,0.8110,FALSE POSITIVE,,5955.00,0.7330,0.4963
Kepler-1927 b,73.7502765,677.0,3.78,1.4080,CONFIRMED,0.9300,6056.00,2.4810,0.127
,4.7482669,1690.0,1.57,1.4080,CANDIDATE,0.9790,6056.00,2.4810,0.673
,210.30644361,525.0,101.13,1.6650,FALSE POSITIVE,0.0000,7591.00,2.0170,1.155
,8.268081087,863.0,50.31,0.9870,FALSE POSITIVE,0.0000,5749.00,0.9220,1.099
,3.564614021,1187.0,46,0.8180,FALSE POSITIVE,0.0000,5891.00,0.8920,0.989
,533.47707,315.0,2.6,0.9640,FALSE POSITIVE,0.0000,6077.00,1.7590,0.418
,5.877122413,1061.0,45.95,0.8390,FALSE POSITIVE,0.0000,5778.00,1.0430,1.238
,1.036592635,4194.0,463.05,1.5220,FALSE POSITIVE,0.0000,4884.00,8.7470,0.898
,10.10404351,752.0,4.05,0.8760,CANDIDATE,1.0000,5530.00,0.8310,0.951
,91.4999978,335.0,21.86,0.8160,FALSE POSITIVE,0.0000,5263.00,0.7740,0.736
Kepler-1696 b,65.9407869,454.0,2.33,1.0470,CONFIRMED,0.4840,5982.00,0.9600,0.332
,406.45737,278.0,1.96,1.0950,FALSE POSITIVE,0.1980,6217.00,1.1410,0.428
,30.47639859,542.0,43.01,0.8740,FALSE POSITIVE,0.0000,5913.00,0.7870,0.92
Kepler-1479 b,14.53260546,746.0,1.69,1.0190,CONFIRMED,0.9970,6003.00,0.9320,0.112
Kepler-937 c,153.348739,377.0,2.14,0.9640,CONFIRMED,0.9920,6127.00,1.0800,0.261
,13.9248005,588.0,0.9,0.7180,CANDIDATE,0.7290,5271.00,0.6480,0.021
,19.6001405,676.0,2.08,1.0190,CANDIDATE,0.0000,6003.00,0.9320,0.971
,361.526458,410.0,5.7,1.5620,FALSE POSITIVE,0.1690,7196.00,1.9230,0.971
Kepler-1498 b,48.0506878,564.0,2.36,0.9320,CONFIRMED,0.9960,5332.00,1.4530,0.186
,34.08429351,506.0,36.05,0.8300,CANDIDATE,0.9990,5252.00,0.9220,1.28
,9.44942628,1192.0,75.22,1.2650,FALSE POSITIVE,0.0000,5092.00,2.6640,1.217
,0.933489066,1979.0,48.01,0.8690,FALSE POSITIVE,0.0000,5758.00,1.0840,1.243
,1.908525084,3191.0,3.74,2.2940,FALSE POSITIVE,0.0000,9174.00,2.4710,0.015
,0.798467681,1718.0,0.82,0.7060,FALSE POSITIVE,0.0200,5575.00,0.7330,0.331
,0.867721348,2089.0,67,0.9110,FALSE POSITIVE,0.0000,5510.00,1.2760,0.987
,161.252567,318.0,5.04,0.9100,FALSE POSITIVE,0.0000,5985.00,0.8110,0.869
Kepler-1526 b,3.90863457,787.0,1.86,0.6390,CONFIRMED,1.0000,4518.00,0.6530,0.111
Kepler-359 d,77.086191,464.0,29.77,1.1070,CONFIRMED,0.7830,6228.00,1.0490,1.227
,1.673662758,1729.0,23.42,1.0940,FALSE POSITIVE,0.0000,6444.00,1.0530,1.186
,5.93717724,1005.0,594.32,1.0000,FALSE POSITIVE,0.0000,5780.00,1.0000,6.282
,3.89043062,1106.0,1.24,0.8250,FALSE POSITIVE,0.0000,5646.00,0.8960,0.025
,16.8282542,668.0,2.66,1.0800,FALSE POSITIVE,,5575.00,0.9720,0.7071
,2.489549075,1708.0,59.57,0.9910,FALSE POSITIVE,0.0000,6184.00,1.4060,1.33
Kepler-342 e,1.644221032,1897.0,1.18,1.2470,CONFIRMED,1.0000,6297.00,1.3690,0.942
,4.469731089,1614.0,84.63,1.2580,FALSE POSITIVE,0.0000,5758.00,2.3180,1.268
,1.731803197,1526.0,22.87,1.0310,FALSE POSITIVE,0.0070,5761.00,1.0290,0.63
,2.64830047,3042.0,126.54,1.8080,FALSE POSITIVE,0.0000,4839.00,9.2780,0.873
Kepler-348 c,17.2653659,888.0,1.16,1.2590,CONFIRMED,0.9470,6388.00,1.4020,0.007
,3.486318703,1201.0,54.53,1.0000,FALSE POSITIVE,0.0000,5780.00,1.0000,1.138
,1.705780649,1101.0,25.95,0.5890,FALSE POSITIVE,0.0000,4970.00,0.5910,1.231
,7.45306683,932.0,1044.28,1.0000,FALSE POSITIVE,0.0000,5780.00,1.0000,10.337
,2.929299629,1272.0,51.67,1.0000,FALSE POSITIVE,0.0000,5780.00,1.0000,1.025
,5.50811352,778.0,34.03,0.6890,FALSE POSITIVE,0.0000,5188.00,0.6240,1.215
,0.569115097,3357.0,156.15,1.4300,FALSE POSITIVE,0.0000,7174.00,1.7050,0.444
,2.529073751,1137.0,25.8,0.8570,FALSE POSITIVE,0.0000,5465.00,0.7660,1.263
,202.1168173,286.0,5.8,0.9640,CANDIDATE,1.0000,5536.00,0.9170,0.906
,0.916326699,1917.0,50.7,1.0530,FALSE POSITIVE,0.0000,6046.00,0.9720,0.988
Kepler-154 b,33.0405509,561.0,2.36,0.8950,CONFIRMED,0.8840,5688.00,0.9710,0.431
,1.306723495,1170.0,27.42,0.6440,FALSE POSITIVE,0.0000,4651.00,0.6570,1.229
,0.7967202,1964.0,56.89,1.0000,FALSE POSITIVE,0.0000,5780.00,1.0000,0.839
,359.102042,290.0,28.76,1.1510,FALSE POSITIVE,0.0000,6355.00,1.1080,1.201
Kepler-1527 b,160.130899,450.0,6.67,1.2830,CONFIRMED,0.9980,6092.00,1.7590,0.791
,2.69634575,1287.0,1.46,0.8710,FALSE POSITIVE,0.0000,5418.00,1.0510,0.54
,2.553924603,1352.0,32.67,1.0930,FALSE POSITIVE,0.0000,5993.00,0.9860,1.258
,8.487871809,798.0,46.24,0.9640,FALSE POSITIVE,0.0000,5553.00,0.8550,0.941
,5.50817321,768.0,39.18,0.6960,FALSE POSITIVE,0.0000,5051.00,0.6440,0.739
,6.142812722,994.0,31.9,1.0000,FALSE POSITIVE,0.0000,5780.00,1.0000,0.477
,175.06586091,312.0,40.63,0.9220,FALSE POSITIVE,0.0000,6021.00,0.8190,1.149
,20.8392148,584.0,51.9,0.7410,FALSE POSITIVE,0.0000,5378.00,0.8120,0.894
,9.50158045,860.0,73.07,1.0000,FALSE POSITIVE,0.0000,5780.00,1.0000,0.444
,19.226055,513.0,3.52,0.6870,FALSE POSITIVE,,5193.00,0.6210,0.2579
,2.050435466,1278.0,34.84,0.7790,FALSE POSITIVE,0.0000,5440.00,0.8250,1.275
,10.72725536,307.0,12.85,0.2670,CANDIDATE,0.0000,3324.00,0.2680,1.056
,1.507101452,1573.0,39.32,0.7940,FALSE POSITIVE,0.0000,5884.00,0.8760,1.246
,1.274841686,2025.0,63.68,1.0550,FALSE POSITIVE,0.0000,6211.00,1.2810,1.128
Kepler-1073 c,4.02582434,1169.0,1.79,0.9240,CONFIRMED,0.9860,5509.00,1.1160,0.017
,2.845746618,1667.0,135.99,1.0210,FALSE POSITIVE,0.0000,5641.00,1.7760,0.126
,2.30120705,1254.0,28.64,0.9440,FALSE POSITIVE,0.0000,5641.00,0.8500,1.262
,337.377514,271.0,37.23,1.0250,FALSE POSITIVE,,6029.00,0.9980,1.245
,389.28075044,,,,FALSE POSITIVE,,,,
,8.58965725,828.0,27.86,1.0040,FALSE POSITIVE,0.0000,5697.00,0.8920,1.249
,2.508116,3662.0,12.28,0.7630,CANDIDATE,0.9800,5096.00,8.7690,0.472
,8.56751264,972.0,23.05,1.0600,FALSE POSITIVE,0.0000,6212.00,1.0540,1.182
,1.061934313,1104.0,15.14,0.5520,FALSE POSITIVE,0.0000,4304.00,0.5660,1.218
,2.406574511,1481.0,26.22,1.2000,FALSE POSITIVE,0.0000,6167.00,1.1070,1.187
,28.64338839,871.0,5.82,1.1450,FALSE POSITIVE,1.0000,6507.00,1.7670,0.968
,96.231257,965.0,29.26,1.5630,FALSE POSITIVE,0.1330,4895.00,9.5290,0.442
,30.5528701,685.0,63.57,1.1520,FALSE POSITIVE,0.0000,6441.00,1.1650,1.134
Kepler-342 c,26.2347447,754.0,2.76,1.2470,CONFIRMED,0.9930,6297.00,1.3690,0.985
Kepler-1513 b,160.88451966,346.0,9.09,0.8180,CONFIRMED,1.0000,5650.00,1.0440,0.284
,4.04506346,1143.0,67.94,1.0000,FALSE POSITIVE,0.0000,5780.00,1.0000,0.529
Kepler-1657 b,141.2415405,352.0,11.49,0.9410,CONFIRMED,0.9990,5705.00,1.0170,0.12
Kepler-1514 b,217.83184293,343.0,11.17,1.2100,CONFIRMED,0.8600,6259.00,1.1670,0.004
,16.0988294,705.0,1.14,0.7620,CANDIDATE,0.9950,5657.00,0.9110,0.017
,1.433262145,1769.0,5.67,0.8640,FALSE POSITIVE,0.0000,5977.00,1.0680,0.933
,0.782046543,1372.0,43.07,0.5840,FALSE POSITIVE,0.0000,4768.00,0.5910,0.633
,5.663604992,1021.0,54.55,1.0000,FALSE POSITIVE,0.0000,5780.00,1.0000,0.785
,18.076610347,533.0,39.16,0.7550,FALSE POSITIVE,0.0000,4848.00,0.7640,1.074
,6.47173281,1338.0,13.68,1.2420,FALSE POSITIVE,0.0000,6318.00,1.6850,0.267
,1.031100362,1584.0,27.35,0.8410,FALSE POSITIVE,0.0000,5666.00,0.7520,0.293
,0.597933142,2161.0,63.46,1.0000,FALSE POSITIVE,0.0000,5780.00,1.0000,0.634
,5.36652724,982.0,7.97,0.9400,FALSE POSITIVE,0.0000,5858.00,0.8490,0.985
,1.540392098,1210.0,17.63,0.7000,FALSE POSITIVE,0.0000,4911.00,0.7240,1.184
Kepler-1521 b,47.1484324,391.0,2.58,0.7460,CONFIRMED,0.9950,4975.00,0.7340,0.668
Kepler-1073 d,2.50475282,1369.0,1.48,0.9240,CONFIRMED,1.0000,5509.00,1.1160,0.13
Kepler-1929 b,59.3627946,566.0,2.23,1.0060,CONFIRMED,0.6180,5786.00,1.4710,0.001
,247.891041,367.0,4.74,1.2570,CANDIDATE,0.9700,6121.00,1.5360,0.002
,2.199076661,1179.0,21.72,0.8380,FALSE POSITIVE,0.0000,5310.00,0.7910,1.22
Kepler-1528 b,1.79110997,1549.0,1.29,1.0700,CONFIRMED,1.0000,6040.00,0.9990,0.028
,7.77241144,938.0,1.69,1.1010,FALSE POSITIVE,0.0010,6014.00,0.9930,0.317
,1.99469354,758.0,0.46,0.5180,CANDIDATE,0.6020,3799.00,0.5100,0.643
Kepler-1514 c,10.51421162,943.0,1.25,1.2100,CONFIRMED,0.9940,6259.00,1.1670,0.877
,11.344347453,810.0,62.52,1.0000,FALSE POSITIVE,0.0000,5780.00,1.0000,0.692
Kepler-1515 b,214.3120439,380.0,9.17,1.3030,CONFIRMED,1.0000,6471.00,1.3570,0.016
,0.876826336,2042.0,37.24,1.0240,FALSE POSITIVE,0.0270,6344.00,0.9620,0.481
,208.86909724,316.0,29.95,0.9380,FALSE POSITIVE,0.0000,5914.00,0.9870,1.056
Kepler-1516 b,7.2593226,967.0,1.57,0.9380,CONFIRMED,1.0000,5914.00,0.9870,0.366
,1.98663794,3234.0,134.5,2.3490,FALSE POSITIVE,0.0000,9191.00,2.6190,1.105
,13.54208867,727.0,26.65,0.7980,FALSE POSITIVE,0.0000,5496.00,0.9270,0.985
,7.549303633,794.0,34.45,0.9310,FALSE POSITIVE,0.0000,5402.00,0.8150,1.253
,0.77544539,1883.0,35.53,0.9570,FALSE POSITIVE,0.0000,5861.00,0.8650,1.272
,164.950399,252.0,11.23,0.6450,CANDIDATE,0.0000,5001.00,0.6640,0.724
,308.255238,576.0,18.98,1.7420,FALSE POSITIVE,0.0000,4852.00,7.7970,0.018
,3.46724809,841.0,2.52,0.5560,FALSE POSITIVE,0.0000,4969.00,0.5430,0.953
,7.4413445,1136.0,43.5,1.0660,FALSE POSITIVE,0.0000,6540.00,1.1830,1.286
,4.618309224,947.0,25.43,0.9100,FALSE POSITIVE,0.0000,5452.00,0.8150,1.247
,0.677761275,1906.0,22.15,0.9500,FALSE POSITIVE,0.0000,5699.00,0.8530,1.205
,2.845739012,1294.0,44.7,1.0470,FALSE POSITIVE,0.0000,5982.00,0.9600,1.213
,175.358905,420.0,2.9,0.8500,FALSE POSITIVE,0.3580,5109.00,2.0200,0.034
,0.582895412,2347.0,5.87,1.0680,CANDIDATE,1.0000,6263.00,1.0090,1.011
,0.496069986,6285.0,10,0.7630,CANDIDATE,0.9940,5096.00,8.7690,0.269
,12.42618005,551.0,3.48,0.7100,FALSE POSITIVE,0.0000,4624.00,0.6840,0.935
,2.189090653,1185.0,23.25,0.8710,FALSE POSITIVE,0.0000,5401.00,0.7770,1.238
Kepler-1529 b,5.33905606,817.0,1.9,0.6760,CONFIRMED,1.0000,5057.00,0.7040,0.02
,1.99492332,1451.0,0.94,1.0830,FALSE POSITIVE,0.0000,5957.00,0.9710,0.772
Kepler-343 c,23.2218115,746.0,2.42,1.0540,CONFIRMED,0.9920,5808.00,1.3740,0.913
,3.351573993,1282.0,24.15,0.9950,FALSE POSITIVE,0.0150,5984.00,1.0330,0.011
,8.097050622,891.0,24.01,0.7710,FALSE POSITIVE,0.0000,5753.00,0.8940,0.592
,2.119107262,1851.0,77.23,1.0550,FALSE POSITIVE,0.0000,6381.00,1.4230,0.933
,5.24088367,1320.0,12.74,1.0790,CANDIDATE,1.0000,6452.00,1.3050,0.65
,0.887691177,2709.0,1.53,1.3480,FALSE POSITIVE,0.0000,5500.00,2.4910,0.419
Kepler-351 d,142.545,318.0,2.52,0.9100,CONFIRMED,0.9850,5642.00,0.8460,0.015
Kepler-1519 b,240.7990472,342.0,10.31,1.0290,CONFIRMED,0.9990,5758.00,1.3850,0.647
,0.888584158,1211.0,43.7,0.6040,FALSE POSITIVE,0.0000,4324.00,0.6160,0.453
,0.865959015,1162.0,144.5,0.4920,FALSE POSITIVE,0.0000,4561.00,0.4690,3.068
,0.594276199,1564.0,266.99,0.6500,FALSE POSITIVE,,4756.00,0.6670,4.038
,1.527491117,988.0,27.85,0.5810,FALSE POSITIVE,0.0000,4273.00,0.5950,1.164
,0.566814046,2039.0,0.56,0.8450,FALSE POSITIVE,0.0000,5724.00,0.8270,0.633
,0.61496383,1460.0,44.79,0.6560,FALSE POSITIVE,0.0000,4509.00,0.6630,0.506
,161.253747,295.0,4.98,0.8800,FALSE POSITIVE,0.0000,5570.00,0.8030,0.912
,2.974163938,1266.0,34.74,1.0000,FALSE POSITIVE,0.0000,5780.00,1.0000,0.736
,15.84131693,2252.0,670.04,3.5460,FALSE POSITIVE,0.0000,4993.00,19.6950,1.247
,6.13074243,916.0,1.26,0.9100,CANDIDATE,,5741.00,0.8330,0.9407
Kepler-1530 d,9.2075634,972.0,5.5,1.0150,CONFIRMED,1.0000,5678.00,1.3030,0.898
Kepler-1530 b,2.5903958,1484.0,2.55,1.0150,CONFIRMED,1.0000,5678.00,1.3030,0.725
Kepler-1530 c,5.3235335,1167.0,2.69,1.0150,CONFIRMED,0.9990,5678.00,1.3030,0.804
,0.831741499,2198.0,41.62,1.2130,FALSE POSITIVE,0.0000,6343.00,1.1400,1.298
,4.44737112,1068.0,2.06,0.8460,FALSE POSITIVE,0.0000,5472.00,0.9810,0.978
,12.893018017,1004.0,62.52,1.0860,FALSE POSITIVE,0.0000,6387.00,1.4080,1.241
,5.44085762,892.0,0.97,0.8270,CANDIDATE,1.0000,5519.00,0.7620,0.735
,4.532416322,1328.0,62.25,1.1480,FALSE POSITIVE,0.0000,6306.00,1.2810,1.183
,2.26631937,,,,FALSE POSITIVE,,,,
,1.160153553,2183.0,60.47,1.0090,FALSE POSITIVE,0.8130,6200.00,1.3820,1.258
,4.032760214,2582.0,378.61,2.5720,FALSE POSITIVE,0.0000,4969.00,9.4330,1.224
,3.723552982,1176.0,18.83,0.9340,FALSE POSITIVE,0.0240,6063.00,0.8900,0.629
,6.714247798,809.0,14.78,0.7520,CANDIDATE,0.0000,5159.00,0.8000,0.557
,2.21396079,1123.0,0.87,0.7900,FALSE POSITIVE,0.0000,4922.00,0.8230,0.143
,11.35501209,534.0,8,0.5600,FALSE POSITIVE,0.0000,4594.00,0.5670,0.473
,1.195515251,1959.0,49.33,0.9090,FALSE POSITIVE,0.0000,6040.00,1.1550,1.281
,2.60720833,1561.0,7.31,1.2570,CANDIDATE,1.0000,6366.00,1.2360,0.644
,5.80184753,989.0,14,0.8260,FALSE POSITIVE,1.0000,5687.00,0.9210,0.478
,2.38404983,1363.0,66.14,1.0000,FALSE POSITIVE,0.0000,5780.00,1.0000,0.611
,5.24078259,1080.0,24.73,0.9760,FALSE POSITIVE,0.0000,6192.00,0.9170,1.223
,5.26641416,1421.0,2.62,1.1420,FALSE POSITIVE,0.0000,6338.00,1.6020,0.774
Kepler-1522 b,1.847892736,1374.0,1.51,0.9370,CONFIRMED,1.0000,5763.00,0.8420,0.036
,0.604358764,997.0,23.28,0.4390,FALSE POSITIVE,0.9550,3569.00,0.4270,1.197
,11.3775281,1177.0,82.26,1.4590,FALSE POSITIVE,0.0000,6943.00,1.6600,1.415
,0.7981968,1963.0,62.38,1.0000,FALSE POSITIVE,0.0000,5780.00,1.0000,0.67
,0.695954898,2740.0,2.58,1.3030,FALSE POSITIVE,0.0000,6737.00,1.4250,0.103
,0.948951607,1853.0,115.31,1.0000,FALSE POSITIVE,0.0000,5780.00,1.0000,0.959
,19.37070781,1180.0,108.54,1.7830,FALSE POSITIVE,0.0000,5321.00,4.3350,1.2
,14.46993942,1713.0,85.84,1.5490,FALSE POSITIVE,0.0000,4735.00,9.0430,1.027
,1.278555003,1515.0,5.19,0.8990,FALSE POSITIVE,0.0000,5636.00,0.8270,0.979
Kepler-1031 b,1.226223959,2024.0,1,0.9200,CONFIRMED,1.0000,5855.00,1.3400,0.005
,2.244600029,1190.0,27.47,0.7450,FALSE POSITIVE,0.0000,5256.00,0.8020,1.185
,181.8521773,333.0,46.38,1.1170,FALSE POSITIVE,0.0000,6063.00,1.0120,1.189
,223.1127475,332.0,46.33,0.9930,FALSE POSITIVE,0.0000,6211.00,1.0560,1.266
,15.64064161,921.0,77.18,1.3130,FALSE POSITIVE,0.0000,6517.00,1.3740,0.522
Kepler-352 d,6.8873113,788.0,0.72,0.7960,CONFIRMED,0.9990,5208.00,0.7720,0.489
,1.103978,,,,FALSE POSITIVE,0.0000,,,
,43.8496474,1286.0,21.42,1.7250,FALSE POSITIVE,0.1130,4893.00,10.3630,0.02
,0.752158047,2869.0,106.66,1.2550,FALSE POSITIVE,0.0000,5770.00,2.2210,1.157
,3.796488133,1233.0,40.83,1.0860,FALSE POSITIVE,0.0000,6137.00,1.0180,1.306
,17.7476059,1998.0,146.63,2.9220,CANDIDATE,0.0000,8992.00,4.8320,1.25
,1.233076007,1513.0,31.39,0.9130,FALSE POSITIVE,0.0000,5602.00,0.8170,1.312
,21.5135234,1006.0,534.47,1.2940,FALSE POSITIVE,0.0000,5088.00,3.3180,2.441
,19.4444573,749.0,1.53,1.1320,FALSE POSITIVE,0.0020,6278.00,1.0810,0.634
,1.1910489,1348.0,22.76,0.6660,FALSE POSITIVE,0.0000,5089.00,0.6930,1.257
,0.546248198,2227.0,54.23,1.0000,FALSE POSITIVE,0.0000,5780.00,1.0000,0.946
,2.18565886,1087.0,0.44,0.8060,CANDIDATE,0.6910,4997.00,0.7460,0.394
,1.811966339,2573.0,95.19,1.6350,FALSE POSITIVE,0.9980,5904.00,3.3480,1.24
,66.1539783,468.0,9.69,1.0770,FALSE POSITIVE,0.0000,6077.00,0.9990,0.873
,158.3226379,211.0,25.41,0.5570,FALSE POSITIVE,0.0000,4340.00,0.5720,1.323
Kepler-154 e,3.93276627,1140.0,1.5,0.8950,CONFIRMED,1.0000,5688.00,0.9710,0.37
Kepler-1090 b,198.680859,297.0,2.79,0.8690,CONFIRMED,0.9980,5330.00,1.0130,0.746
,1.592634161,2255.0,100.2,1.3170,FALSE POSITIVE,0.0000,6574.00,1.7680,0.877
,3.31577795,1104.0,27.77,0.8640,FALSE POSITIVE,0.0090,5528.00,0.8490,0.633
,2.990252395,1264.0,89.85,1.0000,FALSE POSITIVE,0.0000,5780.00,1.0000,1.117
,2.08043378,1629.0,510.48,1.1470,FALSE POSITIVE,0.0000,6377.00,1.1190,5.106
,4.944046127,1069.0,54.29,1.0000,FALSE POSITIVE,0.0000,5780.00,1.0000,0.964
,4.464565251,1024.0,43.21,0.9490,FALSE POSITIVE,0.0000,5743.00,0.8530,1.046
,1.523298835,1404.0,38.95,0.8040,FALSE POSITIVE,0.0000,5311.00,0.8660,0.41
,3.539631353,2214.0,39.34,1.4470,FALSE POSITIVE,0.0000,7021.00,2.6290,1.091
,6.195861785,883.0,215.89,0.9090,FALSE POSITIVE,0.0000,5608.00,0.8130,3.38
,0.566805514,1920.0,0.82,0.8420,FALSE POSITIVE,0.0000,5115.00,0.9170,0.027
,27.961084,796.0,21.5,1.2040,FALSE POSITIVE,0.0000,6770.00,1.3610,1.02
,186.5168116,452.0,37.5,1.4210,FALSE POSITIVE,0.0000,5018.00,2.9900,0.972
,197.1455327,498.0,72.16,1.6900,FALSE POSITIVE,0.5210,7214.00,1.9350,1.251
,0.532087933,2247.0,74.83,1.0000,FALSE POSITIVE,0.0000,5780.00,1.0000,0.279
,3.204222652,979.0,23.55,0.8250,FALSE POSITIVE,0.0000,5139.00,0.7410,1.258
,0.687898282,2062.0,55.58,1.0000,FALSE POSITIVE,0.0000,5780.00,1.0000,0.337
,2.178154774,1180.0,19.46,0.7850,FALSE POSITIVE,0.0000,5515.00,0.7120,1.223
,0.99466172,1898.0,31.84,0.8160,FALSE POSITIVE,0.0000,5750.00,1.0210,1.244
,359.00688,237.0,28.57,0.8730,FALSE POSITIVE,0.0000,5715.00,0.8340,1.263
Kepler-1531 b,1.138548215,2537.0,1.45,1.0940,CONFIRMED,0.9970,6520.00,1.7130,0.545
,121.0598037,1792.0,1680.99,1.6960,FALSE POSITIVE,0.0000,3942.00,60.6880,1.2
,0.721335207,2162.0,0.54,1.0120,FALSE POSITIVE,0.0000,6328.00,0.9480,0.103
,3.28274272,1136.0,1.85,0.8370,FALSE POSITIVE,0.0000,5741.00,0.8200,0.967
,1.231361934,1839.0,2.93,0.9000,FALSE POSITIVE,0.0000,6095.00,1.0160,0.972
Kepler-1093 c,89.7224125,508.0,2.21,1.0110,CONFIRMED,0.9770,6429.00,1.2620,0.742
Kepler-1038 c,7.12766417,784.0,1.21,0.8680,CONFIRMED,0.9890,5159.00,0.8210,0.125
,2.080431782,2719.0,345.7,1.7900,FALSE POSITIVE,0.0000,8344.00,2.1150,0.771
,3.52364689,1330.0,0.94,1.1060,CANDIDATE,0.9740,6269.00,1.0850,0.004
,1.157804607,2255.0,118.11,1.2280,FALSE POSITIVE,0.0000,6510.00,1.4250,0.26
,19.979098,739.0,22.98,0.9150,FALSE POSITIVE,0.0000,5907.00,1.1260,0.576
,1.433262401,2691.0,136.47,1.4420,FALSE POSITIVE,0.0000,7311.00,1.9590,0.382
,23.8706941,711.0,49.6,1.0070,FALSE POSITIVE,0.0000,6022.00,1.1660,1.293
,4.78850084,889.0,0.63,0.7960,CANDIDATE,0.8630,5208.00,0.7720,0.343
,0.566769068,2661.0,1.06,0.8530,FALSE POSITIVE,0.0000,5496.00,1.5330,0.773
,6.2820426,2021.0,23.76,1.7050,FALSE POSITIVE,0.0000,6635.00,3.7980,0.989
,0.97430309,1643.0,37.62,0.8700,FALSE POSITIVE,0.0000,5688.00,0.7860,1.169
,141.73403059,329.0,10.3,0.9240,CANDIDATE,0.0000,5606.00,0.9180,0.912
,119.686505,341.0,23,0.8730,FALSE POSITIVE,0.0000,5715.00,0.8340,1.221
,53.556625,1076.0,26.31,2.0820,FALSE POSITIVE,0.0000,7643.00,3.6180,0.879
,433.220461,203.0,2.07,0.7270,CANDIDATE,0.3230,5232.00,0.7770,0.178
Kepler-1698 b,1.210693626,1351.0,0.99,0.7560,CONFIRMED,1.0000,5014.00,0.7560,0.597
Kepler-2001 b,1.090011003,1402.0,1.04,0.8640,CONFIRMED,0.9980,5081.00,0.7700,0.531
,18.2572722,547.0,0.94,0.7560,CANDIDATE,0.9990,5014.00,0.7560,0.412
Kepler-332 d,34.2115022,427.0,1.15,0.7740,CONFIRMED,0.9980,4955.00,0.7210,0.034
,7.061149921,842.0,43.71,0.8520,FALSE POSITIVE,0.0000,5585.00,0.7980,0.912
,2.682767439,1310.0,70.67,1.0000,FALSE POSITIVE,0.0000,5780.00,1.0000,0.509
,3.711012492,1310.0,46.24,1.0510,FALSE POSITIVE,0.0000,6141.00,1.1170,1.272
,1.780982447,1502.0,60.45,1.0000,FALSE POSITIVE,0.0000,5780.00,1.0000,0.002
,1.815632406,3429.0,108.78,2.4850,FALSE POSITIVE,0.0000,9954.00,2.4080,1.04
,205.5833309,323.0,42.69,1.0000,FALSE POSITIVE,0.0000,6328.00,0.9150,1.215
,4.309067482,882.0,101.41,0.7610,FALSE POSITIVE,0.0000,4897.00,0.7890,1.993
,36.4721523,527.0,0.7,0.9900,FALSE POSITIVE,0.0000,5853.00,0.8950,0.738
,111.0396205,335.0,8.6,0.7100,FALSE POSITIVE,0.0000,5470.00,0.7770,0.851
,3.187087241,4037.0,928.96,2.7990,FALSE POSITIVE,0.0010,4599.00,23.6730,0.665
,1.023470248,1807.0,100.39,1.0000,FALSE POSITIVE,0.0000,5780.00,1.0000,1.409
,0.875267982,1910.0,39.19,0.7420,FALSE POSITIVE,0.0000,5821.00,0.8980,1.258
,5.55260695,6436.0,2674.69,0.9350,FALSE POSITIVE,0.0000,3306.00,116.9650,1.174
,2.347479696,1502.0,60.5,0.9530,FALSE POSITIVE,0.0000,5891.00,1.1380,1.051
,1.13353095,2006.0,0.49,1.0460,FALSE POSITIVE,0.0000,6318.00,1.1210,0.117
,0.890745373,1892.0,36.92,1.0000,FALSE POSITIVE,0.0050,5780.00,1.0000,0.599
Kepler-460 b,440.7843755,308.0,7.23,1.0310,CONFIRMED,0.0000,6340.00,1.3930,0.424
,2.723858181,900.0,7.13,0.7280,FALSE POSITIVE,0.0000,4416.00,0.7330,0.913
,0.635441862,2118.0,56.3,1.0000,FALSE POSITIVE,0.0000,5780.00,1.0000,0.872
,3.255189932,1390.0,1.39,0.9770,FALSE POSITIVE,0.0000,5807.00,1.2560,0.447
,2.531140101,1100.0,32.12,0.8400,FALSE POSITIVE,0.0000,5325.00,0.7500,1.249
Kepler-1523 b,0.938750221,1676.0,1.46,0.9640,CONFIRMED,1.0000,5497.00,0.8860,0.013
,2.992704682,2328.0,7.86,1.7550,FALSE POSITIVE,0.0000,5908.00,3.9150,0.647
,6.12810722,1513.0,39.52,1.4600,FALSE POSITIVE,0.0000,7245.00,1.6670,1.159
,2.115511511,897.0,36.16,0.6560,FALSE POSITIVE,0.0000,4188.00,0.6610,1.278
,2.446736567,1351.0,71.52,1.0000,FALSE POSITIVE,0.0000,5780.00,1.0000,0.477
,21.3779536,1062.0,173.18,0.8830,FALSE POSITIVE,0.0000,4905.00,3.4840,0
,4.350460215,1472.0,533.08,1.1850,FALSE POSITIVE,0.0000,6585.00,1.4160,4.203
,22.77194512,1254.0,251.93,0.8120,FALSE POSITIVE,0.0000,5073.00,4.6100,1.263
Kepler-335 c,67.844689,592.0,2.65,1.2120,CONFIRMED,0.8080,5878.00,1.8120,0.368
Kepler-347 c,27.3214242,705.0,3.61,1.0000,CONFIRMED,1.0000,5592.00,1.4510,0.983
,9.84883968,1134.0,63.42,1.1980,FALSE POSITIVE,0.0000,6938.00,1.3100,1.25
,10.23335969,,,,FALSE POSITIVE,0.0000,,,
,227.6625222,319.0,44.24,0.9590,FALSE POSITIVE,0.0000,6124.00,1.0070,1.25
,1.06100873,1568.0,9.14,0.8550,FALSE POSITIVE,0.0000,5080.00,0.9470,0.882
,0.623393802,1379.0,28.21,0.6320,FALSE POSITIVE,0.0000,4330.00,0.6390,1.137
Kepler-1520 b,0.65355361,1437.0,22.95,0.6660,CONFIRMED,0.7610,4550.00,0.6600,1.226
Kepler-1065 c,2.3702932,1256.0,1.29,0.9630,CONFIRMED,1.0000,5668.00,0.8680,0.003
,0.566793534,14667.0,122.64,1.2910,FALSE POSITIVE,0.0000,3420.00,138.0560,0.06
,1.873380717,1669.0,89.79,0.9600,FALSE POSITIVE,0.0000,5992.00,1.1710,0.27
,1.87337894,2925.0,51.11,0.9490,FALSE POSITIVE,0.0000,4740.00,5.7210,0.883
,7.50023955,901.0,21.06,1.0140,FALSE POSITIVE,0.0000,5849.00,0.9190,1.194
,23.6270348,560.0,21.71,0.8050,FALSE POSITIVE,0.0000,5305.00,0.8570,1.096
,0.716709897,3124.0,66.73,0.8110,FALSE POSITIVE,0.0000,5173.00,2.7420,1.182
,2.248063246,1566.0,30.38,1.1570,FALSE POSITIVE,0.0000,6325.00,1.1120,1.225
,63.3278636,896.0,54.17,0.9380,FALSE POSITIVE,0.0000,4919.00,5.1980,0.003
Kepler-1085 b,219.3215562,313.0,6.11,1.1170,CONFIRMED,1.0000,6063.00,1.0120,0.244
,245.4382021,289.0,19.17,0.8660,FALSE POSITIVE,0.0000,5637.00,0.9900,1.001
,178.4129899,361.0,33.24,1.0640,FALSE POSITIVE,0.0000,6078.00,1.1480,0.936
,178.44973004,,,,FALSE POSITIVE,0.0000,,,
,2.192004364,1118.0,37.56,0.7650,FALSE POSITIVE,0.0000,5306.00,0.6870,1.003
,3.900109346,1160.0,40.37,0.9100,FALSE POSITIVE,0.0000,5791.00,0.9690,0.733
,1.471060209,3693.0,165.15,1.9790,FALSE POSITIVE,0.0000,8749.00,2.9110,0.895
,0.73553763,,,,FALSE POSITIVE,,,,
,213.3990406,468.0,35.2,1.4350,FALSE POSITIVE,0.0000,6960.00,1.8300,0.981
,6.40802979,1157.0,51.44,1.0170,FALSE POSITIVE,0.0000,6261.00,1.1940,1.287
,2.38920105,,,,CANDIDATE,0.2070,,,
,0.962835804,7100.0,458.02,1.1040,FALSE POSITIVE,0.0000,3982.00,32.2440,0.836
,4.639602084,1285.0,19.96,0.8680,FALSE POSITIVE,0.0220,6078.00,1.1940,0.634
,2.991885335,1209.0,3.94,0.7470,FALSE POSITIVE,0.0000,5750.00,0.8390,0.95
,1.327471395,1395.0,7.08,0.7270,FALSE POSITIVE,0.0000,5232.00,0.7770,0.897
,0.566792595,2548.0,0.5,0.9610,FALSE POSITIVE,0.0000,6277.00,1.1210,0.068
,1.247156944,4120.0,26042.9,1.3730,FALSE POSITIVE,0.0000,4770.00,9.6700,25.224
,288.3128666,300.0,13.21,0.9690,CANDIDATE,0.9900,5672.00,1.2200,0.525
,2.119100054,1571.0,34.34,1.1290,FALSE POSITIVE,0.0000,6292.00,1.0780,1.247
,1.466535757,1671.0,4.28,0.9240,FALSE POSITIVE,0.0000,5888.00,1.0200,0.824
,8.870415578,1151.0,39.46,0.8880,FALSE POSITIVE,1.0000,6022.00,1.5140,1.206
,1.49131759,2475.0,1.26,1.3030,FALSE POSITIVE,0.0000,6014.00,2.4290,0.467
Kepler-1928 b,19.57783279,621.0,1.96,0.9710,CONFIRMED,1.0000,5620.00,0.8840,0.694
,3.04476607,1126.0,15.7,0.9100,FALSE POSITIVE,0.0000,5627.00,0.8180,1.159
Kepler-1524 b,70.9672087,438.0,2.84,1.0320,CONFIRMED,0.9820,5818.00,0.9860,0.545
,4.45543346,1106.0,51.69,1.0000,FALSE POSITIVE,0.0000,5780.00,1.0000,0.469
,14.323889947,720.0,45.93,0.9900,FALSE POSITIVE,0.0000,5853.00,0.8950,1.073
,20.427232317,749.0,601.32,1.0320,FALSE POSITIVE,0.0000,6167.00,1.1210,5.499
,106.18732,2660.0,231.85,1.1100,CANDIDATE,0.8050,3287.00,152.9690,0.027
Kepler-1016 c,105.6552651,407.0,4.22,1.0100,CONFIRMED,1.0000,5741.00,1.1360,0.371
,4.029803201,1233.0,47.58,1.0280,FALSE POSITIVE,0.0000,6024.00,1.0780,0.17
,1.303858554,2080.0,73.29,1.0570,FALSE POSITIVE,0.0000,6282.00,1.3430,0.928
,9.74765878,679.0,0.78,0.8260,CANDIDATE,0.9810,5176.00,0.7380,0.658
Kepler-1047 c,3.18899015,1309.0,0.98,1.0710,CONFIRMED,1.0000,5700.00,1.1760,0.526
,309.89103,314.0,2.15,1.1830,CANDIDATE,0.4750,6450.00,1.1550,0.569
,1.570518376,4106.0,450.76,3.0830,FALSE POSITIVE,0.0000,5314.00,11.8200,1.295
,115.9943364,265.0,13.66,0.7250,FALSE POSITIVE,0.0000,4530.00,0.7350,0.028
,0.623441636,1711.0,29.19,0.6380,FALSE POSITIVE,,5319.00,0.6540,1.2127
,14.5417471,1494.0,163.25,1.4100,FALSE POSITIVE,0.0000,5032.00,5.9220,1.214
,2.81753381,1494.0,52.91,0.9290,FALSE POSITIVE,0.0000,6313.00,1.0980,1.373
Kepler-1067 b,0.762132307,1872.0,0.75,0.9810,CONFIRMED,0.9940,5594.00,0.9340,0.399
,56.6993107,1261.0,539.16,2.1000,FALSE POSITIVE,0.0000,4727.00,13.5470,1.264
,161.252247,303.0,4.49,0.7620,FALSE POSITIVE,0.0000,5555.00,0.8110,0.892
,0.867719291,2106.0,37.79,1.0130,FALSE POSITIVE,0.0000,6220.00,1.0560,1.27
,1.803697292,1783.0,1,1.0540,CANDIDATE,0.0000,6438.00,1.1660,0.405
,0.84112187,1514.0,39.34,0.6790,FALSE POSITIVE,,5048.00,0.7070,1.0871
,0.828326025,1845.0,49.67,0.8420,FALSE POSITIVE,,5400.00,0.9780,1.3292
,1.219324537,1569.0,60.62,0.8440,FALSE POSITIVE,0.0000,5455.00,0.8970,0.489
,2.401751509,888.0,268.75,0.5520,FALSE POSITIVE,0.0000,4577.00,0.5570,5.25
,36.97709537,546.0,59.66,1.0000,FALSE POSITIVE,0.0000,5780.00,1.0000,0.75
,16.371883638,840.0,70.73,0.9500,FALSE POSITIVE,0.0000,5642.00,1.4150,1.066
,2.617284592,2013.0,162.67,1.1190,FALSE POSITIVE,0.0000,5510.00,2.6490,0.743
,10.14873521,1045.0,71.11,1.0590,FALSE POSITIVE,0.0000,6366.00,1.2960,0.965
,2.897436854,1277.0,64.69,1.0000,FALSE POSITIVE,0.0000,5780.00,1.0000,0.642
Kepler-1517 b,5.546083089,2336.0,22.27,2.0540,CONFIRMED,0.0000,7358.00,4.0370,0.902
,6.87366398,859.0,12.01,0.8990,FALSE POSITIVE,0.0000,5662.00,0.8050,0.958
,6.87366412,,,,FALSE POSITIVE,0.0000,,,
,0.668483494,2082.0,138.76,1.0000,FALSE POSITIVE,0.0000,5780.00,1.0000,0.773
,1.070272827,1224.0,28.73,0.7230,FALSE POSITIVE,0.0860,4628.00,0.6530,1.269
,0.977170246,3226.0,5.08,1.7070,FALSE POSITIVE,0.0000,5596.00,3.9380,0.646
,1.135930136,1836.0,52.05,1.0220,FALSE POSITIVE,0.0000,6247.00,0.9540,1.282
,1.801863222,2721.0,145.36,1.6340,FALSE POSITIVE,0.0000,7479.00,2.3240,0.681
,54.77145968,777.0,34.32,1.5940,FALSE POSITIVE,0.0060,5145.00,3.8660,0.637
,1.674690886,1813.0,29.78,1.0420,FALSE POSITIVE,0.0000,6397.00,1.1570,1.212
,1.013774136,827.0,18.59,0.4120,CANDIDATE,0.0000,3644.00,0.3890,1.161
,290.1401717,304.0,11.58,0.9470,CANDIDATE,0.9960,5631.00,1.2630,0.935
Kepler-1086 c,161.515617,211.0,2.88,0.6510,CONFIRMED,1.0000,4243.00,0.6410,0.001
,2.112405306,1225.0,19.01,0.8450,FALSE POSITIVE,0.0000,5562.00,0.7560,1.207
,1.870990236,1668.0,26.1,1.1290,FALSE POSITIVE,0.0000,6384.00,1.0860,1.193
,5.56648691,2618.0,43.67,2.1560,FALSE POSITIVE,0.0000,4694.00,12.7010,0.935
,1.33253834,1453.0,0.64,0.9170,FALSE POSITIVE,0.0000,5520.00,0.8180,0.164
,1.241483276,1847.0,27.25,1.0010,FALSE POSITIVE,0.0000,6140.00,1.0530,1.227
,3.01551943,1837.0,155.81,1.3060,FALSE POSITIVE,0.0000,5299.00,2.7610,0.851
,2.112395777,1419.0,115.26,1.0000,FALSE POSITIVE,0.0000,5780.00,1.0000,1.285
Kepler-340 b,14.8444836,1092.0,2.49,1.4210,CONFIRMED,0.6360,6642.00,1.8460,0.149
,2.252417903,782.0,27.09,0.5390,FALSE POSITIVE,0.0000,3979.00,0.5440,1.198
,2.900613144,1289.0,38.63,0.9400,FALSE POSITIVE,0.0000,5977.00,0.9310,0.334
,174.7697122,294.0,38.79,0.8970,FALSE POSITIVE,0.0000,5704.00,0.8040,1.036
,31.43284649,577.0,57.21,1.0000,FALSE POSITIVE,0.0000,5780.00,1.0000,0.815
,1.72110057,1607.0,0.7,1.0710,CANDIDATE,0.8730,5700.00,1.1760,0.767
,9.72675447,1363.0,995.22,1.4950,FALSE POSITIVE,0.0000,6327.00,2.4330,4.676
,8.096939227,1194.0,68.48,1.1900,FALSE POSITIVE,0.0000,6572.00,1.4180,0.786
,0.64234865,1829.0,25.76,0.8140,FALSE POSITIVE,0.0000,5441.00,0.7910,0.966
,130.4194187,473.0,57.51,0.9150,FALSE POSITIVE,0.0000,5770.00,1.6850,1.258
,1.78526527,1815.0,41.19,1.2110,FALSE POSITIVE,0.0000,6505.00,1.2280,1.262
,4.8591441,1303.0,6.9,1.2260,FALSE POSITIVE,1.0000,6586.00,1.2070,0.932
,5.95077813,2366.0,32.26,2.7070,FALSE POSITIVE,0.0000,5122.00,9.8280,0.881
,99.673478,262.0,576.14,0.5280,FALSE POSITIVE,,4932.00,0.4920,11.6846
,4.7425521,1159.0,7.27,1.1500,CANDIDATE,1.0000,6161.00,1.0530,0.851
,0.955297055,1550.0,18.16,0.6940,FALSE POSITIVE,0.0000,5319.00,0.7340,1.193
,280.476576,268.0,3.16,0.9800,FALSE POSITIVE,0.0000,5869.00,0.8920,0.974
,152.8255989,734.0,34.85,1.7610,FALSE POSITIVE,1.0000,4991.00,7.5060,0.409
,47.1096306,751.0,78.98,1.1150,CANDIDATE,1.0000,5258.00,2.7800,1.23
Kepler-1525 b,2.41660149,1343.0,0.92,1.0690,CONFIRMED,1.0000,5705.00,1.0260,0.035
,4.252082243,1064.0,33.14,0.7140,FALSE POSITIVE,0.0000,5802.00,0.7940,1.268
,14.180228311,873.0,62.41,1.0150,FALSE POSITIVE,0.0000,6289.00,1.1420,0.795
Kepler-86 b,282.5253558,264.0,8.98,0.9740,CONFIRMED,0.9630,5725.00,0.9130,0.248
,1.87887673,1846.0,148.25,1.0600,FALSE POSITIVE,0.0000,6569.00,1.2350,0.441
,17.79391159,697.0,33.3,1.0000,FALSE POSITIVE,0.0000,5780.00,1.0000,0.692
,7.942583252,1285.0,219.02,1.0070,FALSE POSITIVE,0.0000,5516.00,2.1780,1.522
,15.85231085,725.0,679.44,1.0000,FALSE POSITIVE,0.0000,5780.00,1.0000,6.286
,2.415925551,3329.0,300.82,2.0140,FALSE POSITIVE,0.0000,8796.00,3.2780,0.511
,0.656201038,2157.0,112.77,1.0800,FALSE POSITIVE,0.0000,6025.00,0.9990,1.439
,2.617280959,1689.0,395.94,1.0600,FALSE POSITIVE,0.0000,6432.00,1.3450,3.651
,18.577903,879.0,1.36,1.0600,CANDIDATE,0.0000,6432.00,1.3450,0.105
,1.412524016,1978.0,68.92,1.1980,FALSE POSITIVE,0.0000,6690.00,1.1740,0.846
,5.77676732,670.0,26.2,0.6340,FALSE POSITIVE,0.0000,4401.00,0.6450,1.273
Kepler-953 b,88.40678718,410.0,4.55,1.0260,CONFIRMED,0.9270,5611.00,1.0730,0.535
,3.635723653,1478.0,1.23,1.0820,FALSE POSITIVE,0.0000,6422.00,1.2950,0.677
,369.181947,245.0,2.6,0.9480,FALSE POSITIVE,0.2070,5959.00,0.8590,0.021
,45.3968385,437.0,21.23,0.7860,FALSE POSITIVE,0.0000,5649.00,0.7050,1.235
,15.160166,821.0,2.09,1.0300,FALSE POSITIVE,0.0000,5940.00,1.1910,0.228
,2.63009438,1480.0,25.55,1.1370,FALSE POSITIVE,0.0000,6338.00,1.0910,1.195
,9.40527028,938.0,25.39,1.0530,FALSE POSITIVE,0.0000,6347.00,0.9960,1.212
,4.15713766,1401.0,1.17,1.2810,FALSE POSITIVE,0.0000,6470.00,1.3240,0.121
,3.2136904,1591.0,1.22,1.2890,FALSE POSITIVE,0.0150,6184.00,1.5790,0.57
,2.87066026,1196.0,1.72,0.8750,FALSE POSITIVE,0.0000,5910.00,0.7960,0.286
,31.24611088,,,,FALSE POSITIVE,,,,
,82.37208458,,,,FALSE POSITIVE,,,,
,0.991105114,1257.0,36.87,0.5740,FALSE POSITIVE,0.0000,4769.00,0.5780,0.623
,12.425580393,563.0,21.34,0.7650,FALSE POSITIVE,0.0000,4594.00,0.7430,1.222
Kepler-1535 b,138.944022,384.0,2.57,1.0440,CONFIRMED,0.9940,6014.00,1.1150,0.195
,12.4260454,706.0,2.64,0.9080,FALSE POSITIVE,0.0000,5645.00,0.8170,0.967
,12.4260002,706.0,2.39,0.9080,FALSE POSITIVE,0.0000,5645.00,0.8170,0.971
,1.50650136,1562.0,0.8,0.7880,FALSE POSITIVE,0.0000,5607.00,0.9480,0.556
,0.968026356,2167.0,1.78,1.2600,CANDIDATE,0.0450,6469.00,1.1930,0.055
,1.179969562,2960.0,120.02,1.7190,FALSE POSITIVE,0.0000,5500.00,3.8990,1.244
,10.10176739,829.0,26.09,0.9500,FALSE POSITIVE,0.0000,6058.00,0.8670,1.251
,10.57910009,929.0,2.03,1.1400,CANDIDATE,0.3840,6323.00,1.0930,0.404
Kepler-1763 b,1.480283464,1822.0,0.97,1.0260,CONFIRMED,0.9790,5897.00,1.2590,0.058
,15.420409367,661.0,16.62,0.9030,FALSE POSITIVE,0.0000,5468.00,0.8800,0.955
Kepler-963 b,9.97682072,802.0,2.85,0.8210,CONFIRMED,1.0000,5500.00,0.9280,0.022
,61.4913415,323.0,4.57,0.5900,FALSE POSITIVE,0.0000,4796.00,0.5980,0.92
,5.0263815,1065.0,0.84,0.8850,CANDIDATE,0.9210,5783.00,0.9620,0.185
,16.00351679,586.0,18.01,0.6910,FALSE POSITIVE,0.0000,5283.00,0.6950,1.209
,1.86390886,2902.0,77.99,1.6390,FALSE POSITIVE,0.0000,6689.00,3.3810,1.2
,2.03743942,1299.0,0.82,0.8260,FALSE POSITIVE,0.0000,5751.00,0.7740,0.102
,332.74984,302.0,2.55,1.0630,FALSE POSITIVE,,6372.00,1.1120,0.1296
,45.60304785,,,,FALSE POSITIVE,,,,
,2.4681015,1244.0,1.22,0.8110,FALSE POSITIVE,0.0010,5516.00,0.8720,0.689
,12.53449909,,,,FALSE POSITIVE,,,,
,215.15218,287.0,1.36,0.9130,FALSE POSITIVE,,5914.00,0.8280,0.2999
,3.17275711,966.0,1.27,0.8270,FALSE POSITIVE,0.0000,5058.00,0.7390,0.03
,6.68231249,1350.0,2.09,1.3300,CANDIDATE,1.0000,5343.00,2.5060,0.892
,0.73619448,2268.0,1.84,1.1340,FALSE POSITIVE,0.0000,6355.00,1.0900,0.689
,10.18670759,477.0,0.95,0.5560,FALSE POSITIVE,0.0000,3995.00,0.5550,0.677
,365.994154,263.0,2.87,0.9920,FALSE POSITIVE,,6074.00,0.9650,0.8353
,0.54028956,2279.0,21.45,1.0930,FALSE POSITIVE,0.0000,5997.00,0.9930,1.181
,2.49047468,1413.0,1.53,0.9810,FALSE POSITIVE,0.0090,6067.00,0.9970,0.522
,2.17257963,1518.0,13.55,0.7530,FALSE POSITIVE,0.0000,6038.00,0.9710,1.107
,3.307669761,1840.0,3.87,1.3950,FALSE POSITIVE,0.0000,5959.00,2.3820,0.602
,3.183961388,1615.0,37.22,1.0390,FALSE POSITIVE,0.0840,5716.00,1.7600,0.677
,48.507991,511.0,2.06,1.0130,FALSE POSITIVE,0.0900,6031.00,0.9660,0.944
,0.759766456,2128.0,29.02,1.0900,FALSE POSITIVE,0.0000,6174.00,1.0260,1.238
,1.219034472,1845.0,9.82,1.1150,FALSE POSITIVE,0.0000,5833.00,1.1920,0.075
,7.37339245,1098.0,13.73,0.9980,FALSE POSITIVE,0.0000,6484.00,1.0930,1.104
,4.70847097,1202.0,19.58,1.0060,FALSE POSITIVE,0.2340,6214.00,1.0610,0.418
,2.404556949,1958.0,4.69,1.1820,FALSE POSITIVE,0.0000,6426.00,1.7750,0.97
,66.119119,452.0,3,1.1160,CANDIDATE,0.9660,5828.00,1.0280,0.256
,0.982090079,1568.0,29.95,0.7500,CANDIDATE,0.0000,5472.00,0.7420,1.278
,2.972047661,881.0,24.74,0.7020,FALSE POSITIVE,0.0000,4491.00,0.7110,1.207
,2.237180102,1134.0,1.75,0.7920,FALSE POSITIVE,0.0030,5080.00,0.7930,0.374
,0.93374232,1638.0,18.29,0.9030,FALSE POSITIVE,0.0000,5553.00,0.8060,1.188
,134.76308997,,,,FALSE POSITIVE,,,,
,0.495434094,2151.0,1.57,0.9450,FALSE POSITIVE,0.0000,5529.00,0.9360,0.009
,8.48031302,1510.0,2.74,1.2910,FALSE POSITIVE,0.0000,6541.00,2.4300,0.765
,5.40534383,,,,FALSE POSITIVE,,,,
,0.66682654,1183.0,1.49,0.5560,CANDIDATE,1.0000,3993.00,0.5540,0.856
,0.882131829,1963.0,8.13,0.9190,FALSE POSITIVE,0.0000,6168.00,0.9110,0.968
,0.489682339,1251.0,37.47,0.5560,FALSE POSITIVE,0.0000,3898.00,0.5300,0.441
Kepler-1536 b,364.751562,166.0,2.89,0.6160,CONFIRMED,0.9900,4386.00,0.6300,0.875
,2.189098506,1288.0,29.7,0.9570,FALSE POSITIVE,0.0000,5681.00,0.8590,1.258
,0.7088055,2035.0,41.08,0.9500,FALSE POSITIVE,0.0000,5989.00,0.9080,1.238
,88.821421,634.0,234.99,1.2580,FALSE POSITIVE,,5081.00,3.3650,1.6227
,1.507761203,1301.0,31.77,0.8260,FALSE POSITIVE,0.0000,5069.00,0.8180,1.292
,1.506019633,1628.0,1.08,0.8330,FALSE POSITIVE,0.0060,6065.00,0.8960,0.528
,0.572513875,1779.0,0.52,0.7930,FALSE POSITIVE,0.0000,5171.00,0.7600,0.04
,35.14578122,480.0,32.5,0.8010,FALSE POSITIVE,0.0000,5437.00,0.7830,1.276
,3.690317047,1280.0,20.23,1.0030,FALSE POSITIVE,0.8740,6120.00,1.0540,1.151
Kepler-976 b,105.9566815,324.0,3.79,0.8910,CONFIRMED,1.0000,5327.00,0.8000,0.322
,2.95600563,1211.0,0.81,0.9080,FALSE POSITIVE,0.0020,5668.00,0.9160,0.408
,11.805707539,1153.0,18.48,1.0060,FALSE POSITIVE,0.0000,6065.00,1.8910,1.015
,25.3710555,779.0,1.43,1.0910,FALSE POSITIVE,0.0000,6029.00,1.4940,0.742
,1.38680229,2530.0,29.33,1.6600,CANDIDATE,1.0000,6823.00,2.0370,1.115
,8.58966893,4900.0,155.18,1.5850,FALSE POSITIVE,0.0000,3837.00,80.3070,0.012
,4.468456599,1081.0,24.81,1.0540,FALSE POSITIVE,0.0000,5869.00,0.9420,1.207
,0.933754669,2475.0,1.48,1.0830,FALSE POSITIVE,0.0000,6443.00,1.4570,0.728
,86.79876649,,,,FALSE POSITIVE,,,,
,164.57506747,,,,FALSE POSITIVE,,,,
,1.71030803,1449.0,1.32,0.9980,FALSE POSITIVE,0.0000,5790.00,0.9000,0.282
,79.9201319,217.0,1.81,0.4840,FALSE POSITIVE,0.0000,3812.00,0.4760,0.623
,199.3113,278.0,1.64,0.8590,FALSE POSITIVE,,5662.00,0.7890,0.689
,157.82131,377.0,1.59,1.0540,FALSE POSITIVE,,6082.00,1.1470,0.1495
,2.28612573,1433.0,22.63,1.1170,FALSE POSITIVE,0.0000,6063.00,1.0120,1.188
Kepler-1126 c,199.66876,305.0,1.45,0.7940,CONFIRMED,0.9200,5678.00,0.9210,0.046
,1.33254971,1782.0,1.36,0.9460,FALSE POSITIVE,0.0000,6150.00,1.0040,0.741
,0.469334634,2432.0,2.4,0.9180,FALSE POSITIVE,1.0000,5888.00,1.0080,0.95
,0.849277809,1781.0,20.11,0.9490,FALSE POSITIVE,0.1320,5743.00,0.8530,1.187
Kepler-930 b,71.4523167,561.0,2.19,1.0940,CONFIRMED,0.9900,6148.00,1.4880,0.017
,1.752564549,1741.0,1.38,1.0900,FALSE POSITIVE,0.0000,6221.00,1.1800,0.741
,0.566816802,1585.0,0.68,0.6950,FALSE POSITIVE,0.0000,4665.00,0.7040,0.414
,1.752553762,933.0,1.06,0.5280,FALSE POSITIVE,0.0000,4408.00,0.5290,0.346
,2.065351521,1196.0,1.03,0.7020,FALSE POSITIVE,0.0000,5266.00,0.7490,0.63
,2.253551793,1812.0,1.7,1.2260,FALSE POSITIVE,0.0000,6526.00,1.4260,0.761
Kepler-1037 b,1.06378861,1650.0,1.61,0.9190,CONFIRMED,1.0000,5265.00,1.0020,0.466
,123.11494773,,,,FALSE POSITIVE,,,,
,1.854493861,1291.0,29.39,0.9450,FALSE POSITIVE,0.0000,5431.00,0.8430,1.279
,1.020713389,1724.0,0.9,0.9130,FALSE POSITIVE,0.0000,5815.00,0.8700,0.425
,2.1990638,1087.0,1.33,0.6810,FALSE POSITIVE,0.0000,5003.00,0.7070,0.489
,132.1331011,809.0,75.08,1.8120,FALSE POSITIVE,1.0000,5067.00,8.1210,0.606
,1.120646438,2783.0,89.35,1.6680,FALSE POSITIVE,0.0000,4972.00,4.0340,1.182
,1.710279417,1524.0,1.57,1.1320,FALSE POSITIVE,0.0000,5834.00,1.0230,0.473
,65.238281,734.0,5.18,1.6530,FALSE POSITIVE,,5254.00,3.7610,0.1471
,0.56679641,1940.0,0.46,0.9980,FALSE POSITIVE,0.0000,5403.00,0.8880,0.322
Kepler-1867 b,9.88736642,768.0,0.68,0.9110,CONFIRMED,1.0000,5693.00,0.8160,0.383
Kepler-1326 b,42.3520039,938.0,6.3,1.5350,CONFIRMED,0.9990,6864.00,2.6320,0.659
Kepler-1331 b,0.789160884,1244.0,0.91,0.6100,CONFIRMED,1.0000,4258.00,0.6220,0.376
,2.399081606,1360.0,40.6,1.0000,FALSE POSITIVE,0.0000,5780.00,1.0000,1.276
,5.14072621,1076.0,19.28,0.9560,FALSE POSITIVE,0.0000,5751.00,1.0350,1.159
,0.566798545,2004.0,0.53,0.9870,FALSE POSITIVE,0.0000,5629.00,0.8700,0.331
Kepler-1537 b,1.44445234,1800.0,2.03,0.9390,CONFIRMED,1.0000,5305.00,1.4490,0.162
,3.55653637,1272.0,1.7,1.1260,FALSE POSITIVE,0.0000,5950.00,1.1140,0.712
,9.60853601,984.0,31.99,1.2250,FALSE POSITIVE,0.0000,6377.00,1.1580,1.229
,0.933747751,3112.0,2.07,1.5020,FALSE POSITIVE,0.0000,6985.00,2.1870,0.741
,3.17463577,1296.0,9.32,0.9450,FALSE POSITIVE,0.0000,5999.00,0.9960,1.059
,0.902222843,10340.0,48.23,1.8470,FALSE POSITIVE,0.0000,3705.00,89.8060,0.508
,22.4685309,1040.0,20.05,1.4630,FALSE POSITIVE,0.0000,5461.00,3.3010,1.032
,10.16104834,800.0,2.72,0.8810,FALSE POSITIVE,0.0000,5636.00,0.9130,0.031
,2.743978797,1136.0,38.11,0.7430,FALSE POSITIVE,0.5540,5334.00,0.8100,1.138
,1.332561398,2276.0,2.16,1.1950,FALSE POSITIVE,0.0000,6468.00,1.6020,0.783
,12.89623554,783.0,2.55,1.0050,CANDIDATE,1.0000,6072.00,0.9230,0.973
,364.14397,259.0,2.2,1.0270,FALSE POSITIVE,0.0000,6039.00,0.9510,0.475
,21.78769087,1042.0,71.95,1.4560,FALSE POSITIVE,0.0000,5627.00,3.0500,1.192
Kepler-957 b,5.90741476,769.0,5.1,0.6670,CONFIRMED,1.0000,4963.00,0.6900,0.177
,2.368173896,1428.0,10.92,0.8860,FALSE POSITIVE,0.4480,5944.00,0.9910,0.763
,5.73865933,535.0,1.84,0.5380,FALSE POSITIVE,0.0000,3841.00,0.5090,0.966
,91.05641908,431.0,53.1,1.1430,FALSE POSITIVE,0.0000,6142.00,1.0460,1.112
,2.52443998,2145.0,1.53,1.2660,CANDIDATE,0.9990,6461.00,2.2250,0.232
Kepler-1350 b,4.49686066,535.0,1.93,0.4640,CONFIRMED,1.0000,3698.00,0.4440,0.018
,0.5374094,2208.0,0.96,1.0200,CANDIDATE,0.9970,5749.00,0.9880,0.17
Kepler-1353 b,24.7543849,491.0,2.1,0.7780,CONFIRMED,1.0000,4852.00,0.8040,0.709
,0.475068516,2372.0,1.03,1.0380,FALSE POSITIVE,0.0000,6045.00,0.9550,0.412
,1.79683793,2397.0,3.37,1.5450,FALSE POSITIVE,0.0000,7592.00,1.7140,0.979
,187.51251276,,,,FALSE POSITIVE,,,,
,12.425484,773.0,1.55,0.8450,FALSE POSITIVE,0.0000,5478.00,1.0170,0.98
Kepler-365 c,17.7838298,729.0,1.6,1.0370,CONFIRMED,1.0000,6014.00,1.0210,0.115
,1.204529346,1968.0,1.4,0.9170,FALSE POSITIVE,0.0010,5340.00,1.5040,0.383
,2.15839583,1103.0,14.28,0.7320,FALSE POSITIVE,0.0000,5272.00,0.6620,1.178
,1.570592397,1480.0,1.37,0.8370,CANDIDATE,1.0000,5519.00,0.9210,0.031
,371.1495,245.0,2.07,0.8850,FALSE POSITIVE,0.0000,5988.00,0.8360,0.228
,3.374684854,1163.0,49.25,1.0610,FALSE POSITIVE,0.0000,5754.00,0.9430,1.04
,2.61841046,1245.0,1.12,0.9080,FALSE POSITIVE,0.0000,5912.00,0.8200,0.369
,4.593594819,1125.0,8.85,1.0480,FALSE POSITIVE,0.0000,6075.00,0.9690,1.022
,125.0426,416.0,1.2,1.0920,FALSE POSITIVE,,6273.00,1.1390,0.5215
,6.17039154,1029.0,2.17,1.0380,FALSE POSITIVE,,6137.00,0.9630,0.1755
,0.364860478,1993.0,0.68,0.6300,FALSE POSITIVE,0.0000,5220.00,0.6420,0.267
,6.422943288,1034.0,1.66,1.0490,CANDIDATE,1.0000,6102.00,1.0160,0.198
,6.90522317,1343.0,4.54,1.4740,FALSE POSITIVE,0.0080,6596.00,1.7210,0.962
,1.5259105,2545.0,2.63,1.2310,FALSE POSITIVE,0.0000,6640.00,2.0990,0.986
,4.27121961,802.0,2.17,0.6540,FALSE POSITIVE,0.0000,4702.00,0.6700,0.636
,1.306984786,1754.0,18.33,1.0990,CANDIDATE,0.0870,6102.00,1.0260,1.144
,0.769358923,2928.0,1.93,1.4200,FALSE POSITIVE,0.0000,5267.00,2.9350,0.111
,0.755109106,1733.0,0.85,0.9100,FALSE POSITIVE,0.0000,5452.00,0.8150,0.47
,25.3239215,484.0,19.02,0.6470,FALSE POSITIVE,0.0000,5128.00,0.6680,1.218
Kepler-1994 b,4.61225043,1032.0,0.51,0.9320,CONFIRMED,0.8560,5495.00,0.9610,0.012
Kepler-1289 b,7.99022379,1113.0,1.97,1.0070,CONFIRMED,0.9990,5689.00,1.5420,0.107
,4.1749166,1116.0,0.61,1.0320,FALSE POSITIVE,,5910.00,0.9400,0.4759
,0.56678694,1920.0,0.63,0.7470,FALSE POSITIVE,0.0000,5341.00,0.8080,0.213
,0.73094701,1870.0,15.83,0.9270,FALSE POSITIVE,0.0000,5767.00,0.8370,1.158
,0.686994057,2063.0,35.3,1.0000,FALSE POSITIVE,0.0000,5780.00,1.0000,1.261
,1.324247867,2140.0,1.3,1.2870,FALSE POSITIVE,0.0000,6557.00,1.4060,0.295
,0.780632043,2714.0,79.67,0.9850,FALSE POSITIVE,0.0000,5354.00,2.1800,1.306
,0.730947169,1777.0,14.43,0.9260,FALSE POSITIVE,0.0000,5514.00,0.8260,1.143
,41.16676097,446.0,17.82,0.7530,FALSE POSITIVE,0.0000,5193.00,0.8050,1.093
,1.083736642,3641.0,237.84,1.9420,FALSE POSITIVE,0.0000,5591.00,5.6180,1.265
,2.45570369,1891.0,55.95,0.8220,FALSE POSITIVE,0.0020,5148.00,2.3140,1.205
,0.64234875,3813.0,2.78,1.6930,FALSE POSITIVE,0.0000,7089.00,2.5840,0.627
,5.204286663,934.0,16,0.7980,FALSE POSITIVE,0.9210,5332.00,0.8600,0.272
,6.352090869,772.0,18.9,0.6660,FALSE POSITIVE,0.0000,5089.00,0.6930,0.223
,1.877350712,1650.0,1.46,1.1040,FALSE POSITIVE,0.0000,6382.00,1.0590,0.297
,2.11552348,1398.0,21.43,1.0650,FALSE POSITIVE,0.0000,5900.00,0.9510,1.187
,2.84573962,1829.0,3.63,1.2710,FALSE POSITIVE,0.0000,5557.00,2.3720,0.656
,7.01476115,928.0,1.02,0.8750,FALSE POSITIVE,0.0000,5912.00,0.8700,0.687
,0.941603153,1608.0,2.29,0.7740,FALSE POSITIVE,0.0000,5237.00,0.8370,0.93
,24.40213373,,,,FALSE POSITIVE,,,,
,1.13357304,1836.0,0.59,0.9320,FALSE POSITIVE,0.0000,6147.00,0.9540,0.739
,0.643468999,2001.0,0.88,0.7320,FALSE POSITIVE,0.0000,5670.00,0.8430,0.266
,112.645961,377.0,35.36,1.1050,FALSE POSITIVE,0.0000,5895.00,0.9910,1.277
,0.526887517,1238.0,0.58,0.5150,FALSE POSITIVE,1.0000,3945.00,0.5190,0.292
,4.14244748,1907.0,1.82,1.1130,FALSE POSITIVE,0.0000,6785.00,2.1240,0.386
,0.777663575,1816.0,0.95,0.9000,FALSE POSITIVE,0.0000,5769.00,0.8120,0.204
,0.552834211,3107.0,18.09,1.2110,FALSE POSITIVE,0.0000,5132.00,2.6480,1.045
,0.758354475,3123.0,149.44,1.4830,FALSE POSITIVE,0.0000,7131.00,1.8300,0.279
Kepler-1129 c,76.5369531,503.0,3.73,0.9980,CONFIRMED,0.9980,5596.00,1.4660,0.327
,3.43525124,1579.0,25.43,1.1430,FALSE POSITIVE,0.0000,5854.00,1.7420,1.121
,0.962828092,3553.0,40.82,1.6940,FALSE POSITIVE,0.0000,6552.00,3.4400,1.101
,3.11141514,1530.0,0.7,1.1690,CANDIDATE,0.9990,6450.00,1.2730,0.46
,1.878156188,1141.0,2.51,0.6490,FALSE POSITIVE,0.0000,5075.00,0.6700,0.959
,7.81153999,718.0,23.56,0.7920,FALSE POSITIVE,0.0000,5150.00,0.7100,1.271
,0.993488979,1914.0,17.9,0.7720,FALSE POSITIVE,0.3490,5811.00,0.9980,0.83
,1.334104585,1880.0,44.9,1.0070,FALSE POSITIVE,0.0000,6319.00,1.0830,0.986
,2.115498574,1432.0,25.84,1.0880,FALSE POSITIVE,0.0000,5917.00,1.0000,1.215
,3.40076682,1540.0,0.69,1.1310,FALSE POSITIVE,0.0000,6134.00,1.4960,0.256
,6.49676881,1761.0,3.74,1.5410,FALSE POSITIVE,0.0000,6418.00,3.0490,0.643
,2.057499811,1037.0,1.27,0.7230,FALSE POSITIVE,0.0010,4620.00,0.7360,0.004
,10.5856758,912.0,1.49,1.1800,FALSE POSITIVE,0.0000,6246.00,1.0920,0.474
,2.69633621,1334.0,15.78,0.9740,FALSE POSITIVE,0.0000,6106.00,0.9230,1.141
,11.2580745,497.0,2.14,0.6230,FALSE POSITIVE,0.0000,4257.00,0.5860,0.955
,0.566795586,2296.0,0.66,1.0720,FALSE POSITIVE,0.0000,6108.00,0.9970,0.686
,1.099291188,1414.0,1.37,0.8200,FALSE POSITIVE,0.0000,4878.00,0.8430,0.077
,0.47462889,1840.0,1.43,0.7580,FALSE POSITIVE,0.0000,4904.00,0.7860,0.377
Kepler-1883 b,103.4269873,416.0,3.16,1.0860,CONFIRMED,1.0000,6208.00,1.0240,0.013
,0.352515897,2194.0,1,0.8570,CANDIDATE,0.9890,5465.00,0.7660,0.26
,0.299697755,2246.0,2.03,0.7870,FALSE POSITIVE,0.0000,5180.00,0.7820,0.964
,0.339069751,3653.0,2.09,1.2160,CANDIDATE,0.0000,5653.00,2.1830,0.958
,0.56681727,1832.0,0.42,0.8060,FALSE POSITIVE,0.0000,5481.00,0.7080,0.042
,1.081935491,1364.0,0.99,0.6970,FALSE POSITIVE,0.0000,4938.00,0.7180,0
Kepler-1932 b,0.524175803,1891.0,1.27,0.9110,CONFIRMED,1.0000,5278.00,0.8150,0.318
,1.89129881,1414.0,0.86,0.9350,FALSE POSITIVE,0.0000,5806.00,0.8930,0.699
Kepler-1933 b,4.94330596,1058.0,1.41,0.9640,CONFIRMED,1.0000,5661.00,1.0080,0.928
Kepler-439 b,178.139072,291.0,2.25,0.8810,CONFIRMED,0.9970,5431.00,0.8790,0.042
,0.619023176,1885.0,0.79,0.9950,CANDIDATE,0.8000,5395.00,0.8910,0.387
,120.00336404,240.0,15.08,0.6880,CANDIDATE,0.0000,4315.00,0.6680,0.78
,4.067371428,978.0,68.81,0.6980,FALSE POSITIVE,0.0000,5385.00,0.7500,1.51
,1.540395781,1211.0,0.94,0.7710,FALSE POSITIVE,0.0000,4955.00,0.7350,0.062
,32.9045733,568.0,28.34,1.0000,FALSE POSITIVE,0.0010,5780.00,1.0000,1.232
,2.46353343,1171.0,21.49,0.8520,FALSE POSITIVE,0.0000,5541.00,0.7770,1.222
,22.91339043,510.0,24.11,0.6040,FALSE POSITIVE,0.0000,5451.00,0.6000,1.281
,1.541350116,1273.0,1.5,0.8780,FALSE POSITIVE,0.0000,5150.00,0.7840,0.272
,1.205412526,1988.0,12.6,0.9590,FALSE POSITIVE,0.0000,6292.00,1.1220,1.092
,1.710316235,1647.0,23.38,1.1930,FALSE POSITIVE,0.0000,6147.00,1.0960,1.174
Kepler-1137 b,23.9210408,1020.0,3.01,1.5210,CONFIRMED,0.9910,7121.00,1.9720,0.936
Kepler-1806 b,9.03326435,729.0,1.96,0.8840,CONFIRMED,0.9930,5311.00,0.7880,0.455
,356.535835,220.0,28.27,0.6980,FALSE POSITIVE,0.0000,5385.00,0.7500,1.281
Kepler-1699 b,3.490785878,1010.0,1.32,0.8100,CONFIRMED,1.0000,5496.00,0.7250,0.116
,1.92149487,2382.0,79.14,1.6750,FALSE POSITIVE,0.0000,6831.00,2.2470,1.29
Kepler-1532 b,1.093665854,1681.0,1.29,0.9680,CONFIRMED,1.0000,5845.00,0.8740,0.174
,141.608555,290.0,2.98,0.8440,CANDIDATE,0.0000,5083.00,0.8440,0.399
,3.6092231,1192.0,0.68,1.0140,CANDIDATE,0.4650,6032.00,0.9290,0.364
,12.4247333,1284.0,1.47,1.2700,FALSE POSITIVE,0.0000,6632.00,2.1930,0.656
,11.4927112,858.0,25.01,1.0720,CANDIDATE,0.9640,6198.00,1.0050,1.212
,70.7511986,441.0,27.74,0.8020,FALSE POSITIVE,0.0000,5771.00,0.9360,1.24
Kepler-1801 c,116.583183,371.0,2.91,0.9360,CONFIRMED,0.9910,5738.00,0.9810,0.586
Kepler-1538 b,175.13892,346.0,3.06,0.9810,CONFIRMED,0.9970,5497.00,1.2410,0.07
,1.302061421,3345.0,92.86,1.9410,FALSE POSITIVE,0.0000,7757.00,2.7830,1.273
,55.25178622,444.0,27.32,0.9210,FALSE POSITIVE,0.0000,5793.00,0.8320,0.978
,5.548250634,1088.0,21.49,1.0970,FALSE POSITIVE,0.0010,6124.00,1.0280,0.296
,4.442520831,1392.0,3.98,1.2090,FALSE POSITIVE,0.0000,6496.00,1.3300,0.966
,1.339670241,3448.0,1.27,1.7890,FALSE POSITIVE,1.0000,8867.00,2.2450,0.602
,2.685223546,1111.0,28.98,0.7860,FALSE POSITIVE,0.0000,5552.00,0.7190,1.28
,1.99042642,1539.0,1.17,1.0720,FALSE POSITIVE,0.0000,6198.00,1.0050,0.067
,67.230028,482.0,2.44,0.9850,FALSE POSITIVE,0.0000,6157.00,1.0160,0.938
,0.805259637,2115.0,1.93,1.0790,FALSE POSITIVE,0.0000,6257.00,1.0220,0.332
,75.3787816,360.0,1.6,0.7930,FALSE POSITIVE,0.0000,5061.00,0.8410,0.046
,2.464160779,1709.0,36.93,0.8940,FALSE POSITIVE,0.0000,5238.00,1.8830,1.169
,0.566781152,1090.0,0.54,0.4730,FALSE POSITIVE,0.0000,3725.00,0.4600,0.427
Kepler-1930 b,13.0267964,643.0,2.08,0.8440,CONFIRMED,0.9100,5083.00,0.8440,0.93
,4.93129874,944.0,21.42,0.7120,FALSE POSITIVE,0.0000,5457.00,0.7790,1.224
,5.59187448,4793.0,104.18,1.8460,FALSE POSITIVE,0.0000,3915.00,58.3250,0.82
,1.88665445,1794.0,43.81,1.0050,FALSE POSITIVE,1.0000,6296.00,1.2490,1.269
,14.53682228,1596.0,73.15,0.8240,FALSE POSITIVE,0.0000,4946.00,5.8550,1.068
,172.820248,338.0,2.22,1.0140,CANDIDATE,0.9230,6174.00,0.9390,0.249
,1.72853003,2492.0,2.43,1.3920,FALSE POSITIVE,0.0000,6701.00,2.2370,0.776
,2.19068738,2017.0,1.68,1.3370,FALSE POSITIVE,0.4950,6208.00,1.9750,0.594
,372.16478,279.0,5.68,1.2080,FALSE POSITIVE,,6194.00,1.1290,0.7967
,0.947730124,3914.0,2.82,2.2720,FALSE POSITIVE,0.0000,9464.00,2.1840,0.473
Kepler-1700 b,234.240739,329.0,3.41,1.0550,CONFIRMED,0.9820,5814.00,1.2480,0.944
,341.01495,234.0,1.72,0.8360,FALSE POSITIVE,0.1460,5327.00,0.8960,0.087
,6.14631207,1260.0,4.79,1.3540,FALSE POSITIVE,0.0000,6726.00,1.3100,0.937
,27.36432337,659.0,39.49,1.2000,FALSE POSITIVE,0.0000,6167.00,1.1070,1.273
,10.26231992,509.0,1.98,0.5430,FALSE POSITIVE,0.0010,4316.00,0.5400,0.945
,1.519529227,1653.0,11.12,1.1530,FALSE POSITIVE,0.0000,6033.00,1.0460,0.866
,6.487525901,593.0,21.23,0.4980,FALSE POSITIVE,0.0000,4481.00,0.4850,1.199
,0.56676437,2267.0,0.92,1.1080,FALSE POSITIVE,0.0000,6039.00,1.0050,0.594
,2.35197616,1444.0,21.19,1.0640,FALSE POSITIVE,0.0000,6147.00,1.0030,1.177
,0.861643331,1613.0,1.88,0.6820,FALSE POSITIVE,0.0000,5506.00,0.6880,0.994
,12.1097626,681.0,1.09,0.7010,FALSE POSITIVE,0.0000,5437.00,0.7390,0.981
,63.909601,351.0,0.76,0.7010,FALSE POSITIVE,,5227.00,0.6430,0.0578
,19.7352868,743.0,49.24,1.0950,FALSE POSITIVE,0.0020,6329.00,1.0450,1.417
,0.566799125,2299.0,0.56,1.0350,FALSE POSITIVE,0.0000,6063.00,1.0040,0.232
,20.1890396,794.0,1.39,1.0850,CANDIDATE,1.0000,6178.00,1.2670,0.541
,1.061935973,1961.0,24.17,1.1150,FALSE POSITIVE,0.0000,6274.00,1.0620,1.19
,1.485898163,1272.0,14.96,0.6990,FALSE POSITIVE,0.0000,5088.00,0.7270,1.173
Kepler-1931 b,38.5763483,619.0,2.05,1.1740,CONFIRMED,0.9740,6167.00,1.2210,0.015
,1.845610523,2502.0,77.83,1.4080,FALSE POSITIVE,0.0000,5974.00,2.9780,1.22
,7.3812344,944.0,1,1.0050,CANDIDATE,0.8020,6072.00,0.9230,0.687
Kepler-1539 b,133.303247,301.0,2.67,0.8110,CONFIRMED,1.0000,5064.00,0.8640,0.063
Kepler-1540 b,125.4132302,266.0,3.14,0.7340,CONFIRMED,1.0000,4641.00,0.7470,0.822
,21.5702917,888.0,29.53,0.9300,FALSE POSITIVE,0.0000,6070.00,1.6280,1.155
,0.868723418,1998.0,1.87,0.8550,FALSE POSITIVE,0.0000,5761.00,1.0460,0.947
Kepler-508 b,25.30893566,710.0,1.77,1.1400,CONFIRMED,1.0000,5949.00,1.2920,0.799
,27.25471993,,,,FALSE POSITIVE,,,,
,34.10787519,,,,FALSE POSITIVE,,,,
,16.61474421,,,,FALSE POSITIVE,,,,
,1.412526202,3001.0,36.77,1.7280,FALSE POSITIVE,0.0000,8468.00,1.9100,1.166
,2.759573341,1198.0,6.42,0.9010,FALSE POSITIVE,0.0000,5640.00,0.8630,1.04
,3.79188234,1201.0,1.95,0.9440,FALSE POSITIVE,0.0000,6171.00,0.9100,0.615
,14.38724729,725.0,29.24,0.8110,FALSE POSITIVE,1.0000,5830.00,0.8590,1.262
,58.4302648,300.0,3.45,0.5940,FALSE POSITIVE,0.0250,4338.00,0.6090,0.948
,0.566717263,2096.0,0.43,0.9140,FALSE POSITIVE,0.0000,5544.00,0.9570,0.606
,13.37935853,1395.0,6.65,1.3710,FALSE POSITIVE,0.0000,6739.00,2.7020,0.974
,13.26255423,766.0,3.55,1.0240,FALSE POSITIVE,0.0000,5973.00,0.9350,0.943
,20.5696575,650.0,28.96,0.9380,FALSE POSITIVE,0.0000,6098.00,0.8380,1.298
,4.52342256,1195.0,1.7,1.1170,FALSE POSITIVE,0.0000,6211.00,1.0580,0.757
,22.32423657,611.0,4.56,0.9340,FALSE POSITIVE,0.0000,5648.00,0.9120,0.965
,0.723947772,3192.0,52.16,0.8120,FALSE POSITIVE,0.0000,5160.00,2.8970,1.148
Kepler-1533 b,308.544422,330.0,3.28,1.2520,CONFIRMED,0.9880,6325.00,1.3490,0.022
,0.905679492,1882.0,35.74,1.0000,FALSE POSITIVE,0.0000,5780.00,1.0000,1.272
,22.735911,643.0,5.07,1.0000,FALSE POSITIVE,0.0000,5780.00,1.0000,0.665
,0.909310626,2130.0,48.79,1.1480,FALSE POSITIVE,0.0000,6370.00,1.1060,1.264
,0.648774274,1659.0,1.08,0.7010,FALSE POSITIVE,0.0000,5026.00,0.7290,0.078
,32.63286247,,,,FALSE POSITIVE,,,,
,173.92851338,,,,CANDIDATE,,,,
,25.64384513,,,,FALSE POSITIVE,,,,
,25.58546721,,,,FALSE POSITIVE,,,,
,17.47702,676.0,0.93,0.8450,FALSE POSITIVE,,6116.00,0.7820,0.0012
,16.88954693,,,,FALSE POSITIVE,,,,
,26.77891391,,,,FALSE POSITIVE,,,,
,13.33386985,,,,FALSE POSITIVE,,,,
,94.10628163,,,,FALSE POSITIVE,,,,
,14.71266408,,,,FALSE POSITIVE,,,,
,0.696125302,1645.0,28.44,0.6520,FALSE POSITIVE,0.9740,5245.00,0.6740,1.219
,302.38867822,238.0,40.73,0.8450,FALSE POSITIVE,0.0000,5328.00,0.8570,1.134
,305.0762469,284.0,7.82,1.0830,CANDIDATE,0.9950,5716.00,1.1550,0.695
,5.24372504,1017.0,20.41,0.7770,FALSE POSITIVE,0.0000,5772.00,0.8670,1.201
,18.795269797,899.0,30.77,1.0380,FALSE POSITIVE,0.0000,5623.00,1.8410,0.201
,42.2625935,855.0,12.62,1.6580,FALSE POSITIVE,0.0000,5432.00,3.5810,0.962
,3.549386251,1142.0,24.15,0.9080,FALSE POSITIVE,0.0040,5759.00,0.8920,0.818
Kepler-1676 b,29.92208104,782.0,3.09,1.1090,CONFIRMED,0.9940,6127.00,1.6370,0.38
,0.566812588,3089.0,0.71,1.0080,FALSE POSITIVE,0.0000,6194.00,1.7180,0.079
,9.94221873,754.0,19.64,0.8320,FALSE POSITIVE,0.0000,5213.00,0.9170,1.171
,9.06557317,880.0,1.46,0.9910,FALSE POSITIVE,0.0000,6075.00,0.9160,0.432
,4.9432827,1739.0,1.21,1.4720,FALSE POSITIVE,,6701.00,2.2360,0.5719
,7.35390869,1483.0,2.29,1.4580,FALSE POSITIVE,0.0000,6385.00,2.3270,0.375
,15.7455586,743.0,1.41,1.0310,FALSE POSITIVE,0.0130,6089.00,0.9500,0.889
,0.566796615,2077.0,0.59,0.9400,FALSE POSITIVE,0.0000,5858.00,0.8490,0.243
Kepler-361 b,8.48651582,1060.0,1.34,1.0850,CONFIRMED,0.9990,6178.00,1.2670,0.009
,2.189092892,1446.0,33.45,1.0430,FALSE POSITIVE,0.0000,6106.00,0.9660,1.27
,2.40435335,2454.0,3.05,1.5220,FALSE POSITIVE,0.0000,6103.00,3.3580,0.746
,220.9290121,299.0,5.24,0.9810,FALSE POSITIVE,0.0000,5893.00,0.9410,0.826
,3.1877519,1141.0,19.66,0.9040,FALSE POSITIVE,0.0000,5532.00,0.8960,1.178
,3.76565247,1108.0,0.87,0.9730,CANDIDATE,0.8250,5815.00,0.8770,0.535
,10.72396374,783.0,39.84,0.8320,FALSE POSITIVE,0.0000,5582.00,0.9050,1.25
,119.67747,379.0,36.8,1.0480,FALSE POSITIVE,0.0000,6075.00,0.9690,1.283
,185.9526325,343.0,50.98,1.0570,FALSE POSITIVE,0.0000,5813.00,1.1640,1.264
,103.62650922,,,,FALSE POSITIVE,,,,
,41.077590334,346.0,23.2,0.6330,FALSE POSITIVE,0.0000,4451.00,0.6200,0.502
,2.99540439,2195.0,65.37,1.4950,FALSE POSITIVE,0.0000,6106.00,3.0900,1.179
,10.5994606,896.0,1.28,1.1610,CANDIDATE,0.9390,6194.00,1.0690,0.671
,63.934965,525.0,44.59,0.9270,FALSE POSITIVE,0.0000,5209.00,1.5950,1.217
,38.4769457,814.0,4.79,1.1640,FALSE POSITIVE,0.0000,6079.00,2.1630,0.981
Kepler-1025 b,37.3228722,1654.0,35.34,3.5730,CONFIRMED,0.9990,4907.00,19.5300,0.608
,1.664980224,1921.0,3.68,1.0240,FALSE POSITIVE,0.0000,5792.00,1.5670,0.987
,16.6094904,766.0,1.82,0.9980,FALSE POSITIVE,0.0000,6047.00,1.0500,0.631
,0.566789505,2038.0,3.37,0.8630,FALSE POSITIVE,0.0000,5894.00,0.7840,1.03
,2.62982665,1968.0,17.88,1.4110,FALSE POSITIVE,0.0000,6712.00,1.8460,1.077
,2.69787749,1512.0,1.5,0.8620,FALSE POSITIVE,0.0000,5609.00,1.3480,0.53
,5.23340265,851.0,1.15,0.8300,FALSE POSITIVE,0.0000,5266.00,0.7410,0.366
,3.51289168,1161.0,1.12,0.8710,FALSE POSITIVE,0.0000,5523.00,0.9810,0.373
Kepler-2001 c,14.092583189,597.0,1.82,0.8640,CONFIRMED,0.0000,5081.00,0.7700,0.586
,9.087508013,987.0,1.37,0.9050,FALSE POSITIVE,0.0000,6078.00,1.1190,0.511
,0.65244373,1969.0,2.17,0.8750,FALSE POSITIVE,0.0000,5638.00,0.8830,0.133
,1.332564704,1692.0,30.04,1.0530,FALSE POSITIVE,0.0000,6046.00,0.9720,1.249
,2.636899795,1179.0,49.84,0.9080,FALSE POSITIVE,0.0000,5524.00,0.8470,1.519
,0.660629055,2032.0,17.38,0.9340,FALSE POSITIVE,0.0000,6024.00,0.8490,1.173
,0.885123683,1961.0,1.14,0.9990,FALSE POSITIVE,0.0000,5979.00,0.9980,0.708
,471.65421,313.0,4.11,1.0560,FALSE POSITIVE,0.0000,6061.00,1.6530,0.85
,1.221204888,1772.0,1.1,0.8670,FALSE POSITIVE,0.0000,5874.00,0.9970,0.6
,135.90795753,,,,FALSE POSITIVE,,,,
,0.959853772,2468.0,1.3,1.0560,FALSE POSITIVE,0.0000,6061.00,1.6530,0.646
,0.592243731,1551.0,6.77,0.5880,CANDIDATE,0.0000,4920.00,0.5910,0.986
,46.882525,513.0,1.91,1.0380,FALSE POSITIVE,,6045.00,0.9550,0.7285
,20.7191626,790.0,1.85,0.9460,FALSE POSITIVE,0.0000,5837.00,1.3660,0.016
,399.37587,326.0,3.93,1.1190,CANDIDATE,0.1810,6098.00,1.6180,0.556
,16.60973843,579.0,6.64,0.8360,FALSE POSITIVE,,5238.00,0.7520,1.0412
,54.323118,706.0,5.06,1.4590,FALSE POSITIVE,,6988.00,1.6700,0.9727
,5.803127153,886.0,19.04,0.8760,FALSE POSITIVE,0.0020,5533.00,0.7950,0.006
,35.51619219,504.0,719.49,0.8830,FALSE POSITIVE,0.0000,5514.00,0.8710,8.467
,0.589049151,1959.0,39.51,0.7030,FALSE POSITIVE,0.0000,5592.00,0.7710,1.094
Kepler-1789 b,80.2321467,380.0,3.24,0.9200,CONFIRMED,0.9680,5436.00,0.8880,0.911
,41.88970036,515.0,32.16,0.9890,CANDIDATE,0.8900,5952.00,0.9070,1.285
,1.791406261,1579.0,4.51,1.0910,FALSE POSITIVE,0.0000,6092.00,1.0280,1.008
,1.25483232,2748.0,2.89,1.3580,FALSE POSITIVE,0.0000,6168.00,2.5720,0.547
,5.71483873,842.0,1.26,0.7130,FALSE POSITIVE,0.0000,5193.00,0.7550,0.134
,17.5859472,700.0,2.24,1.0000,FALSE POSITIVE,0.1310,5780.00,1.0000,0.042
,1.332567005,2007.0,27.36,1.0450,FALSE POSITIVE,0.0000,6388.00,1.2230,1.185
Kepler-362 b,10.32736351,838.0,1.25,1.0160,CONFIRMED,0.8540,5757.00,1.0170,0.754
,2.54557259,1234.0,1.97,0.9600,FALSE POSITIVE,0.0000,5718.00,0.8630,0.038
,0.704541784,2121.0,1.72,1.1170,FALSE POSITIVE,0.0000,6063.00,1.0120,0.415
,0.697996932,1604.0,28.06,0.7680,FALSE POSITIVE,0.0000,5176.00,0.6950,1.244
,6.63449721,1719.0,85.25,1.4390,FALSE POSITIVE,0.0000,6487.00,2.8170,1.246
,110.9215892,443.0,3.71,0.9810,FALSE POSITIVE,0.1880,5725.00,1.3840,0.905
,3.88673217,1050.0,21.04,0.8330,FALSE POSITIVE,0.0000,5798.00,0.7670,1.223
Kepler-76 b,1.544928892,1997.0,13.43,1.1500,CONFIRMED,1.0000,6309.00,1.4120,0.918
,11.76921923,868.0,3.12,1.1110,FALSE POSITIVE,0.0000,6215.00,1.0520,0.964
,44.638983058,551.0,50.33,1.0960,FALSE POSITIVE,0.0000,6197.00,1.0350,1.173
,1.236866732,1569.0,1.75,0.9210,CANDIDATE,0.9810,5621.00,0.8790,0.982
,174.95980475,,,,FALSE POSITIVE,,,,
,1.926888595,1619.0,1.31,1.1880,FALSE POSITIVE,0.0000,6268.00,1.1000,0.589
Kepler-296 e,34.1420506,248.0,1.06,0.3940,CONFIRMED,0.9840,3526.00,0.3830,0.105
,0.241842544,2689.0,1.16,0.8750,FALSE POSITIVE,,5834.00,0.7970,0.3064
,0.865759153,2100.0,1.53,1.1300,FALSE POSITIVE,0.0000,6249.00,1.0760,0.38
,1.332035996,1365.0,0.85,0.8110,CANDIDATE,1.0000,5376.00,0.7300,0.137
Kepler-1649 b,8.68910764,211.0,0.49,0.0960,CONFIRMED,1.0000,2703.00,0.1180,0.049
,0.63624396,,,,FALSE POSITIVE,,,,
,4.4040248,,,,FALSE POSITIVE,,,,
,9.81101738,,,,FALSE POSITIVE,,,,
Kepler-90 c,8.71980135,987.0,1.53,1.0890,CONFIRMED,0.9990,5970.00,1.2000,0.343
Kepler-90 b,7.00821787,1062.0,1.29,1.0890,CONFIRMED,0.9160,5970.00,1.2000,0.156
,0.903583394,2162.0,33.18,1.1360,FALSE POSITIVE,0.0000,6455.00,1.1010,1.242
,0.99014722,1433.0,1.34,0.8370,FALSE POSITIVE,0.0000,5072.00,0.7470,0.329
,138.61227705,,,,FALSE POSITIVE,,,,
,0.77359329,1890.0,0.82,0.9680,FALSE POSITIVE,0.0000,5747.00,0.9070,0.388
,0.306937807,2142.0,0.82,0.7620,FALSE POSITIVE,0.0000,5088.00,0.7410,0.005
,0.716531851,2034.0,1.11,0.8630,CANDIDATE,0.9990,5552.00,1.0300,0.887
,0.637487312,2334.0,1.75,1.0450,FALSE POSITIVE,0.1330,6173.00,1.0830,0.81
,5.71489488,908.0,1.41,0.9090,FALSE POSITIVE,,5552.00,0.8330,0.0125
,7.76967007,,,,FALSE POSITIVE,,,,
,76.642481,542.0,1.36,0.9540,FALSE POSITIVE,,5537.00,1.7140,0.1653
,5.47715718,892.0,2.17,0.8470,CANDIDATE,1.0000,5029.00,0.9300,0.244
,73.45736853,,,,FALSE POSITIVE,,,,
,9.49361221,,,,FALSE POSITIVE,,,,
,4.4296786,,,,FALSE POSITIVE,,,,
,5.9703813,981.0,1.69,1.0830,FALSE POSITIVE,,5825.00,0.9650,0.8826
,7.57299816,875.0,0.53,0.9320,CANDIDATE,0.9520,5495.00,0.9610,0.411
,3.95383243,,,,FALSE POSITIVE,,,,
Kepler-1996 b,32.376183,392.0,2.26,0.7480,CONFIRMED,1.0000,4580.00,0.6750,0.896
Kepler-1662 c,284.063137,321.0,6.36,0.9960,CONFIRMED,0.9910,5791.00,1.3360,0.888
,129.68366098,,,,FALSE POSITIVE,,,,
,4.30908594,1172.0,1.62,0.9760,FALSE POSITIVE,0.0000,5754.00,1.0970,0.871
,57.104588,425.0,0.98,0.9020,FALSE POSITIVE,,5637.00,0.8210,0.087
,0.422015793,2136.0,6.69,0.8580,FALSE POSITIVE,0.0000,5614.00,0.7770,1.017
,0.945825494,1989.0,1.14,1.1810,FALSE POSITIVE,0.0000,6116.00,1.0840,0.522
,0.676715927,1735.0,1.29,0.7120,FALSE POSITIVE,0.0000,5334.00,0.7330,0.652
,4.64490141,832.0,0.76,0.7510,CANDIDATE,0.9080,4786.00,0.7700,0.058
,0.576441813,2471.0,0.82,1.0420,FALSE POSITIVE,,6459.00,1.0380,0.061
,0.423854275,1062.0,0.58,0.3830,FALSE POSITIVE,0.0000,3553.00,0.3680,0.449
,2.43731228,,,,FALSE POSITIVE,,,,
,0.692693892,2050.0,32.44,1.0480,FALSE POSITIVE,0.0000,5907.00,0.9640,1.265
,0.768934934,1713.0,4.09,0.7550,FALSE POSITIVE,0.0000,5390.00,0.7770,0.989
,0.998212785,1888.0,1.1,1.0500,FALSE POSITIVE,0.2560,6072.00,0.9880,0.436
Kepler-1409 b,0.764863517,1733.0,1.04,0.8080,CONFIRMED,0.9860,5231.00,0.8600,0.235
,0.710894157,2098.0,1.16,1.0640,FALSE POSITIVE,0.0010,5862.00,1.0490,0.134
,0.537839241,4061.0,1.49,1.5300,FALSE POSITIVE,,6456.00,3.0300,0.2589
,0.373684977,2490.0,2.25,0.9960,FALSE POSITIVE,0.0220,5970.00,0.9080,0.86
,1.10118564,,,,FALSE POSITIVE,,,,
,0.544962596,1719.0,1.03,0.7130,FALSE POSITIVE,0.0000,5257.00,0.6390,0.459
,0.769127296,1917.0,0.9,0.9160,FALSE POSITIVE,0.0000,6024.00,0.8310,0.067
,225.56791218,,,,FALSE POSITIVE,,,,
Kepler-1899 b,4.09578199,851.0,1.64,0.7590,CONFIRMED,1.0000,4791.00,0.7420,0.752
Kepler-90 e,91.9401253,450.0,2.62,1.0890,CONFIRMED,0.9710,5970.00,1.2000,0.025
,92.57337995,,,,FALSE POSITIVE,,,,
,185.0097245,,,,FALSE POSITIVE,,,,
Kepler-1904 b,4.5770016,567.0,1.33,0.5260,CONFIRMED,1.0000,3805.00,0.4970,0.327
Kepler-1425 b,14.4540329,676.0,0.72,0.7140,CONFIRMED,0.9410,5559.00,0.7900,0.522
,0.812587678,2717.0,1.54,1.3120,FALSE POSITIVE,0.0000,6143.00,1.8770,0.515
,9.3210841,394.0,0.61,0.3760,CANDIDATE,,3773.00,0.3500,0.0815
,19.3073774,1054.0,1.21,0.9970,FALSE POSITIVE,,6131.00,2.1420,0.0275
,1.000840564,3367.0,80.25,1.3280,FALSE POSITIVE,0.0000,6287.00,3.1770,1.165
Kepler-1659 b,13.6164547,755.0,22.29,1.0200,CONFIRMED,0.9890,5823.00,0.9720,1.19
Kepler-1350 c,1.766789509,730.0,1.4,0.4640,CONFIRMED,0.9990,3698.00,0.4440,0.066
,7.55842923,694.0,1.46,0.7590,CANDIDATE,0.9760,4791.00,0.7420,0.619
Kepler-529 d,35.8656484,633.0,2.44,1.0050,CONFIRMED,1.0000,6078.00,1.1890,0.963
Kepler-607 b,0.638162933,1874.0,0.91,0.8080,CONFIRMED,1.0000,5244.00,0.8880,0.092
,1.72929014,1497.0,0.86,1.0320,FALSE POSITIVE,0.0000,5910.00,0.9400,0.089
,40.301684,623.0,2.38,1.1890,FALSE POSITIVE,,6429.00,1.1770,0.5721
,43.681309,473.0,1.33,0.9230,CANDIDATE,0.9990,5726.00,0.8290,0.257
,26.524553,695.0,2.19,0.9500,FALSE POSITIVE,1.0000,4995.00,1.7030,0.218
,26.1537851,631.0,1.47,1.0450,FALSE POSITIVE,,6091.00,0.9670,0.2437
,0.944598153,4190.0,37.61,2.1380,FALSE POSITIVE,0.0000,4877.00,9.2140,1.012
,354.63284,152.0,0.9,0.5250,FALSE POSITIVE,,4206.00,0.5350,0.3134
,35.40103336,,,,FALSE POSITIVE,,,,
,230.180357,347.0,7.57,1.3100,CANDIDATE,0.9530,6313.00,1.2460,0.102
,5.2433865,1038.0,0.75,0.9880,FALSE POSITIVE,0.0000,6011.00,0.9020,0.489
,5.2435703,890.0,12.68,0.8220,FALSE POSITIVE,0.0000,5558.00,0.7220,1.145
,55.7583803,537.0,1.59,0.9180,CANDIDATE,0.3250,5413.00,1.4030,0.01
,3.781123,1421.0,1.16,0.9510,CANDIDATE,0.0000,6318.00,1.2160,0.004
,220.720142,235.0,2,0.7700,CANDIDATE,0.1930,5150.00,0.6960,0.113
,634.84739,464.0,20.5,2.5710,FALSE POSITIVE,,5048.00,8.6110,0.565
,281.5921577,225.0,7.22,0.7970,CANDIDATE,0.9960,5330.00,0.7130,0.641
,103.722152,414.0,1.95,1.0190,CANDIDATE,0.7650,5784.00,1.1430,0.017
,29.9756697,591.0,1.84,1.0260,FALSE POSITIVE,,5893.00,0.9860,0.8708
,387.56519,271.0,4.02,1.0750,FALSE POSITIVE,0.0000,6289.00,1.0200,0.916
,31.5073649,253.0,0.74,0.3860,FALSE POSITIVE,,3554.00,0.3700,0.774
,18.1118457,803.0,31.25,1.1690,FALSE POSITIVE,0.0000,6434.00,1.1380,1.235
,32.5474295,618.0,1.42,0.9950,CANDIDATE,0.8540,6068.00,1.0610,0.709
Kepler-1697 b,33.4969115,630.0,2.97,0.9620,CONFIRMED,0.9980,4928.00,1.6880,0.961
,411.8969,279.0,2.61,1.2210,CANDIDATE,,6362.00,1.1440,0.4026
,34.33339948,,,,FALSE POSITIVE,,,,
,1.389947459,1665.0,3.39,0.9520,FALSE POSITIVE,0.0000,5999.00,0.9500,0.437
,127.671711,519.0,5.52,0.8650,CANDIDATE,,4985.00,2.6330,0.2999
,282.5363563,360.0,70.53,1.0840,FALSE POSITIVE,0.0000,6401.00,1.4100,1.227
,115.23145073,,,,CANDIDATE,,,,
,289.490952,290.0,2.87,0.9950,FALSE POSITIVE,,5978.00,1.0320,0.1458
,349.58811,1351.0,134.79,1.7920,CANDIDATE,,3860.00,74.3200,0.1899
,1.680254289,1996.0,30.88,0.7470,CANDIDATE,,6423.00,1.2460,0.7314
,0.782068488,6169.0,21.02,1.9390,FALSE POSITIVE,0.5580,4475.00,20.2370,0.279
,151.13008,578.0,4.41,1.3490,CANDIDATE,,6768.00,2.3020,0.0529
,440.65087204,,,,FALSE POSITIVE,,,,
,258.63797782,,,,CANDIDATE,,,,
,289.76961138,,,,FALSE POSITIVE,,,,
,628.15844,101.0,0.95,0.4410,CANDIDATE,,3697.00,0.4230,0.2733
,273.223848,452.0,8,1.4420,FALSE POSITIVE,,5079.00,3.7920,0.0763
,0.650701055,6285.0,281.62,3.2350,FALSE POSITIVE,0.0000,10921.00,3.7010,0.4
,263.90141,562.0,23.91,1.9020,CANDIDATE,,5094.00,6.2470,0.9585
,59.742966,1037.0,16.91,1.4540,FALSE POSITIVE,,5059.00,7.3220,0.9694
,18.7821603,681.0,0.83,0.9910,CANDIDATE,,5919.00,0.9400,0.1986
,389.316341,245.0,27.61,0.9210,CANDIDATE,0.9570,5731.00,0.9580,1.202
,405.32064,166.0,1.34,0.5750,FALSE POSITIVE,,4694.00,0.5740,0.2964
,342.830882,530.0,10.76,0.8210,FALSE POSITIVE,,4994.00,5.2050,0.0886
,3.98916186,3293.0,28.1,3.1920,CANDIDATE,1.0000,4998.00,16.1870,0.08
Kepler-1926 b,42.8774169,451.0,2.67,0.7680,CONFIRMED,1.0000,5256.00,0.8320,0.02
,190.800788,321.0,1.67,1.0930,CANDIDATE,0.9750,5993.00,0.9860,0.066
,2.97601892,2799.0,164.46,1.9750,FALSE POSITIVE,0.0000,5140.00,7.7460,1.176
,2.882424694,2912.0,399.44,1.1010,FALSE POSITIVE,0.0000,4705.00,8.0580,1.051
Kepler-460 c,220.142913,389.0,5.94,1.0310,CONFIRMED,0.9020,6340.00,1.3930,0.023
,473.95103,341.0,3.32,1.2520,FALSE POSITIVE,,6513.00,1.8100,0.1671
,0.534109403,5513.0,2.28,2.7180,FALSE POSITIVE,0.0000,10747.00,2.4320,0.476
,168.77118,251.0,2825.04,0.7460,FALSE POSITIVE,,4936.00,0.7190,36.9452
,29.6094263,789.0,2.87,1.3290,CANDIDATE,0.9740,6079.00,1.7830,0.719
,22.9138322,785.0,30.24,1.0320,FALSE POSITIVE,0.0000,6154.00,1.3340,1.189
,538.36855,237.0,2.37,1.0830,FALSE POSITIVE,,6148.00,1.0150,0.0671
,65.5327181,437.0,1.79,0.9390,FALSE POSITIVE,,5755.00,0.9230,0.3023
,161.537665,400.0,1.37,1.1110,CANDIDATE,,6033.00,1.3580,0.2175
,1.018360336,2302.0,107,1.0870,FALSE POSITIVE,0.0000,6160.00,1.4630,0.553
,209.967521,344.0,1.16,1.0850,CANDIDATE,,6437.00,1.0420,0.2723
,369.73011,274.0,1.66,1.0250,CANDIDATE,,6283.00,0.9990,0.1236
,78.04064906,,,,FALSE POSITIVE,,,,
,396.349253,293.0,2.39,1.1900,FALSE POSITIVE,,6495.00,1.1680,0.0384
,0.502807253,1825.0,26.81,0.6840,FALSE POSITIVE,,5109.00,0.7150,1.2503
,21.3684341,551.0,1.72,0.7360,CANDIDATE,0.9910,5204.00,0.7860,0.063
,149.526152,202.0,1.69,0.6310,FALSE POSITIVE,,3978.00,0.6280,0.4364
,2.845736321,3058.0,402.16,2.0930,FALSE POSITIVE,0.0000,4878.00,10.1540,1.294
,29.5632952,527.0,1.9,0.9130,CANDIDATE,0.9940,5595.00,0.8280,0.154
,181.81214,324.0,2.04,1.0080,CANDIDATE,,6060.00,0.9250,0.3694
,435.50635,225.0,2.06,0.9800,CANDIDATE,,5750.00,0.8820,0.1452
,525.560452,359.0,12.74,1.3430,CANDIDATE,,4954.00,3.7960,0.0878
,43.60012467,,,,FALSE POSITIVE,,,,
,1.710299164,1638.0,57.97,0.8960,FALSE POSITIVE,0.0000,6082.00,1.0060,0.878
,252.04444,196.0,2.49,0.6730,FALSE POSITIVE,,4514.00,0.6640,0.1903
,1.39508873,,,,FALSE POSITIVE,0.0000,,,
,95.688682,1046.0,28.41,2.9810,CANDIDATE,,5040.00,13.0560,0.5497
,153.521361,493.0,3.09,1.2000,FALSE POSITIVE,,6233.00,1.9210,0.1485
,38.168652,696.0,1.4,1.0260,CANDIDATE,,6164.00,1.4650,0.0283
,3.0031801,1827.0,4.7,1.3490,FALSE POSITIVE,0.0000,6606.00,1.7680,0.98
,2.96384168,1406.0,43.7,1.1540,FALSE POSITIVE,0.0000,6095.00,1.1580,1.059
,69.089357,332.0,1.47,0.6790,CANDIDATE,0.5230,4848.00,0.6980,0.051
,43.142257,706.0,37.88,1.3380,FALSE POSITIVE,0.0000,6198.00,1.7690,1.179
Kepler-1624 b,3.290304098,540.0,4.91,0.4300,CONFIRMED,0.9980,3386.00,0.4270,0.09
,40.9882124,657.0,1.44,1.0680,CANDIDATE,,6705.00,1.1740,0.2697
,326.70552,287.0,2.83,0.7890,FALSE POSITIVE,,6036.00,0.9980,0.0826
,138.333748,488.0,6.28,0.9160,CANDIDATE,,4948.00,2.5470,0.4579
,343.49816,164.0,1.27,0.6140,FALSE POSITIVE,,4256.00,0.6240,0.3516
,11.2582311,667.0,1.24,0.6840,FALSE POSITIVE,0.0000,5242.00,0.7220,0.115
,139.54219147,,,,FALSE POSITIVE,,,,
,155.046089,1101.0,444.08,3.5110,FALSE POSITIVE,0.0000,6513.00,12.6130,1.271
,14.3641542,795.0,0.98,0.8980,FALSE POSITIVE,,5925.00,1.0330,0.2764
,12.4276185,768.0,1.14,1.0540,FALSE POSITIVE,0.0000,5869.00,0.9420,0.303
,12.427076,870.0,0.82,0.9850,FALSE POSITIVE,0.0000,5841.00,1.1930,0.026
,22.4932751,1183.0,6.04,1.6990,CANDIDATE,,5186.00,4.9800,0.1313
,315.502534,565.0,19.71,2.1370,FALSE POSITIVE,,4970.00,7.7520,0.02
,215.732414,292.0,1.26,0.8040,CANDIDATE,,5790.00,0.8560,0.4046
,276.54167976,,,,FALSE POSITIVE,,,,
Kepler-1626 b,4.13960513,1352.0,1.24,1.2020,CONFIRMED,1.0000,6535.00,1.1810,0.344
,200.79976002,303.0,48.77,1.0080,FALSE POSITIVE,0.0000,5896.00,0.9160,1.016
,8.0906952,811.0,0.8,0.9280,CANDIDATE,0.9620,5374.00,0.9020,0.151
,1.195515364,2640.0,156.91,1.1500,FALSE POSITIVE,0.0000,6047.00,2.2640,0.475
,210.971635,293.0,2.04,0.9920,FALSE POSITIVE,,5838.00,0.8970,0.2091
,188.954072,468.0,2.46,1.2190,CANDIDATE,0.0000,6392.00,1.8990,0.014
,42.02646,561.0,1.5,1.0130,FALSE POSITIVE,,6158.00,1.0160,0.7156
,372.04697,271.0,2.7,1.1040,FALSE POSITIVE,,6173.00,1.0410,0.0457
,438.81524,202.0,1.36,0.7390,FALSE POSITIVE,,5324.00,0.7550,0.108
,18.622214,1101.0,20.83,1.4070,FALSE POSITIVE,0.0000,6235.00,2.4710,0.792
,27.8923345,807.0,2.1,1.0550,FALSE POSITIVE,,5873.00,1.7800,0.0465
,579.81521,218.0,2.71,0.9620,CANDIDATE,,5822.00,0.9690,0.8425
,19.12788374,,,,CANDIDATE,,,,
,452.10093,254.0,2.08,0.9530,FALSE POSITIVE,,6276.00,0.9560,0.1063
,0.7906069,1503.0,17.97,0.8030,FALSE POSITIVE,0.0000,4994.00,0.7200,1.198
,24.5714867,637.0,3.04,0.9670,FALSE POSITIVE,0.0000,5977.00,0.9560,0.978
,0.681137796,2025.0,45.75,0.8110,FALSE POSITIVE,0.0000,5872.00,0.8640,0.968
,3.722404453,1082.0,144.2,0.8110,FALSE POSITIVE,0.0000,5747.00,0.7990,2.375
,230.385488,522.0,10.13,1.1930,FALSE POSITIVE,,5024.00,4.3310,0.2423
,222.84909312,,,,FALSE POSITIVE,,,,
,493.74242,358.0,7.15,1.0310,CANDIDATE,,5015.00,3.2430,0.2377
,1.714414962,2042.0,116.92,1.2700,FALSE POSITIVE,0.0000,6351.00,1.6130,1.181
,646.28789332,304.0,43.47,1.3570,FALSE POSITIVE,0.0000,6582.00,1.7770,0.004
,290.438547,235.0,1.11,0.7900,FALSE POSITIVE,,5392.00,0.7750,0.0916
,0.766298172,2163.0,15.64,0.9760,FALSE POSITIVE,0.0000,6267.00,0.9960,0.813
,1.049468616,2808.0,0.84,1.4690,FALSE POSITIVE,0.9350,7479.00,1.6670,0.731
,2.362348096,2104.0,89.55,1.2570,FALSE POSITIVE,0.0000,5088.00,3.2930,1.219
,136.830243,764.0,17.22,2.3940,FALSE POSITIVE,,5096.00,8.0380,0.3813
,103.284757,583.0,1.96,1.2160,FALSE POSITIVE,,6185.00,2.1010,0.6314
,36.1904638,592.0,1.69,1.0930,FALSE POSITIVE,,6210.00,1.0330,0.2147
,419.75224,257.0,2.82,1.0790,FALSE POSITIVE,,6137.00,1.0160,0.3316
,419.95929,266.0,1.53,0.8570,FALSE POSITIVE,,5953.00,1.0680,0.4834
,206.309658,361.0,2.36,1.0200,FALSE POSITIVE,,6028.00,1.2670,0.8152
,8.46184728,1511.0,4.92,1.6300,FALSE POSITIVE,0.0000,7663.00,1.9130,0.965
,681.01756,274.0,1.69,0.9270,FALSE POSITIVE,,6295.00,1.4350,0.362
,2.19509634,1324.0,1.32,0.9750,FALSE POSITIVE,0.0000,5799.00,0.8780,0.173
,9.942228056,740.0,22.15,0.7750,CANDIDATE,0.0000,5268.00,0.8430,0.93
,141.00582791,,,,FALSE POSITIVE,,,,
,22.2903562,632.0,1.13,0.9560,CANDIDATE,0.9820,5597.00,1.0000,0.028
,73.9239955,325.0,1.64,0.7100,FALSE POSITIVE,,5040.00,0.6580,0.2907
,1.8437362,1628.0,25.26,1.0330,FALSE POSITIVE,0.0000,6032.00,1.1140,1.189
,55.180772,531.0,2.37,1.1260,CANDIDATE,0.9970,6306.00,1.0760,0.306
,281.36926,507.0,56.94,1.3660,FALSE POSITIVE,0.0000,4818.00,5.3030,0.038
,84.6405853,271.0,1.72,0.6160,CANDIDATE,,4386.00,0.6300,0.2541
,262.71162,272.0,3.69,0.8470,FALSE POSITIVE,0.0000,5398.00,0.9900,0.019
,6.0353643,1852.0,1.88,1.7840,FALSE POSITIVE,,7377.00,2.5520,0.707
,15.2024426,2955.0,113.97,1.8030,CANDIDATE,,3984.00,41.3670,0.324
,1.52327807,3461.0,22.88,0.9810,FALSE POSITIVE,0.0000,4477.00,7.9120,0.026
,260.31119904,,,,FALSE POSITIVE,,,,
,574.37064,350.0,3.11,1.0620,FALSE POSITIVE,,6749.00,1.9050,0.7455
,253.87706,334.0,1.81,1.1050,FALSE POSITIVE,,6553.00,1.0860,0.3892
,523.36921,240.0,17.45,0.9780,FALSE POSITIVE,,6397.00,0.9130,1.0046
,110.089267,322.0,2.4,0.8170,CANDIDATE,,5465.00,0.7500,0.2852
,219.931324,279.0,2.3,0.9580,CANDIDATE,0.8980,5557.00,0.9120,0.307
,385.29212,290.0,1.57,0.9160,CANDIDATE,,6440.00,1.0530,0.0118
,80.292171,459.0,1.33,1.0520,FALSE POSITIVE,,6188.00,1.0490,0.0606
,1.049406508,4913.0,27.45,1.7470,FALSE POSITIVE,0.0000,4745.00,13.4170,0.112
,455.195496,290.0,2.09,1.0350,CANDIDATE,,6478.00,1.2090,0.054
,3.58957045,862.0,2.49,0.7340,FALSE POSITIVE,0.0000,4608.00,0.7460,0.002
,2.40435325,1359.0,24.16,1.0000,FALSE POSITIVE,0.0000,5780.00,1.0000,1.202
,37.078668,419.0,0.8,0.6550,FALSE POSITIVE,,5120.00,0.6500,0.5101
,50.55398,367.0,0.94,0.6980,CANDIDATE,,4895.00,0.6870,0.1379
,228.196872,353.0,1.42,1.0100,FALSE POSITIVE,,6425.00,1.1380,0.5034
,44.714450094,533.0,50.54,0.9990,FALSE POSITIVE,0.0000,6185.00,0.9410,1.032
,200.2350497,325.0,10.99,1.0720,CANDIDATE,0.9990,6108.00,0.9970,0.674
,40.8801539,265.0,0.92,0.4800,FALSE POSITIVE,0.0000,3746.00,0.4690,0.016
,31.5034587,484.0,1.17,0.9100,CANDIDATE,0.8840,5269.00,0.8230,0.053
,22.2381062,702.0,1.09,1.0970,CANDIDATE,0.8940,6192.00,1.0550,0.288
,20.5477769,690.0,1.67,1.0950,CANDIDATE,0.9800,5922.00,1.0570,0.028
,25.166806,483.0,2.72,0.6780,FALSE POSITIVE,0.0060,5013.00,0.7040,0.65
,323.972022,307.0,2.96,1.1460,FALSE POSITIVE,,6002.00,1.3020,0.6528
,1.752562808,2018.0,124.23,1.1010,FALSE POSITIVE,0.0000,5853.00,1.7950,0.545
,45.5827119,957.0,2.42,1.8070,FALSE POSITIVE,0.0000,7266.00,2.7150,0.253
,1.89140138,1377.0,25.67,0.9680,FALSE POSITIVE,0.0610,5504.00,0.9520,1.222
,6.70258007,2635.0,403.01,2.0310,FALSE POSITIVE,0.0000,4799.00,13.6520,1.237
,6.2095391,4585.0,30.47,0.8930,FALSE POSITIVE,0.0000,3861.00,46.1690,0.308
,363.17077,810.0,9.82,3.2460,FALSE POSITIVE,0.0000,10134.00,4.8420,0.008
,615.16033,430.0,4.48,2.0430,FALSE POSITIVE,,7937.00,2.7110,0.1544
,1.89124738,989.0,1.2,0.5790,FALSE POSITIVE,0.0000,4615.00,0.5890,0.452
,1.89125883,4480.0,23.6,0.8700,FALSE POSITIVE,0.0000,4449.00,14.8940,0.013
,362.1273,132.0,1.68,0.5280,FALSE POSITIVE,,3734.00,0.5130,0.0924
,353.36705,701.0,2.6,2.6970,FALSE POSITIVE,,8892.00,4.3500,0.2481
,180.4118581,329.0,8.86,1.0550,CANDIDATE,0.9860,6032.00,0.9730,0.953
,4.750256809,2090.0,12.35,1.8800,FALSE POSITIVE,0.0010,5161.00,5.7530,0.727
,623.005238,229.0,66.64,1.0580,FALSE POSITIVE,0.0000,5689.00,1.2070,0.895
,45.41810604,,,,FALSE POSITIVE,,,,
,1.878877205,2523.0,109.55,1.5820,FALSE POSITIVE,0.0000,7542.00,1.9990,1.005
,0.938857507,6867.0,1148.7,1.2640,FALSE POSITIVE,0.0000,4217.00,27.6760,1.217
,287.46579664,,,,FALSE POSITIVE,,,,
,32.245486,683.0,1.18,0.9300,FALSE POSITIVE,,6197.00,1.2080,0.2216
,392.47291,442.0,5.46,1.4260,CANDIDATE,0.0000,6626.00,2.7040,0.761
,142.20400109,,,,FALSE POSITIVE,,,,
,149.237142,299.0,2.22,0.9110,FALSE POSITIVE,,5492.00,0.8120,0.0847
,501.51698,224.0,1.99,0.8760,FALSE POSITIVE,,5796.00,0.9060,0.0768
,357.77096,249.0,1.42,0.8710,FALSE POSITIVE,,5523.00,0.9810,0.1056
,531.33282,239.0,2.67,1.0900,FALSE POSITIVE,,6163.00,1.0220,0.3099
,396.048721,370.0,13.52,1.3320,FALSE POSITIVE,0.0000,5327.00,2.8820,0.978
,326.370361,615.0,22.6,2.7070,FALSE POSITIVE,,5188.00,9.3430,0.4924
,148.666527,559.0,6.81,1.5850,FALSE POSITIVE,,5155.00,3.8700,0.2782
,163.104677,337.0,2.58,1.0320,FALSE POSITIVE,,5766.00,1.0400,0.575
,1.10656965,1988.0,1.09,1.2110,FALSE POSITIVE,0.0000,6237.00,1.1650,0.263
,46.270524872,572.0,35.98,1.0610,FALSE POSITIVE,0.0000,6357.00,1.0720,0.859
,13.4256161,987.0,1.66,1.2490,FALSE POSITIVE,,6686.00,1.3320,0.5971
,590.44065,291.0,1.62,1.2910,FALSE POSITIVE,,6782.00,1.4170,0.2858
,28.88008607,,,,FALSE POSITIVE,,,,
,2.858879267,3638.0,515.07,3.0630,FALSE POSITIVE,0.0000,4893.00,16.2740,1.262
,241.647602,300.0,1.88,0.9940,FALSE POSITIVE,,5962.00,0.9890,0.0404
,528.07962334,,,,FALSE POSITIVE,,,,
,25.2218929,,,,FALSE POSITIVE,0.0000,,,
,105.52127462,,,,FALSE POSITIVE,,,,
,581.729006,308.0,2.74,1.0070,CANDIDATE,,5765.00,2.0050,0.2236
,420.92920358,293.0,62.76,1.0860,FALSE POSITIVE,0.0000,6461.00,1.1970,1.033
,393.946106,440.0,18.07,1.1790,FALSE POSITIVE,,4888.00,4.6220,0.9691
,194.896925,575.0,8.98,0.7800,FALSE POSITIVE,,5269.00,3.7060,0.5298
,56.001782,584.0,1.54,0.9740,CANDIDATE,,6116.00,1.3320,0.5045
,471.95076253,,,,FALSE POSITIVE,,,,
,101.928291,391.0,1.7,0.9810,FALSE POSITIVE,,5489.00,1.1100,0.1628
,379.63135,168.0,1.67,0.5750,FALSE POSITIVE,,4847.00,0.5270,0.1257
,69.932459,812.0,8.25,1.9460,CANDIDATE,,5207.00,5.1830,0.0356
Kepler-1625 b,287.377314,350.0,11.67,1.0790,CONFIRMED,0.9880,5548.00,1.7930,0.015
,535.93723,227.0,1.83,1.0430,CANDIDATE,,6014.00,0.9580,0.5968
,367.72767,184.0,1.96,0.7030,FALSE POSITIVE,,4869.00,0.6570,0.2729
,4.20601251,1004.0,0.82,0.7500,FALSE POSITIVE,0.0000,5514.00,0.7900,0.304
,313.051405,310.0,2.91,1.0720,CANDIDATE,,6218.00,1.1850,0.2093
,4.18236124,1303.0,69.37,1.0200,FALSE POSITIVE,0.0000,6188.00,1.1660,0.809
,18.9828305,707.0,0.72,1.0830,CANDIDATE,0.9730,5962.00,1.0350,0.021
,186.59466,338.0,2.66,1.0790,FALSE POSITIVE,,6163.00,1.0130,0.1328
,7.87173698,862.0,0.54,0.8160,FALSE POSITIVE,0.0000,5428.00,0.9400,0.001
,357.437578,422.0,3.13,1.6930,CANDIDATE,,7610.00,1.8620,0.1427
,215.634356,404.0,1.92,1.0300,CANDIDATE,0.6330,6163.00,1.5680,0.002
,30.928898,1051.0,8.1,1.6530,CANDIDATE,,5029.00,5.1270,0.7846
,7.155547398,2049.0,48.93,2.0960,FALSE POSITIVE,1.0000,4992.00,8.0520,0.883
,293.392635,428.0,6.84,1.0510,CANDIDATE,,5203.00,3.0550,0.1322
,63.024229,424.0,1.5,1.0030,FALSE POSITIVE,,5691.00,0.8870,0.0223
,506.771836,275.0,1.8,0.9030,FALSE POSITIVE,,6035.00,1.2830,0.1643
,5.43361347,548.0,2.09,0.5670,CANDIDATE,1.0000,3694.00,0.5660,0.234
,47.82278681,,,,CANDIDATE,,,,
,348.96347,198.0,2.04,0.8370,CANDIDATE,,4823.00,0.7920,0.6924
,57.1143966,523.0,1.82,1.0620,FALSE POSITIVE,,6136.00,1.1060,0.1765
,59.4037839,570.0,1.65,0.9610,CANDIDATE,0.8580,6373.00,1.2090,0.94
,485.91276,230.0,3.61,1.0260,FALSE POSITIVE,,5957.00,0.9370,0.598
,20.5311708,568.0,1.39,0.9020,FALSE POSITIVE,0.0000,5398.00,0.8050,0.547
,2.31164074,4074.0,39.73,3.4020,FALSE POSITIVE,0.0000,4883.00,18.4270,0.252
,43.581043,558.0,1.94,1.0910,CANDIDATE,0.6090,6225.00,1.0310,0.277
,327.063,248.0,2.82,0.9800,CANDIDATE,,5750.00,0.8820,0.3983
,21.92866538,983.0,65.97,0.9850,FALSE POSITIVE,0.0000,5001.00,3.0280,0.931
,651.07431,234.0,1.55,0.9590,CANDIDATE,,5696.00,1.2610,0.0343
,49.1782244,468.0,1.79,0.7640,CANDIDATE,0.6270,5674.00,0.8390,0.315
,545.54618,296.0,2.01,1.1070,FALSE POSITIVE,,6432.00,1.4760,0.4307
,1.928420823,1882.0,79.4,1.1650,FALSE POSITIVE,0.0000,6615.00,1.3260,0.818
,328.84846,219.0,2.23,0.7650,FALSE POSITIVE,,5382.00,0.7240,0.5355
,271.790292,354.0,2.38,1.1510,CANDIDATE,,6484.00,1.3200,0.0142
,125.95781975,,,,FALSE POSITIVE,,,,
,3.5645249,1029.0,0.6,0.9370,CANDIDATE,0.9920,5435.00,0.8240,0.188
,426.34444,314.0,1.33,1.0470,FALSE POSITIVE,,6395.00,1.3940,0.032
,48.2455501,449.0,0.64,0.7560,CANDIDATE,,5441.00,0.8270,0.3106
,256.846143,506.0,46743.4,1.4290,FALSE POSITIVE,,5208.00,4.3290,99.85
,146.931518,395.0,2.89,1.0200,FALSE POSITIVE,0.0000,6237.00,1.1350,0.99
,377.311149,243.0,2.56,0.9830,CANDIDATE,,5897.00,0.8910,0.3818
,265.741374,413.0,3.24,1.3970,CANDIDATE,0.5020,6537.00,1.8590,0.652
,470.65357,238.0,2.99,1.0270,CANDIDATE,,6039.00,0.9510,0.1585
,309.19347,236.0,3.07,0.9180,FALSE POSITIVE,,5504.00,0.8190,0.1186
,1.541530919,2689.0,115.49,1.5640,FALSE POSITIVE,0.0000,7631.00,1.9370,0.759
,122.713036,393.0,1.79,1.0690,FALSE POSITIVE,,6244.00,1.0090,0.5737
,15.18575582,922.0,2.26,1.0500,CANDIDATE,0.9290,6311.00,1.3390,0.474
,25.50236699,,,,FALSE POSITIVE,,,,
,290.625016,375.0,2.86,1.1510,FALSE POSITIVE,,5195.00,2.4090,0.0854
,2.945414866,3531.0,38.32,0.9170,FALSE POSITIVE,0.0000,4403.00,12.9270,0.002
,59.14382117,,,,CANDIDATE,,,,
,232.822285,305.0,48.88,1.0430,FALSE POSITIVE,,6106.00,0.9660,1.2469
,146.355097,135.0,0.82,0.2820,FALSE POSITIVE,,3401.00,0.2900,0.0515
,26.092284,717.0,1.35,1.2410,CANDIDATE,0.8700,6346.00,1.2140,0.068
,0.523493764,3565.0,1.82,1.3570,FALSE POSITIVE,0.0000,6122.00,2.4550,0.083
,514.14221,198.0,2.98,0.8420,FALSE POSITIVE,,5524.00,0.7800,0.1024
,47.0628978,483.0,4.1,0.9920,CANDIDATE,0.0000,5838.00,0.8970,0.819
,26.737139497,655.0,29.28,1.0090,FALSE POSITIVE,0.0000,5794.00,1.1550,0.734
,310.61299,279.0,3.04,1.0790,FALSE POSITIVE,,6063.00,1.0010,0.1879
,461.1417,410.0,7.1,0.8320,FALSE POSITIVE,,5071.00,3.6980,0.0046
,0.987069622,2232.0,2.43,1.2400,FALSE POSITIVE,0.0000,6602.00,1.2230,0.2
,329.71491,232.0,1.39,0.7600,FALSE POSITIVE,,5576.00,0.7580,0.0651
,100.345648,325.0,1.57,0.8250,CANDIDATE,0.9230,5180.00,0.8000,0.54
,111.187116,440.0,1.51,0.8810,CANDIDATE,,5806.00,1.2810,0.8164
,1.23708565,2174.0,36.31,1.1210,FALSE POSITIVE,0.0000,6556.00,1.3240,1.222
,498.24938,441.0,14.02,2.0000,FALSE POSITIVE,,4949.00,6.3340,0.1282
,1.573020098,2113.0,31.6,1.3130,FALSE POSITIVE,0.0000,6770.00,1.4490,1.184
,27.765596,605.0,1.2,1.0880,CANDIDATE,0.1130,5897.00,0.9990,0.069
,1.534679933,3570.0,18.39,2.0790,FALSE POSITIVE,1.0000,4965.00,8.8340,0.108
,71.59889,645.0,4.49,1.0400,FALSE POSITIVE,,6637.00,1.6620,0.6496
,367.6758,271.0,2.77,1.1420,CANDIDATE,,6140.00,1.0480,0.0213
,354.21154,363.0,8.41,1.2270,CANDIDATE,,4842.00,3.0350,0.2007
,171.028691,376.0,2.49,1.2290,CANDIDATE,0.8310,6123.00,1.2520,0.26
,624.90338,320.0,2.77,1.5320,CANDIDATE,,7089.00,1.7290,0.0703
,25.5338535,410.0,1.18,0.6290,CANDIDATE,,4445.00,0.6350,0.1577
,339.18998,253.0,2.75,0.8590,CANDIDATE,,5544.00,0.9660,0.2222
,77.66967809,,,,FALSE POSITIVE,,,,
,2.976012511,1476.0,79.99,1.0880,FALSE POSITIVE,0.0000,6572.00,1.0800,0.444
,349.73652,216.0,2.32,0.8860,CANDIDATE,,5310.00,0.7960,0.0074
,1.606003121,3359.0,360.08,0.7570,FALSE POSITIVE,0.0000,5297.00,5.0590,0.496
,61.438007,1020.0,14.79,2.4580,FALSE POSITIVE,,5080.00,8.5270,0.754
,436.18813,331.0,1.64,0.9930,CANDIDATE,,6499.00,1.4970,0.0998
,147.863607,305.0,2.03,0.9860,FALSE POSITIVE,,5485.00,0.8670,0.2482
,586.91711807,,,,FALSE POSITIVE,,,,
,21.1579573,682.0,1.63,1.1170,CANDIDATE,0.9990,6063.00,1.0120,0.775
,19.545185,790.0,0.76,1.0020,FALSE POSITIVE,,6273.00,1.1600,0.5474
,215.044269,306.0,1.89,0.8980,FALSE POSITIVE,,5651.00,1.0200,0.121
,169.330666,698.0,16.68,1.8390,CANDIDATE,,5106.00,7.0520,0.5518
,1.174683069,1901.0,3.06,1.0220,FALSE POSITIVE,0.0000,5974.00,1.1430,0.98
,33.2948005,600.0,1.46,1.0560,FALSE POSITIVE,,6217.00,0.9890,0.03
,249.35154,289.0,4.42,1.0000,CANDIDATE,,5780.00,1.0000,0.2745
,371.56492,259.0,1.89,0.7730,CANDIDATE,,5735.00,0.9720,0.2626
,546.53309,94.0,1.03,0.3680,CANDIDATE,,3434.00,0.3600,0.6074
,364.63189,298.0,2.06,1.1700,CANDIDATE,,6446.00,1.1550,0.4524
,330.738115,375.0,4.42,1.2480,CANDIDATE,,5458.00,2.4530,0.154
,78.876125,427.0,2.03,1.0110,CANDIDATE,,6046.00,0.9270,0.2209
,476.39752,261.0,1.82,1.0340,FALSE POSITIVE,,6300.00,1.0640,0.2293
,231.364508,202.0,2.45,0.6270,FALSE POSITIVE,,4691.00,0.6040,0.6598
,106.779168,555.0,1.94,1.3230,FALSE POSITIVE,,7158.00,1.4940,0.0246
,444.04257,211.0,1.48,0.8070,CANDIDATE,,5776.00,0.7260,0.062
,12.5748872,349.0,1.03,0.4060,FALSE POSITIVE,1.0000,3552.00,0.3870,0.035
,484.172005,235.0,2.38,1.1260,FALSE POSITIVE,,5858.00,1.0400,0.3737
,277.77499,216.0,2.48,0.7080,FALSE POSITIVE,,4949.00,0.7300,0.6035
,561.08191,255.0,1.93,1.0600,FALSE POSITIVE,,6014.00,1.2580,0.4298
,211.330867,300.0,2.09,1.0010,CANDIDATE,,5941.00,0.9110,0.055
,28.615014,783.0,1.69,1.2130,FALSE POSITIVE,0.0000,5562.00,1.9870,0.505
,105.5904748,670.0,8.16,1.0940,CANDIDATE,0.2330,4869.00,4.3830,0.743
,3.017155419,1486.0,38.71,0.9260,FALSE POSITIVE,0.0000,5893.00,1.3020,1.231
,94.818136,,,,FALSE POSITIVE,0.0000,,,
,52.6727624,521.0,1.64,1.1000,FALSE POSITIVE,,6184.00,1.0380,0.1764
,34.4886903,524.0,0.71,0.8780,FALSE POSITIVE,,5629.00,0.8860,0.5544
,2.6228301,1403.0,70.62,1.0540,FALSE POSITIVE,0.0000,6233.00,0.9880,0.488
,222.068928,782.0,29.97,3.0830,FALSE POSITIVE,,5221.00,12.0420,0.1522
,0.56493398,2206.0,30.51,0.7430,FALSE POSITIVE,0.0000,5808.00,0.8980,1.26
,246.12174,291.0,7233.87,1.0000,FALSE POSITIVE,,5780.00,1.0000,67.193
,159.05846,376.0,1.54,1.0020,FALSE POSITIVE,,6365.00,1.0330,0.7004
,550.86514,238.0,2.06,1.0560,CANDIDATE,0.0000,5912.00,1.1150,0.027
,380.39474,224.0,1.84,0.8230,CANDIDATE,,5772.00,0.7450,0.1094
,419.21314,243.0,5.06,1.0000,FALSE POSITIVE,,5780.00,1.0000,0.9597
,350.98474,228.0,1.97,0.8370,FALSE POSITIVE,,5473.00,0.8160,0.0886
,298.4688,554.0,11.33,2.0260,FALSE POSITIVE,,5189.00,6.4910,0.1765
,12.5747207,693.0,1.45,0.8650,CANDIDATE,0.9690,5654.00,0.7740,0.588
,43.22793081,,,,FALSE POSITIVE,,,,
,528.10984,201.0,0.77,0.8840,FALSE POSITIVE,,5618.00,0.8110,0.2535
,63.12379762,,,,FALSE POSITIVE,,,,
,358.54455552,,,,FALSE POSITIVE,,,,
,119.669671,413.0,2.21,1.1040,FALSE POSITIVE,0.0000,6382.00,1.0590,0.332
,598.31791,173.0,1.27,0.8190,FALSE POSITIVE,,5216.00,0.7350,0.5712
,33.3726538,491.0,1.95,0.8920,CANDIDATE,0.9840,5504.00,0.7960,0.038
,18.40783671,,,,FALSE POSITIVE,,,,
,143.163697,741.0,20.03,2.3940,CANDIDATE,,5145.00,7.6530,0.9527
,250.4858,246.0,2.1,0.9210,FALSE POSITIVE,,5377.00,0.8140,0.3157
,401.38712,303.0,2.04,1.0800,FALSE POSITIVE,0.0000,5858.00,1.4980,0.666
,49.312677,342.0,2.84,0.6570,FALSE POSITIVE,,4541.00,0.6660,0.5998
,288.94276,265.0,1.05,0.7240,FALSE POSITIVE,,5786.00,0.8270,0.2515
,273.6857427,367.0,37.15,1.1700,FALSE POSITIVE,0.0000,6033.00,1.6500,1.006
,28.1117095,599.0,1.19,1.0000,FALSE POSITIVE,,5780.00,1.0000,0.1158
,17.745456135,1106.0,116.14,1.2000,FALSE POSITIVE,0.0000,6337.00,2.2160,1.049
,603.3102,250.0,2.6,1.1340,FALSE POSITIVE,,6446.00,1.1250,0.3142
Kepler-1627 b,7.20281185,794.0,3.06,0.6810,CONFIRMED,1.0000,5388.00,0.7170,0.028
,36.4772788,427.0,1.65,0.7300,FALSE POSITIVE,,4910.00,0.7550,0.5298
,282.0309,315.0,3.22,1.2130,CANDIDATE,,6343.00,1.1370,0.3315
,179.25465,301.0,1.35,0.7700,CANDIDATE,,5692.00,0.8200,0.1755
,65.752109,458.0,2,1.0470,CANDIDATE,0.9790,5816.00,1.0300,0.109
,249.61377295,,,,FALSE POSITIVE,,,,
,59.9655175,481.0,1.92,1.0480,CANDIDATE,,5729.00,1.1050,0.0853
,399.49671,286.0,1.39,1.0560,FALSE POSITIVE,,6224.00,1.1770,0.0814
,112.951287,783.0,15.19,1.7820,CANDIDATE,,5215.00,6.4280,0.3936
,103.363691,385.0,2,1.1030,CANDIDATE,,5762.00,1.0220,0.5904
,251.958533,291.0,1.4,0.9940,FALSE POSITIVE,0.0000,5870.00,0.9850,0.005
,276.879492,260.0,11.67,0.8460,CANDIDATE,0.0000,5324.00,0.9660,1.045
,389.169027,519.0,15.36,1.8750,FALSE POSITIVE,,5075.00,6.9180,0.2117
,418.04355,463.0,13.73,1.6680,CANDIDATE,,5110.00,5.4690,0.8391
,18.78970984,752.0,44.01,0.7840,FALSE POSITIVE,0.0000,6477.00,0.8840,1.172
,0.915782856,2307.0,32.86,1.1680,FALSE POSITIVE,0.0000,6318.00,1.3330,1.209
,0.66882716,13184.0,124.42,3.6860,FALSE POSITIVE,0.9280,3711.00,150.0910,0.514
,370.05918,206.0,1.9,0.8060,CANDIDATE,,5228.00,0.7510,0.0166
,43.5428781,688.0,17.47,1.2510,FALSE POSITIVE,0.0000,6669.00,1.4270,0.984
,19.4534296,744.0,1.25,1.0660,CANDIDATE,0.9540,6372.00,1.0150,0.046
,3.72273683,1104.0,0.52,0.9040,FALSE POSITIVE,0.0000,5898.00,0.8190,0.52
,3.7229369,591.0,0.46,0.4920,FALSE POSITIVE,0.0000,3724.00,0.4800,0.896
,1.80455062,1577.0,0.65,0.9750,FALSE POSITIVE,0.0000,6006.00,1.0190,0.348
,10.1955065,661.0,1.02,0.6460,FALSE POSITIVE,,5182.00,0.6660,0.5396
,232.916142,361.0,1.2,1.0460,CANDIDATE,,5807.00,1.4960,0.2313
,3.66115536,1466.0,0.81,1.0850,FALSE POSITIVE,0.0000,6356.00,1.3080,0.676
Kepler-62 f,267.282521,207.0,1.43,0.7270,CONFIRMED,0.0000,4926.00,0.6620,0.378
Kepler-354 c,16.9348104,508.0,1.31,0.7040,CONFIRMED,0.9920,4650.00,0.7060,0.471
,44.7055876,509.0,72.59,1.0280,CANDIDATE,0.9970,5942.00,0.9380,1.692
,57.3888262,406.0,1.88,0.8690,CANDIDATE,0.8520,5242.00,0.8560,0.876
,126.51457638,,,,CANDIDATE,,,,
,14.5168151,1030.0,1.82,1.1410,CANDIDATE,0.9750,5934.00,1.8850,0.607
,225.43420422,,,,FALSE POSITIVE,,,,
,359.98653,200.0,1.76,0.7060,CANDIDATE,,5171.00,0.6770,0.3719
,1.540399732,1312.0,0.58,0.7380,FALSE POSITIVE,0.0000,5160.00,0.7840,0.106
,1.540389045,4379.0,32.54,3.0550,FALSE POSITIVE,0.0000,4964.00,15.1550,0.136
,1.540393027,1502.0,2.17,0.8130,FALSE POSITIVE,0.0000,5466.00,0.9460,0.343
,0.888045184,2870.0,2.04,1.2850,FALSE POSITIVE,0.1360,6316.00,2.0870,0.491
,43.9311596,902.0,58.37,1.7340,FALSE POSITIVE,0.9460,4888.00,5.1320,0.855
,494.62409,145.0,1.04,0.5890,FALSE POSITIVE,,4302.00,0.6040,0.4064
,573.23826,338.0,6.93,1.3300,CANDIDATE,,5172.00,3.2640,0.0078
,314.765374,217.0,2,0.8360,CANDIDATE,,5228.00,0.7550,0.158
,110.75214125,,,,FALSE POSITIVE,,,,
,121.1825045,,,,FALSE POSITIVE,,,,
,78.60436061,438.0,34.8,0.9470,FALSE POSITIVE,0.0000,5938.00,0.9850,0.828
,294.202469,401.0,2.61,1.2910,FALSE POSITIVE,,6897.00,1.6350,0.0219
,588.10504,231.0,1.77,0.9720,FALSE POSITIVE,,6214.00,0.9650,0.3168
,116.170346,320.0,1.68,0.8330,FALSE POSITIVE,,5510.00,0.7620,0.6637
,452.30053,199.0,2.29,0.8590,FALSE POSITIVE,,5396.00,0.7660,0.6613
,39.5931053,546.0,1.22,1.0530,FALSE POSITIVE,,6046.00,0.9720,0.0044
,1.55935718,2389.0,1.39,1.0970,FALSE POSITIVE,0.0000,6475.00,1.9000,0.568
,100.629443,412.0,1.75,1.0080,FALSE POSITIVE,,6351.00,0.9210,0.0726
,438.98396,599.0,32.58,2.9390,CANDIDATE,,5053.00,11.7060,0.546
,273.169948,362.0,2.8,1.0770,FALSE POSITIVE,,5880.00,1.6500,0.3259
Kepler-389 c,14.5123622,636.0,2.08,0.8130,CONFIRMED,0.9400,5094.00,0.8700,0.927
,1.434200327,2410.0,44.76,0.8970,FALSE POSITIVE,0.0000,6911.00,1.5010,1.208
,8.653098686,1324.0,77.15,0.8970,FALSE POSITIVE,0.0000,6911.00,1.5010,1.11
,2.302365255,1568.0,63.06,1.0250,FALSE POSITIVE,0.0000,5948.00,1.2290,1.1
,0.575445783,3478.0,1.3,1.3270,FALSE POSITIVE,0.0000,6215.00,2.3960,0.144
,214.715417,602.0,71.79,1.4210,FALSE POSITIVE,0.0000,5022.00,5.8260,0.981
,23.0295222,645.0,20.81,0.9360,FALSE POSITIVE,0.0000,5877.00,0.9590,1.173
,359.04147,181.0,27.1,0.6880,FALSE POSITIVE,0.0000,4596.00,0.6960,1.28
,0.52363021,1940.0,52.26,0.6940,FALSE POSITIVE,0.0000,5407.00,0.7450,0.549
,0.523632451,5313.0,1.08,2.2250,FALSE POSITIVE,0.7910,8277.00,3.5180,0.738
,492.25299,224.0,1.8,0.9610,FALSE POSITIVE,,5755.00,0.9360,0.226
,293.5056071,265.0,48.59,0.8870,FALSE POSITIVE,0.0000,5455.00,1.0060,1.341
,25.95247,946.0,1.56,1.5170,FALSE POSITIVE,,7351.00,1.6790,0.4398
,4.34573349,1151.0,0.86,0.9360,FALSE POSITIVE,0.0010,5967.00,0.9760,0.512
,288.07937,269.0,3.01,1.0830,CANDIDATE,,5825.00,0.9650,0.0483
,484.58335927,,,,FALSE POSITIVE,,,,
,288.285213,312.0,2.2,1.0040,FALSE POSITIVE,,6171.00,1.1270,0.0503
,198.895864,264.0,3.33,0.7560,CANDIDATE,,5184.00,0.8080,0.0543
,19.93826636,,,,FALSE POSITIVE,,,,
,491.08027,241.0,1.86,0.9040,FALSE POSITIVE,,5931.00,0.9970,0.4169
,3.350209754,1656.0,1447.13,1.2550,FALSE POSITIVE,0.0000,6657.00,1.5010,9.666
,628.592314,323.0,6.99,1.1140,FALSE POSITIVE,,5058.00,3.1170,0.8176
,471.37787,267.0,1.31,1.0710,FALSE POSITIVE,,5831.00,1.3050,0.0666
,52.69092296,,,,CANDIDATE,,,,
,425.22927,125.0,1.4,0.5020,FALSE POSITIVE,,3803.00,0.4920,0.1812
,37.71508287,,,,CANDIDATE,,,,
,5.1779065,1636.0,2.93,1.4270,CANDIDATE,0.0590,5921.00,2.5890,0.073
,474.22897,225.0,2,1.0390,CANDIDATE,,5818.00,0.9250,0.1936
,371.50631,242.0,2.88,0.9650,CANDIDATE,,5696.00,0.9240,0.0156
,606.91488768,,,,FALSE POSITIVE,,,,
,5.24331899,875.0,0.83,0.8230,FALSE POSITIVE,0.0000,5430.00,0.7350,0.778
Kepler-1454 b,47.0320478,492.0,1.98,0.8810,CONFIRMED,0.9580,5370.00,1.0550,0.161
,10.31453308,885.0,29.6,0.7280,FALSE POSITIVE,0.0000,6335.00,0.8370,1.276
,15.52861675,685.0,1.96,0.9800,FALSE POSITIVE,0.0010,5750.00,0.8820,0.113
,53.501860974,409.0,55.23,0.7900,FALSE POSITIVE,0.0000,5436.00,0.7480,0.431
,10.692230094,836.0,65.42,0.9970,FALSE POSITIVE,0.0000,6022.00,0.9410,0.528
,1.60375114,1688.0,0.82,0.8910,FALSE POSITIVE,0.0000,5818.00,1.1160,0.54
,15.7397651,536.0,1.18,0.7060,FALSE POSITIVE,0.1340,4733.00,0.7230,0.077
,117.26808432,,,,CANDIDATE,,,,
,73.3377984,601.0,73.06,1.3420,FALSE POSITIVE,0.0000,7276.00,1.3210,0.978
,282.159571,443.0,3.09,1.3510,FALSE POSITIVE,,6677.00,2.1080,0.5987
,6.58729511,1152.0,58.09,0.8480,FALSE POSITIVE,0.0000,5619.00,1.4060,0.723
,459.23193,265.0,2.64,0.9220,FALSE POSITIVE,,6067.00,1.1160,0.8765
,62.312419,838.0,6.15,2.0120,CANDIDATE,,4999.00,5.6150,0.3683
,25.9493253,409.0,1.04,0.5780,FALSE POSITIVE,0.0000,4835.00,0.5260,0.655
,212.76701,354.0,1.08,1.0900,FALSE POSITIVE,,6098.00,1.2450,0.3531
,386.62189,267.0,1.44,1.0060,FALSE POSITIVE,,6085.00,1.0330,0.1616
,84.644104,1254.0,34.61,2.6880,FALSE POSITIVE,0.1750,5229.00,15.5170,0.178
,575.95408,194.0,2.92,0.8570,FALSE POSITIVE,,5398.00,0.8540,0.0868
,426.942225,187.0,2.32,0.6850,CANDIDATE,,5126.00,0.6690,0.2981
,117.844963,308.0,2.52,0.8590,FALSE POSITIVE,,5317.00,0.7690,0.4594
,83.499618,343.0,1.72,0.7310,CANDIDATE,0.6430,5141.00,0.7730,0.341
,91.507044,302.0,1.43,0.6160,CANDIDATE,,5040.00,0.6260,0.1665
,188.664098,232.0,2.02,0.6550,CANDIDATE,,4788.00,0.6720,0.2033
,75.636309,447.0,1.32,1.0540,CANDIDATE,,6072.00,0.9940,0.2749
,24.614775,574.0,1.28,0.9040,FALSE POSITIVE,0.0000,5654.00,0.8490,0.089
,1.21374744,2441.0,96.19,1.3200,FALSE POSITIVE,0.0000,6791.00,1.6190,0.831
,492.23808,209.0,2.19,0.9370,CANDIDATE,,5609.00,0.8540,0.0198
,198.6004,458.0,4.6,1.0140,CANDIDATE,,5357.00,2.5220,0.648
,372.30881,249.0,2.09,0.9870,FALSE POSITIVE,,5966.00,0.9040,0.1243
,454.244158,356.0,2.93,1.1030,FALSE POSITIVE,,6446.00,1.8740,0.0033
,112.48226,386.0,1.37,1.0310,FALSE POSITIVE,,6089.00,0.9500,0.5181
,218.56734012,,,,FALSE POSITIVE,,,,
,229.948531,301.0,1.09,0.9310,FALSE POSITIVE,,6225.00,0.8610,0.35
,403.5637828,,,,FALSE POSITIVE,,,,
,2.41172358,1706.0,50.53,1.0720,FALSE POSITIVE,0.0000,6363.00,1.3320,1.281
,92.9314146,,,,FALSE POSITIVE,,,,
,103.22293786,,,,FALSE POSITIVE,,,,
,5.71966537,1479.0,0.82,1.2270,CANDIDATE,,6356.00,1.8650,0.1103
,209.06299275,329.0,72.26,1.0050,FALSE POSITIVE,0.0000,6130.00,1.0240,0.823
,201.621794,309.0,2.02,0.9450,CANDIDATE,,5919.00,0.9230,0.1779
,70.335879746,455.0,29.56,1.0220,FALSE POSITIVE,0.0000,6081.00,0.9660,1.04
,591.37382,289.0,2.2,1.0760,FALSE POSITIVE,,6609.00,1.3910,0.1609
,559.28332,150.0,2.54,0.7080,FALSE POSITIVE,,4386.00,0.7090,0.3058
,24.6777128,1176.0,6.04,1.2250,CANDIDATE,,4995.00,5.0580,0.6305
,113.05980069,,,,CANDIDATE,,,,
,136.355967,380.0,1.42,1.0420,FALSE POSITIVE,,6077.00,1.0580,0.6066
,54.6957124,405.0,3.28,0.7150,CANDIDATE,0.0880,5299.00,0.7570,0.954
,532.9307,498.0,4.68,2.0680,FALSE POSITIVE,,7872.00,3.3730,0.4579
,169.84787744,,,,CANDIDATE,,,,
,284.699924,293.0,2,1.0230,CANDIDATE,,6054.00,1.0280,0.3145
,171.69799,878.0,39.78,3.0100,FALSE POSITIVE,,5033.00,13.6790,0.2266
,444.89411,386.0,4.7,1.2300,FALSE POSITIVE,,6195.00,2.4390,0.2991
,402.20969,452.0,10.03,1.0670,CANDIDATE,,4961.00,4.6490,0.3779
,229.86928,466.0,9.57,1.1620,FALSE POSITIVE,,6065.00,2.3440,0.049
,5.14108479,1038.0,25.74,1.0330,FALSE POSITIVE,0.0000,5893.00,0.9410,1.225
,179.27230765,,,,FALSE POSITIVE,,,,
,584.55603,354.0,6.69,1.3700,CANDIDATE,,5208.00,3.6200,0.3282
,200.83849979,,,,FALSE POSITIVE,,,,
,40.1043796,591.0,1.5,1.0200,FALSE POSITIVE,,6174.00,1.0890,0.2029
,70.31252504,,,,CANDIDATE,,,,
,30.114681501,639.0,56.45,1.0990,FALSE POSITIVE,0.0000,6273.00,1.0440,1.046
,69.775633,480.0,1.19,0.9100,CANDIDATE,,6224.00,0.9830,0.3519
,58.5029431,611.0,1.54,1.1960,CANDIDATE,,6525.00,1.4120,0.0062
,415.748785,283.0,3.24,0.9120,CANDIDATE,,5324.00,1.5340,0.1124
,36.1826854,635.0,56.41,0.9010,FALSE POSITIVE,0.0000,5696.00,1.3210,1.267
,24.1527864,701.0,0.97,1.0730,CANDIDATE,0.4920,6223.00,1.0950,0.175
,11.1734401,1279.0,1.4,1.5520,CANDIDATE,0.9030,7372.00,1.7520,0.268
,472.2265706,217.0,48.18,0.9370,FALSE POSITIVE,0.0000,5763.00,0.8420,0.876
,428.379308,236.0,2,0.7980,CANDIDATE,,5574.00,0.9530,0.7102
,1.507099289,1448.0,26.56,0.8920,FALSE POSITIVE,0.0000,5762.00,0.8010,1.265
,253.652263,159.0,1169.79,0.5530,FALSE POSITIVE,,3960.00,0.5370,20.7849
,392.72811,226.0,1.85,0.8770,CANDIDATE,,5701.00,0.8150,0.4505
,128.66825288,,,,FALSE POSITIVE,,,,
,485.57785,187.0,2.18,0.8000,FALSE POSITIVE,,5255.00,0.7270,0.5739
,374.05697,209.0,2.34,0.8650,CANDIDATE,,5302.00,0.7710,0.1026
,643.4528,192.0,2.03,0.9300,FALSE POSITIVE,,5649.00,0.8450,0.1952
,339.633833,250.0,2.04,0.9840,CANDIDATE,,5823.00,0.9010,0.111
,1.061934307,1696.0,18.7,0.9610,FALSE POSITIVE,0.0000,5853.00,0.8680,1.181
,9.5497037,456.0,1.45,0.5700,FALSE POSITIVE,0.0000,3705.00,0.5690,0.028
,140.884533,392.0,1.52,1.0870,CANDIDATE,0.9650,5960.00,1.2130,0.013
,77.138911,406.0,3.39,1.0280,FALSE POSITIVE,0.0000,5778.00,0.9110,0.981
,100.494129,523.0,1.33,1.2400,CANDIDATE,,6018.00,1.7500,0.0813
,182.453195,332.0,1.26,0.9520,CANDIDATE,,6164.00,0.9270,0.0792
,0.536551592,2377.0,12.88,1.0940,FALSE POSITIVE,0.0000,6140.00,1.0270,1.102
,68.54443156,,,,FALSE POSITIVE,,,,
,130.110715,343.0,1.32,0.9100,FALSE POSITIVE,,5960.00,0.8280,0.1883
,242.484764,283.0,1.58,0.9260,FALSE POSITIVE,,6068.00,0.8290,0.1785
,383.26217,203.0,1.57,0.7250,CANDIDATE,,5074.00,0.7610,0.1407
,178.266978,241.0,3.71,0.8180,CANDIDATE,0.8030,4899.00,0.7130,0.886
,385.593209,311.0,2.37,1.0500,FALSE POSITIVE,,6205.00,1.3580,0.5548
,215.737826,231.0,8.71,0.7180,FALSE POSITIVE,0.0000,4889.00,0.7240,0.916
,507.48249,189.0,1.22,0.7010,FALSE POSITIVE,,5227.00,0.7440,0.7261
,30.9771151,950.0,4.3,1.4830,CANDIDATE,,5197.00,3.7840,0.5092
,19.11280242,,,,CANDIDATE,,,,
,30.2111162,1033.0,4.44,1.7100,FALSE POSITIVE,,5132.00,4.7320,0.0666
Kepler-1628 b,76.377855,240.0,6.28,0.5870,CONFIRMED,0.0000,3869.00,0.5840,0.577
,55.249007325,496.0,60.79,1.1170,FALSE POSITIVE,0.0000,6063.00,1.0120,0.785
,14.2673439,657.0,1.21,0.9440,CANDIDATE,0.9970,5475.00,0.8370,0.042
,22.52907,532.0,1.39,0.8550,FALSE POSITIVE,,5284.00,0.7690,0.3668
,66.247851,925.0,16.67,1.9960,FALSE POSITIVE,,5214.00,6.5190,0.2847
,370.91308,266.0,1.74,0.9850,FALSE POSITIVE,,5892.00,1.0540,0.3443
,360.64485255,,,,CANDIDATE,,,,
,7.41505161,2815.0,91.09,3.3660,FALSE POSITIVE,1.0000,4989.00,18.2660,0.979
,2.742590902,1960.0,176.4,1.4280,FALSE POSITIVE,0.0000,7072.00,1.7050,0.473
,541.04472,206.0,1.08,0.8790,CANDIDATE,,5829.00,0.8020,0.2387
,514.271499,258.0,3.01,1.2130,CANDIDATE,,6343.00,1.1370,0.2032
,571.14302,210.0,2.22,1.0600,CANDIDATE,,5751.00,0.9430,0.5041
,216.453511,274.0,2.91,0.8100,FALSE POSITIVE,,5385.00,0.8780,0.0052
,37.0488669,,,,FALSE POSITIVE,,,,
,540.39267,206.0,3.63,0.9500,CANDIDATE,,5693.00,0.8560,0.3683
,542.16158927,,,,FALSE POSITIVE,,,,
,190.905243,356.0,1.73,0.9760,CANDIDATE,,6098.00,1.1310,0.3708
,11.0153889,1047.0,65.27,0.8130,FALSE POSITIVE,0.0000,5515.00,1.6780,1.287
,28.34230575,,,,FALSE POSITIVE,,,,
,231.521608,274.0,1.96,0.9710,FALSE POSITIVE,,5695.00,0.8720,0.5303
,180.890384,480.0,2.47,1.4170,FALSE POSITIVE,,7037.00,1.6830,0.3417
,60.0546149,694.0,5.24,1.2530,FALSE POSITIVE,,5242.00,2.9170,0.3355
,20.5142642,598.0,1.14,0.8430,CANDIDATE,0.8840,5221.00,0.9360,0.256
,495.854189,230.0,2.41,0.9480,CANDIDATE,0.0000,5613.00,1.0440,0.031
,2.037453129,2220.0,136.3,1.2440,FALSE POSITIVE,0.0000,6456.00,2.0560,0.611
,318.25858,212.0,2.03,0.8330,CANDIDATE,,5108.00,0.7590,0.0281
,184.883155,393.0,2.82,1.0420,CANDIDATE,,5620.00,1.6210,0.3074
,11.006795,874.0,1.34,1.0580,CANDIDATE,0.9890,6091.00,1.0470,0.66
,177.37583,314.0,1.96,1.0140,CANDIDATE,,5849.00,0.9190,0.0539
,35.164087,756.0,62.03,1.0490,FALSE POSITIVE,0.0000,5485.00,2.0870,1.227
,107.11003503,,,,FALSE POSITIVE,,,,
,366.55705,266.0,2.63,1.1160,CANDIDATE,,5857.00,1.1000,0.1247
,462.26052152,,,,FALSE POSITIVE,,,,
,39.42516213,,,,CANDIDATE,,,,
,124.887214,435.0,1.78,0.8980,CANDIDATE,0.9900,6103.00,1.2340,0.752
,0.533000886,2429.0,40.94,0.8850,FALSE POSITIVE,0.0000,5934.00,1.0640,1.271
,200.35091012,,,,FALSE POSITIVE,,,,
,114.32859485,,,,FALSE POSITIVE,,,,
,99.97889,463.0,1.84,1.0480,FALSE POSITIVE,,5229.00,1.7250,0.3044
,374.71687,259.0,5.56,0.8810,FALSE POSITIVE,,5768.00,1.0090,0.985
,295.958914,265.0,2.1,0.8710,CANDIDATE,0.9070,5505.00,0.9920,0.024
,120.938669,333.0,2.32,0.7770,CANDIDATE,0.9940,5456.00,0.8430,0.011
,362.22202,312.0,0.96,0.8740,CANDIDATE,,6113.00,1.2770,0.5664
,42.070868,469.0,1.82,0.8470,FALSE POSITIVE,,5197.00,0.9380,0.2878
,631.99116,210.0,1.86,0.9010,CANDIDATE,,5594.00,1.0060,0.2397
,401.73243,307.0,2.88,1.0860,FALSE POSITIVE,,5938.00,1.5040,0.0839
,428.1186,260.0,2.18,1.0910,FALSE POSITIVE,,6225.00,1.0310,0.1377
,37.3683802,1075.0,10.58,2.1230,FALSE POSITIVE,,5101.00,6.4220,0.8375
,615.81928,221.0,1.24,1.0240,FALSE POSITIVE,,6120.00,0.9550,0.1794
,557.92882,300.0,2.97,0.7920,CANDIDATE,,5553.00,1.8440,0.1034
,77.51257,702.0,28199.3,1.3830,CANDIDATE,,5261.00,3.6300,72.1108
,46.969389,638.0,7.45,0.8240,CANDIDATE,,5401.00,1.7170,0.3246
,0.512581525,1541.0,42.41,0.5910,FALSE POSITIVE,0.0410,4612.00,0.6040,0.505
,206.801125,675.0,24.34,2.5710,CANDIDATE,,5048.00,8.6110,0.6772
,14.0019064,1646.0,17.96,0.9360,CANDIDATE,,4883.00,6.5020,0.9747
,1.42796645,1637.0,39.76,1.0000,FALSE POSITIVE,0.0000,6099.00,0.9190,1.305
,525.757041,372.0,11.07,1.7640,CANDIDATE,0.0000,5277.00,3.9310,0.11
,313.82752,272.0,1.26,0.9810,CANDIDATE,,5914.00,0.9730,0.1103
,236.09799849,,,,CANDIDATE,,,,
,70.61977122,,,,FALSE POSITIVE,,,,
,216.10910854,,,,FALSE POSITIVE,,,,
,425.593391,278.0,2.25,0.9310,CANDIDATE,,5458.00,1.4410,0.4892
,44.51439331,,,,FALSE POSITIVE,,,,
,43.08410127,,,,CANDIDATE,,,,
,230.80401566,,,,FALSE POSITIVE,,,,
,237.819002,302.0,2.55,1.0380,CANDIDATE,0.5620,5878.00,1.0350,0.018
,581.87357,218.0,2.96,1.1060,CANDIDATE,,5897.00,0.9920,0.1603
,15.9961296,560.0,1.71,0.8550,CANDIDATE,0.9950,4949.00,0.7770,0.297
,28.297207229,713.0,54.15,0.9140,FALSE POSITIVE,0.0000,6327.00,1.1510,1.227
,213.63312404,,,,CANDIDATE,,,,
,412.227551,529.0,21.53,2.0420,FALSE POSITIVE,,5079.00,7.6840,0.1894
,586.63177,189.0,1.18,0.7870,FALSE POSITIVE,,5228.00,0.8540,0.0345
,364.95068,241.0,3.69,0.7820,FALSE POSITIVE,,5574.00,0.8840,0.9571
,44.36123319,,,,FALSE POSITIVE,,,,
,438.00974,197.0,0.73,0.6800,FALSE POSITIVE,,5260.00,0.7170,0.8575
,7.62210397,1422.0,3.8,1.3120,CANDIDATE,0.6540,5222.00,3.1620,0.323
,3.479508244,3167.0,444.46,1.5880,FALSE POSITIVE,0.0000,4630.00,12.6230,1.252
,406.29695,315.0,1.85,1.1320,FALSE POSITIVE,,6031.00,1.5660,0.4038
,0.9886684,3183.0,3.18,1.4900,CANDIDATE,1.0000,6456.00,2.7730,0.372
,3.34465934,1559.0,1.17,1.0280,FALSE POSITIVE,0.0000,5966.00,1.5510,0.005
,513.14417,208.0,1.3,0.9200,FALSE POSITIVE,,5709.00,0.8370,0.5818
,14.5555096,594.0,2.03,0.8260,CANDIDATE,0.8860,5176.00,0.7380,0.528
,114.12716,295.0,2.76,0.7950,CANDIDATE,,4816.00,0.8230,0.7092
,17.0497376,1971.0,45.89,3.1490,CANDIDATE,,5039.00,14.9540,0.9703
,13.0366377,1047.0,2.23,1.0460,FALSE POSITIVE,,6084.00,1.6770,0.7039
,2.64181261,834.0,0.59,0.6780,CANDIDATE,0.9940,4147.00,0.6830,0.608
,270.98477,594.0,11761.1,2.1020,FALSE POSITIVE,,11068.00,1.5550,70.1733
,583.8531,196.0,1.97,0.9770,CANDIDATE,,5591.00,0.8600,0.5925
,72.782432,924.0,11.19,2.0490,CANDIDATE,,5099.00,7.3170,0.1157
,10.552241908,485.0,1.75,0.5780,CANDIDATE,1.0000,4031.00,0.5850,0.025
,2.74703312,2917.0,61.97,2.0320,FALSE POSITIVE,0.0010,8237.00,3.1340,1.17
,440.171272,334.0,5.97,1.0300,CANDIDATE,0.9400,6261.00,1.6790,0.956
,37.537859,583.0,1.77,1.1500,CANDIDATE,0.0890,6095.00,1.0820,0.058
,474.96952,249.0,2.44,1.0020,CANDIDATE,,6287.00,0.9620,0.5688
,0.864651455,1720.0,0.69,0.9520,FALSE POSITIVE,0.0000,5587.00,0.8510,0.235
,74.624063,448.0,1.75,1.0110,CANDIDATE,0.7160,6187.00,0.9370,0.019
,25.4805211,659.0,1.25,1.0520,FALSE POSITIVE,1.0000,6250.00,0.9860,0.186
,512.11636,198.0,1.47,0.9110,FALSE POSITIVE,,5492.00,0.8120,0.5008
,348.61891,253.0,2.4,1.0060,FALSE POSITIVE,,5911.00,0.9140,0.282
,368.70839,267.0,2.87,0.9560,FALSE POSITIVE,,6409.00,0.8870,0.5958
,7.1091096,855.0,1.08,0.9160,FALSE POSITIVE,0.0000,5665.00,0.8200,0.663
,416.9504,377.0,7.35,1.2690,CANDIDATE,,5751.00,2.6110,0.9542
,397.3958488,280.0,64.56,0.9460,FALSE POSITIVE,0.0000,5544.00,1.3620,1.19
Kepler-1633 b,62.134919,925.0,6.71,2.0060,CONFIRMED,0.8140,5889.00,4.9120,0.827
,1.667482003,3257.0,15.15,0.9400,FALSE POSITIVE,0.0000,4678.00,6.7200,0.052
,574.65297,196.0,2.28,0.8790,CANDIDATE,,5596.00,0.8210,0.5663
,5.29730786,1044.0,1.49,1.0000,FALSE POSITIVE,0.0000,5780.00,1.0000,0.728
,21.9578446,533.0,0.78,0.8960,CANDIDATE,,5192.00,0.8020,0.1492
,77.395279,646.0,6.16,1.1370,FALSE POSITIVE,,5158.00,2.9950,0.1748
,373.41509,158.0,2.55,0.5990,CANDIDATE,,4236.00,0.6120,0.0532
,612.882452,217.0,2.42,1.0400,FALSE POSITIVE,,6029.00,0.9560,0.284
,107.904526,337.0,1.26,0.8790,CANDIDATE,,5565.00,0.8020,0.2415
,11.03571773,991.0,70.42,0.9000,FALSE POSITIVE,0.0000,6201.00,1.2300,0.911
,42.093314,407.0,2.19,0.7380,FALSE POSITIVE,0.5070,4885.00,0.7630,0.035
,274.10859251,,,,FALSE POSITIVE,,,,
,282.029084,363.0,2.33,1.2270,CANDIDATE,,6886.00,1.2870,0.4082
,339.18109,332.0,1.7,1.0650,FALSE POSITIVE,,6407.00,1.3440,0.077
,3.55650976,2353.0,283.93,1.8680,FALSE POSITIVE,0.0000,8105.00,2.4330,0.622
,3.1318392,1443.0,1.5,0.8630,CANDIDATE,,6070.00,1.1590,0.3864
,38.27772448,,,,FALSE POSITIVE,,,,
,25.285232337,740.0,69.68,1.0210,FALSE POSITIVE,0.0000,6486.00,1.1360,1.208
,207.767894,379.0,3.52,0.9760,CANDIDATE,,5210.00,1.8490,0.6973
,82.508054,878.0,14.04,2.2310,CANDIDATE,,4986.00,7.7330,0.0379
,113.083522,450.0,1.59,1.0790,CANDIDATE,0.9500,5903.00,1.4000,0.039
,1.23138339,1648.0,0.82,1.0710,FALSE POSITIVE,0.0000,5791.00,0.9580,0.348
,381.37504,212.0,1.24,0.7960,CANDIDATE,,5513.00,0.7290,0.3515
,322.55663046,,,,FALSE POSITIVE,,,,
,7.2269859,603.0,0.79,0.5970,FALSE POSITIVE,0.0000,4347.00,0.6090,0.561
,0.762724045,1860.0,41.02,0.8540,FALSE POSITIVE,0.7680,5313.00,0.9760,1.252
,206.76425774,,,,FALSE POSITIVE,,,,
,529.39169,319.0,4.4,1.1440,CANDIDATE,,5283.00,2.5040,0.037
,362.49906,277.0,2.51,0.9680,FALSE POSITIVE,,6043.00,1.0650,0.5297
,190.65896,281.0,2.54,0.9000,FALSE POSITIVE,,5508.00,0.8350,0.9508
Kepler-1630 b,509.997402,182.0,2.62,0.7240,CONFIRMED,,5037.00,0.7560,0.0254
,1.50650036,1809.0,0.81,0.9980,FALSE POSITIVE,0.0000,6201.00,1.1260,0.684
,194.48732212,,,,FALSE POSITIVE,,,,
,495.51899,305.0,2.94,1.0620,CANDIDATE,,6043.00,1.6340,0.6052
,388.048463,376.0,3,1.2900,CANDIDATE,,5779.00,2.4600,0.1973
,34.0269868,455.0,1.57,0.7640,CANDIDATE,,4999.00,0.8010,0.5682
,173.219879,405.0,2.41,1.2150,CANDIDATE,,6007.00,1.5180,0.5113
Kepler-1634 b,374.878133,282.0,4.27,1.1030,CONFIRMED,0.9680,5636.00,1.3540,0.626
,5.2362026,1378.0,75.83,1.2550,FALSE POSITIVE,0.0000,6176.00,1.6310,1.379
,48.55059299,,,,FALSE POSITIVE,,,,
,511.882,241.0,2.56,1.0460,CANDIDATE,,6141.00,1.0070,0.5102
,247.372131,290.0,2.47,1.0000,FALSE POSITIVE,,5780.00,1.0000,0.4257
,96.16705,313.0,1.15,0.7790,CANDIDATE,,5147.00,0.7160,0.1194
,95.254421,413.0,2.2,1.1170,FALSE POSITIVE,,6063.00,1.0120,0.3116
Kepler-1636 b,425.483539,248.0,3.2,1.1330,CONFIRMED,0.9040,5977.00,1.0220,0.03
,208.800733,347.0,2.88,1.1750,CANDIDATE,,6208.00,1.1680,0.3095
,7.863361238,1057.0,22.7,0.9760,FALSE POSITIVE,0.9730,5615.00,1.4000,0.869
,120.16983803,,,,FALSE POSITIVE,,,,
,113.71363032,,,,CANDIDATE,,,,
,17.634272,842.0,1.69,0.9330,CANDIDATE,,4885.00,1.9790,0.1876
,0.745086745,1654.0,1.29,0.8400,FALSE POSITIVE,0.0000,5325.00,0.7500,0.626
,247.47724314,,,,FALSE POSITIVE,,,,
,208.047137,363.0,2.05,0.7840,CANDIDATE,,5991.00,1.2000,0.1884
,30.561533,379.0,1.53,0.6540,CANDIDATE,,4294.00,0.6640,0.0124
Kepler-1637 b,6.10968225,1093.0,0.79,0.7560,CONFIRMED,0.9990,6024.00,1.0090,0.108
,292.09809,267.0,2.09,0.9720,CANDIDATE,,5955.00,0.8830,0.5155
,11.8045536,660.0,0.94,0.8130,FALSE POSITIVE,,4971.00,0.8570,0.1533
,578.21623,328.0,3.54,1.5290,CANDIDATE,,5166.00,3.2440,0.3763
,56.648588,377.0,2.19,0.8210,CANDIDATE,0.9900,5023.00,0.7820,0.769
,53.554546,769.0,3.1,1.4420,CANDIDATE,0.9440,6039.00,2.6220,0.62
,3.1748772,1410.0,8.8,0.9440,FALSE POSITIVE,0.0000,5116.00,1.6190,0.94
,119.079642,795.0,17.89,2.5730,CANDIDATE,,4849.00,8.9840,0.2275
,371.18648,291.0,2.06,1.0540,FALSE POSITIVE,,6231.00,1.1520,0.0845
,20.5858591,586.0,1.31,0.6950,CANDIDATE,,5523.00,0.7530,0.7233
,10.90962154,1127.0,149.1,0.8040,FALSE POSITIVE,0.0000,5323.00,2.0640,0.146
,113.573945,496.0,3.45,1.0670,CANDIDATE,,5155.00,2.2330,0.1359
,27.0779813,597.0,2.03,0.7730,FALSE POSITIVE,0.0000,5906.00,0.8500,0.957
,1.827660875,1664.0,42.1,1.1180,FALSE POSITIVE,0.0000,6352.00,1.0720,1.026
,542.91133,199.0,2.27,0.8990,CANDIDATE,,5583.00,0.8240,0.3766
,376.554588,247.0,2,1.0040,FALSE POSITIVE,,5926.00,0.9130,0.0963
,538.4263,322.0,3.2,1.1430,FALSE POSITIVE,,5962.00,2.0280,0.3917
,94.20561159,,,,FALSE POSITIVE,,,,
,378.70643955,,,,FALSE POSITIVE,,,,
,78.4286313,425.0,85.77,1.0000,FALSE POSITIVE,0.0000,5780.00,1.0000,1.388
,287.75613,215.0,3.4,0.8560,CANDIDATE,,4965.00,0.7810,0.2794
,2.53021,1543.0,41.44,0.9240,FALSE POSITIVE,0.1330,5780.00,1.2960,1.275
,2.249000963,2126.0,59.61,1.2090,FALSE POSITIVE,0.0000,6025.00,2.2930,0.68
,189.961729,260.0,1.93,0.8300,CANDIDATE,,5335.00,0.7420,0.1845
,121.62387378,,,,FALSE POSITIVE,,,,
,202.18722766,,,,CANDIDATE,,,,
,280.92070688,,,,CANDIDATE,,,,
,432.074696,193.0,2.39,0.8180,FALSE POSITIVE,,5183.00,0.7390,0.1559
,169.415073,413.0,2.32,1.1990,CANDIDATE,,6362.00,1.3780,0.7546
,460.77905,387.0,4.24,1.4490,FALSE POSITIVE,0.0000,6126.00,2.7170,0.324
,3.21318517,1710.0,8.24,1.2060,FALSE POSITIVE,0.0000,6712.00,1.5130,0.924
,57.7749373,524.0,1.85,1.1480,CANDIDATE,0.9950,6277.00,1.0970,0.044
,331.78248134,,,,FALSE POSITIVE,,,,
,1.20608769,1941.0,44.46,1.0280,FALSE POSITIVE,0.0000,5657.00,1.3550,1.253
,613.82905,307.0,2.85,1.3050,FALSE POSITIVE,,5636.00,2.3570,0.2616
,476.80454,227.0,1.12,0.8810,FALSE POSITIVE,,5806.00,0.9010,0.5619
Kepler-1631 b,4.09513876,1122.0,1.75,1.0560,CONFIRMED,1.0000,5858.00,0.9630,0.97
,502.8356901,,,,CANDIDATE,,,,
,81.704814,442.0,1.65,0.8670,CANDIDATE,,6099.00,0.9500,0.0021
,0.779615874,1847.0,0.83,0.9590,FALSE POSITIVE,0.0000,5764.00,0.8630,0.699
,578.21805,223.0,2.44,1.0310,CANDIDATE,,6089.00,0.9500,0.3937
,317.009388,345.0,4.03,1.1500,CANDIDATE,,5066.00,2.2700,0.2991
,482.51701,242.0,2.3,1.0340,CANDIDATE,,6168.00,0.9600,0.0846
,224.469892,323.0,2.35,0.9440,FALSE POSITIVE,,5911.00,1.0910,0.2691
,113.556471,651.0,6.76,0.9300,FALSE POSITIVE,,4842.00,4.1640,0.1828
,208.02789,196.0,1.04,0.6220,FALSE POSITIVE,,4285.00,0.6320,0.6065
,308.024953,345.0,3.55,0.8350,FALSE POSITIVE,,5220.00,1.8870,0.3366
,7.77710639,773.0,0.73,0.8000,CANDIDATE,0.9960,5073.00,0.8510,0.196
,1.33261458,1208.0,3.65,0.7480,FALSE POSITIVE,0.0000,4611.00,0.7600,0.936
,233.64574,296.0,5.2,1.0000,CANDIDATE,,5780.00,1.0000,0.0691
,27.285315,678.0,2.19,1.1100,CANDIDATE,0.4400,6304.00,1.0940,0.213
,105.895315,323.0,2.69,0.7860,FALSE POSITIVE,,5271.00,0.7810,0.093
,61.224558,525.0,2.76,1.2130,FALSE POSITIVE,0.1300,6343.00,1.1400,0.571
,28.507877538,613.0,27.79,1.0230,FALSE POSITIVE,0.0000,6131.00,0.9450,1.025
,444.46522,189.0,30.17,0.8360,FALSE POSITIVE,,5134.00,0.7460,1.2803
,8.48039,969.0,1.23,1.1270,FALSE POSITIVE,0.0000,6193.00,1.0670,0.008
,445.351255,370.0,3.66,1.4540,CANDIDATE,,7202.00,1.7550,0.1716
,72.0153825,783.0,6.94,1.8360,FALSE POSITIVE,,5099.00,5.0320,0.6038
,21.12752693,2349.0,20.93,1.6360,FALSE POSITIVE,0.0000,4024.00,30.8820,0.157
,23.9341825,432.0,1.03,0.7080,FALSE POSITIVE,,4415.00,0.7150,0.0465
,87.775799,409.0,2.44,0.9090,FALSE POSITIVE,,5604.00,1.0250,0.8114
,65.67350728,,,,FALSE POSITIVE,,,,
,222.06409878,,,,FALSE POSITIVE,,,,
,35.882272887,512.0,35.21,0.8980,FALSE POSITIVE,0.0000,5840.00,0.8120,0.858
,8.780603773,775.0,52.34,0.9240,FALSE POSITIVE,0.0000,5487.00,0.8320,1.127
,97.5137491,630.0,5.27,1.3720,CANDIDATE,,5437.00,3.1800,0.0922
,549.42772,223.0,2.64,1.0830,CANDIDATE,,5957.00,0.9710,0.4315
,284.666844,486.0,8.98,1.6600,CANDIDATE,,5248.00,4.4130,0.3413
Kepler-1632 b,224.150923,369.0,2.41,0.8180,CONFIRMED,0.9990,6072.00,1.2860,0.019
,148.179343,367.0,2.52,0.9670,CANDIDATE,1.0000,5635.00,1.1830,0.102
,551.49832,215.0,4.89,0.9780,FALSE POSITIVE,,5926.00,0.8870,0.9478
,351.2878737,252.0,38.47,1.0060,FALSE POSITIVE,0.0000,5911.00,0.9140,0.712
,376.934014,274.0,2.13,0.9130,CANDIDATE,,6074.00,1.0340,0.6546
,46.50446209,,,,FALSE POSITIVE,,,,
,17.168095,603.0,4.81,0.8850,CANDIDATE,0.9920,5053.00,1.9070,0.999
,124.091252,305.0,1.3,0.8520,FALSE POSITIVE,,5275.00,0.7920,0.031
,403.163148,240.0,2.49,1.0790,CANDIDATE,0.3130,5812.00,0.9630,0.02
,341.557931,393.0,6.81,1.2450,CANDIDATE,,5138.00,3.0980,0.6746
,476.91977,321.0,2.49,1.2570,CANDIDATE,,6282.00,1.7250,0.5589
,9.011888,1105.0,7.04,1.1030,CANDIDATE,0.9990,5627.00,1.7350,0.948
,351.25069,186.0,2.23,0.6160,CANDIDATE,,4828.00,0.6300,0.1777
,212.771978,255.0,2.84,0.7930,FALSE POSITIVE,,5122.00,0.8240,0.2065
,65.3558881,337.0,2.61,0.7550,CANDIDATE,,4703.00,0.7640,0.4827
,18.0766788,694.0,19.47,1.0000,FALSE POSITIVE,0.0000,5780.00,1.0000,0.822
,1.33255577,1420.0,0.97,0.8350,FALSE POSITIVE,0.0000,5122.00,0.8810,0.199
,1.33259275,1703.0,0.97,1.0450,FALSE POSITIVE,0.0000,6091.00,0.9670,0.833
,36.6092739,1623.0,52.42,1.9730,FALSE POSITIVE,0.0130,4770.00,16.1140,0.26
,39.399926,499.0,1.52,0.8980,CANDIDATE,0.9920,5913.00,0.7950,0.544
,270.1430241,,,,CANDIDATE,,,,
,0.812592362,2912.0,25.84,1.3980,FALSE POSITIVE,0.5680,7117.00,1.6400,1.007
,81.871309,480.0,1.12,1.0690,FALSE POSITIVE,,6343.00,1.1150,0.1996
,0.566805859,2858.0,1.25,1.2990,FALSE POSITIVE,0.0000,6413.00,1.4940,0.724
,326.36595188,,,,FALSE POSITIVE,,,,
,520.58269,244.0,1.94,1.0930,FALSE POSITIVE,,6210.00,1.0330,0.045
,126.586058,460.0,1.54,1.0570,CANDIDATE,,6611.00,1.2490,0.799
,2.7200197,713.0,1.53,0.5500,CANDIDATE,,3939.00,0.5270,0.0078
,18.347081,855.0,5.65,0.9830,CANDIDATE,,5465.00,1.7020,0.1988
,57.140035,588.0,5.78,0.9860,CANDIDATE,,5936.00,1.4600,0.0783
,0.718643659,2002.0,50.85,0.9670,FALSE POSITIVE,0.0000,5853.00,0.9340,0.922
,31.707574649,547.0,2.96,0.9570,CANDIDATE,1.0000,5861.00,0.8650,0.923
,17.946328114,845.0,66.65,0.8720,FALSE POSITIVE,0.0000,5228.00,1.7220,0.774
,204.818268,525.0,5.18,1.4010,FALSE POSITIVE,,6060.00,2.9300,0.346
,9.3589254,1528.0,17.37,1.5830,CANDIDATE,0.2750,5188.00,4.5210,0.184
,4.15472242,2292.0,23.47,1.7420,CANDIDATE,1.0000,6996.00,3.3590,0.971
,23.81490574,847.0,63.1,0.8030,FALSE POSITIVE,0.0000,5421.00,1.8900,0.772
,1.3274511,1009.0,0.66,0.6010,FALSE POSITIVE,0.0000,4137.00,0.6100,0.245
,87.565484,437.0,2.12,1.1210,CANDIDATE,,6064.00,1.0690,0.0563
,535.1515,258.0,2.7,0.8980,CANDIDATE,,5468.00,1.4230,0.3162
,495.40462,248.0,152.21,1.0910,CANDIDATE,,6225.00,1.0310,2.3238
,209.238576,354.0,1.43,1.0340,FALSE POSITIVE,,6302.00,1.1350,0.2683
,353.65927,223.0,2.58,0.9200,CANDIDATE,,5438.00,0.8200,0.247
,346.4174,251.0,2.41,1.0080,CANDIDATE,,5754.00,0.9460,0.1572
,1.166835206,3457.0,96.28,2.1220,FALSE POSITIVE,0.0000,8982.00,2.1230,1.257
,230.70578883,,,,FALSE POSITIVE,,,,
,4.99471597,1861.0,2.2,1.4850,FALSE POSITIVE,0.0000,6409.00,2.8300,0.698
,161.651504,377.0,2.22,0.9880,CANDIDATE,0.5600,5725.00,1.2890,0.736
,376.24253,254.0,1.32,0.9760,CANDIDATE,,5916.00,0.9600,0.328
,27.659607786,499.0,50.7,0.8490,FALSE POSITIVE,0.0000,5310.00,0.7680,0.604
,476.727302,530.0,23.42,1.3470,FALSE POSITIVE,0.0000,5068.00,7.4170,0.008
,21.7997515,674.0,1.01,1.0410,CANDIDATE,,6122.00,0.9640,0.1657
,54.595746,649.0,2,1.0270,CANDIDATE,,6014.00,1.6990,0.332
,22.0495604,912.0,1.9,1.3210,FALSE POSITIVE,0.6480,6821.00,1.5480,0.651
,150.70039392,,,,FALSE POSITIVE,,,,
,44.48477463,,,,FALSE POSITIVE,,,,
,93.6452481,,,,FALSE POSITIVE,,,,
,585.64118,207.0,2.2,0.9930,CANDIDATE,,5779.00,0.9010,0.5274
,574.69029,191.0,1.26,0.7680,FALSE POSITIVE,,5503.00,0.7640,0.004
,502.98283916,,,,CANDIDATE,,,,
,48.8130123,553.0,2.95,1.1130,CANDIDATE,,6202.00,1.1100,0.0608
,280.1604956,237.0,19.25,0.8920,FALSE POSITIVE,0.0000,5387.00,0.7990,1.04
,370.46262,284.0,2.03,1.0650,FALSE POSITIVE,,6295.00,1.0800,0.2421
,116.301793,336.0,2.18,0.9200,FALSE POSITIVE,,5593.00,0.8420,0.4631
,480.19416,235.0,1.79,1.0050,FALSE POSITIVE,,6072.00,0.9230,0.1548
,368.49828,214.0,1.86,0.7540,FALSE POSITIVE,,5255.00,0.7830,0.1772
,6.993576155,1605.0,101.15,1.4140,FALSE POSITIVE,0.0000,6565.00,2.4670,1.317
,223.52131732,,,,FALSE POSITIVE,,,,
,1.811461128,3438.0,373.77,2.0090,FALSE POSITIVE,0.0000,8572.00,3.0340,0.309
,2.17491508,2009.0,193.73,1.3640,FALSE POSITIVE,0.0000,6792.00,1.6360,0.719
,441.61919,152.0,1.71,0.5820,CANDIDATE,,4351.00,0.5920,0.5027
,24.5002702,409.0,0.73,0.6410,FALSE POSITIVE,0.0000,4519.00,0.5970,0.405
,318.49078,301.0,3.01,1.0100,CANDIDATE,,6026.00,1.1760,0.4328
,2.16402661,,,,FALSE POSITIVE,,,,
,392.89275632,,,,FALSE POSITIVE,,,,
,114.734287,296.0,1.1,0.6800,FALSE POSITIVE,,5083.00,0.7100,0.3694
,362.0619,203.0,2.12,0.7730,CANDIDATE,,5271.00,0.6980,0.524
,1.340649911,2004.0,127.25,0.9910,FALSE POSITIVE,0.0000,6332.00,1.2220,0.561
,30.69537638,662.0,19.39,1.1790,FALSE POSITIVE,0.0000,6185.00,1.1920,0.846
,30.69533113,737.0,69.4,0.8940,FALSE POSITIVE,0.0000,6335.00,1.2860,1.041
,11.374442708,687.0,22.86,0.8380,CANDIDATE,0.0000,5297.00,0.8080,0.978
,49.873958,366.0,1.5,0.6180,FALSE POSITIVE,,4979.00,0.6290,0.4119
,411.447056,342.0,2.86,1.3110,CANDIDATE,,6519.00,1.6720,0.287
,29.9371143,501.0,1.19,0.8080,CANDIDATE,0.9890,5115.00,0.8660,0.321
,114.25041494,,,,FALSE POSITIVE,,,,
,651.358046,411.0,14.58,2.1230,CANDIDATE,,5122.00,6.2610,0.0946
,407.97623,498.0,4.63,1.9690,FALSE POSITIVE,,7612.00,2.9680,0.0598
,33.3037881,422.0,1.14,0.8180,CANDIDATE,0.0480,4899.00,0.7130,0.072
,212.60398,337.0,1.64,1.0220,CANDIDATE,,5834.00,1.2070,0.0513
,50.550788,790.0,5,1.4700,CANDIDATE,,5031.00,3.8590,0.632
,239.25578975,,,,FALSE POSITIVE,,,,
,285.374561,423.0,5.94,0.8170,CANDIDATE,0.1760,5142.00,2.7560,0.018
,6.279888981,1931.0,196.78,1.9360,FALSE POSITIVE,0.0000,5057.00,6.2220,1.244
,37.47695717,,,,FALSE POSITIVE,,,,
,93.359737,592.0,1.05,1.2240,CANDIDATE,,6809.00,1.6730,0.0547
,519.80221867,216.0,40.88,0.8790,FALSE POSITIVE,0.0000,5310.00,1.0300,0.894
,122.58481,279.0,1.19,0.6540,CANDIDATE,,5003.00,0.6690,0.3468
,84.934357,531.0,1.6,1.0160,CANDIDATE,,6290.00,1.3950,0.1612
,48.9200563,456.0,1.71,0.8000,FALSE POSITIVE,,5375.00,0.8990,0.6077
,421.98194,334.0,2.02,1.3140,CANDIDATE,,6760.00,1.5150,0.1494
Kepler-1635 b,469.61309,200.0,3.24,0.8470,CONFIRMED,0.9540,5474.00,0.7630,0.906
,583.73632,266.0,2.65,1.1390,FALSE POSITIVE,0.0000,6003.00,1.4420,0.126
,502.658,116.0,0.69,0.4830,FALSE POSITIVE,,3754.00,0.4730,0.3138
,116.454312,306.0,3.33,0.6970,CANDIDATE,0.7890,5197.00,0.7360,0.006
,397.499229,293.0,6.57,1.2960,CANDIDATE,,6423.00,1.2310,0.5839
,243.954706,257.0,1.35,0.8700,FALSE POSITIVE,,5578.00,0.7940,0.1207
,24.9093027,452.0,1.32,0.7510,CANDIDATE,0.8740,4810.00,0.6850,0.679
,192.138741,407.0,1.93,1.1260,CANDIDATE,,6065.00,1.5690,0.0503
,281.95332,204.0,2.31,0.7460,CANDIDATE,,4864.00,0.6920,0.6164
,12.71368909,700.0,1.09,0.8720,FALSE POSITIVE,0.0000,5715.00,0.7820,0.196
,25.26363805,,,,FALSE POSITIVE,,,,
,1.391716834,8346.0,36.19,0.8850,FALSE POSITIVE,0.9960,3749.00,59.6840,0.233
,70.516233809,390.0,52.74,0.7730,FALSE POSITIVE,0.0000,5511.00,0.7890,0.587
,2.645596805,2452.0,167.05,1.5890,FALSE POSITIVE,0.0000,4980.00,5.4430,1.239
,388.67155,210.0,1.49,0.8840,CANDIDATE,,5354.00,0.7880,0.0576
,105.6327297,,,,FALSE POSITIVE,,,,
,274.553579,322.0,1.66,0.9810,FALSE POSITIVE,,6267.00,1.1180,0.1125
,251.02304011,,,,FALSE POSITIVE,,,,
,1.80774253,1822.0,5.29,0.8760,FALSE POSITIVE,,5164.00,1.7790,0.9062
,520.655224,401.0,7.58,1.4190,CANDIDATE,,5227.00,4.3130,0.2674
,369.93355,270.0,3.24,1.0800,CANDIDATE,,6158.00,1.0240,0.149
,28.7369766,550.0,1.95,0.9370,FALSE POSITIVE,,5722.00,0.8540,0.1108
,2.45649061,3440.0,14.14,0.8120,FALSE POSITIVE,0.0070,4870.00,8.5310,0.167
,98.51783198,,,,FALSE POSITIVE,,,,
,457.513348,512.0,25.18,2.0640,FALSE POSITIVE,,5047.00,7.8210,0.9613
,224.02589924,,,,FALSE POSITIVE,,,,
,323.77153,216.0,1.44,0.8630,FALSE POSITIVE,,5196.00,0.7840,0.083
,641.60204,230.0,1.61,1.0850,CANDIDATE,,6277.00,1.0310,0.3218
,40.0389613,517.0,0.95,0.8130,FALSE POSITIVE,,5701.00,0.9030,0.3619
,22.571972634,617.0,46.14,0.7460,FALSE POSITIVE,0.0000,5645.00,0.8710,1.056
,28.406342,613.0,1.41,0.9520,CANDIDATE,,6085.00,0.9360,0.2208
,1.018861199,2505.0,93.47,1.0410,FALSE POSITIVE,0.0000,6225.00,1.6720,0.358
,80.519237,476.0,1.08,1.0890,FALSE POSITIVE,,6251.00,1.1190,0.102
,149.356804,560.0,2.92,1.2320,FALSE POSITIVE,,6569.00,2.2030,0.1627
,264.466625,346.0,2.61,1.2130,CANDIDATE,0.9280,6551.00,1.2360,0.129
,151.77884,616.0,4.35,1.5420,CANDIDATE,,6328.00,3.1340,0.159
,50.47759052,,,,FALSE POSITIVE,,,,
,113.993156,729.0,2.23,1.8940,CANDIDATE,,7892.00,2.4960,0.7026
,2.79123954,1771.0,2.22,1.3110,FALSE POSITIVE,0.0000,6407.00,1.6680,0.709
,223.31769215,,,,FALSE POSITIVE,,,,
,44.637111,432.0,1.28,0.7300,FALSE POSITIVE,0.0100,5222.00,0.7800,0.029
,102.493119,317.0,2.7,0.8710,CANDIDATE,,5166.00,0.7910,0.9591
,284.94212784,,,,CANDIDATE,,,,
,365.620697,215.0,12.75,0.7300,FALSE POSITIVE,,5273.00,0.7680,0.4173
,6.13292733,1379.0,1.56,1.3160,CANDIDATE,0.9860,5877.00,2.0340,0.225
,12.63063129,689.0,1.37,0.8920,CANDIDATE,1.0000,5579.00,0.7980,0.017
,191.272501,310.0,1.59,0.8270,FALSE POSITIVE,,5727.00,0.9180,0.504
,286.02266,180.0,2.03,0.6240,CANDIDATE,,4368.00,0.6370,0.3591
,7.95445779,1064.0,9.5,1.0520,CANDIDATE,1.0000,6217.00,1.1960,0.021
,331.70918,221.0,6815.75,0.8680,CANDIDATE,,5282.00,0.8050,78.4871
,575.42002,225.0,1.91,0.9220,FALSE POSITIVE,,6025.00,0.9490,0.1538
,297.78282,167.0,1.17,0.5770,CANDIDATE,,4192.00,0.5900,0.2697
,137.396194,517.0,3.38,1.3040,CANDIDATE,0.0860,5425.00,2.6550,0.525
,365.739893,241.0,1.73,0.8250,CANDIDATE,,5420.00,0.9530,0.6206
,104.198102,497.0,5.13,0.8570,CANDIDATE,,5087.00,2.0240,0.3437
,368.72715,215.0,1.55,0.7600,FALSE POSITIVE,,5401.00,0.7490,0.3411
,74.833577,590.0,1.68,1.0700,CANDIDATE,,5933.00,1.8070,0.1101
,8.5852872,777.0,3.02,0.9130,CANDIDATE,1.0000,5488.00,0.8180,0.029
,100.303613,421.0,78.77,0.9940,FALSE POSITIVE,0.0000,6060.00,1.0460,0.388
,102.100752,551.0,2.63,1.3580,CANDIDATE,,6359.00,1.8300,0.492
,6.263491873,1180.0,6.46,0.9360,CANDIDATE,1.0000,6247.00,1.1940,0.048
,0.83620025,1932.0,65.64,1.0000,FALSE POSITIVE,0.0000,5780.00,1.0000,0.56
,335.43143,468.0,7.12,1.6790,CANDIDATE,,5172.00,4.7210,0.4062
,558.21886,198.0,3.1,0.8860,CANDIDATE,0.0000,5679.00,0.7940,0.022
,290.02002,321.0,1.56,1.1640,CANDIDATE,,6452.00,1.1480,0.5367
,279.21957,395.0,4.92,1.1010,CANDIDATE,,5159.00,2.6040,0.6009
,348.665961,493.0,9.56,1.2760,CANDIDATE,,5183.00,4.8900,0.0873
,616.34132,131.0,2.11,0.5750,FALSE POSITIVE,,4197.00,0.5880,0.28
,222.28056,405.0,2.56,1.2680,CANDIDATE,,6543.00,1.5310,0.2151
,570.01886,190.0,1.62,0.8630,CANDIDATE,,5496.00,0.7900,0.1946
,378.93139106,,,,CANDIDATE,,,,
,580.85326788,,,,CANDIDATE,,,,
,390.40832,115.0,0.63,0.4200,FALSE POSITIVE,,3659.00,0.4000,0.0407
,191.528018,334.0,1.32,0.9690,FALSE POSITIVE,,6054.00,1.0090,0.0258
,386.59946,259.0,1.89,1.0380,FALSE POSITIVE,,6137.00,0.9630,0.2307
,15.4032765,626.0,1.32,0.7510,FALSE POSITIVE,0.0000,5272.00,0.7990,0.623
,7.58062893,937.0,0.97,1.0340,CANDIDATE,0.8990,5753.00,1.0410,0.382
,61.0011095,536.0,2.55,1.2410,FALSE POSITIVE,,6418.00,1.1710,0.7091
,198.232389,352.0,2.28,1.0840,FALSE POSITIVE,,6263.00,1.1130,0.0297
,0.66062715,2327.0,26.13,1.1240,FALSE POSITIVE,0.0000,6322.00,1.0750,1.208
,248.421771,579.0,18.92,1.5330,CANDIDATE,,4895.00,6.4280,0.7838
,456.5734,413.0,7.88,0.9790,FALSE POSITIVE,,5002.00,4.0420,0.1768
,601.13797,254.0,1.81,1.0030,FALSE POSITIVE,0.0000,5786.00,1.3880,0.057
,344.06248,589.0,5.26,2.0390,FALSE POSITIVE,0.0000,7664.00,3.6970,0.935
,39.94344731,,,,FALSE POSITIVE,,,,
,551.22396,206.0,2.1,1.0030,CANDIDATE,,5691.00,0.8870,0.2134
,466.90824,210.0,2.19,0.7830,FALSE POSITIVE,,5340.00,0.8670,0.0868
,361.30991,422.0,7.07,1.6080,FALSE POSITIVE,,4911.00,4.4190,0.0802
,199.4424134,344.0,56.11,0.9710,FALSE POSITIVE,,5869.00,1.1700,1.1877
,31.59115876,783.0,72.91,0.9950,FALSE POSITIVE,0.0000,5178.00,2.2950,1.247
,356.99135,240.0,2.47,0.8920,FALSE POSITIVE,,5539.00,0.9130,0.2437
,96.120478,460.0,2.08,0.9020,FALSE POSITIVE,,6038.00,1.1860,0.5381
,9.63647672,1243.0,2.02,1.4110,FALSE POSITIVE,0.5110,5125.00,3.0070,0.046
,45.680876,1215.0,14.5,0.9270,FALSE POSITIVE,,4835.00,7.9170,0.206
,43.169798,615.0,1.47,0.9140,FALSE POSITIVE,,5929.00,1.2920,0.5639
,395.94327,172.0,2.53,0.7140,CANDIDATE,,4596.00,0.6780,0.1116
,76.37924,406.0,1.73,0.8100,CANDIDATE,,5451.00,0.9360,0.7333
,58.669218,450.0,1.28,0.9610,CANDIDATE,,5548.00,0.9860,0.332
,355.84731,354.0,1.68,1.3320,CANDIDATE,,6823.00,1.4930,0.1578
,61.611129,597.0,1.29,1.1840,CANDIDATE,0.9250,6533.00,1.3860,0.364
,150.728285,321.0,1.27,0.9670,CANDIDATE,,5778.00,0.8710,0.2751
,253.790434,253.0,2.06,0.9020,CANDIDATE,,5426.00,0.8500,0.1412
,322.544807,219.0,0.68,0.8230,FALSE POSITIVE,,5359.00,0.7410,0.0183
,35.6606167,,,,CANDIDATE,,,,
,22.57494749,860.0,49.49,1.2300,FALSE POSITIVE,0.0000,6581.00,1.4680,1.271
,587.38162,527.0,36.77,2.6290,CANDIDATE,,4784.00,11.8390,0.6822
,85.5692223,536.0,6.85,0.9970,FALSE POSITIVE,0.0000,5361.00,1.9510,0.98
,7.07987663,738.0,1.36,0.7850,CANDIDATE,1.0000,4808.00,0.8060,0.034
,91.240335,494.0,1.75,1.0650,CANDIDATE,,6493.00,1.2050,0.1436
,357.41382,283.0,3.01,1.0860,CANDIDATE,,6233.00,1.0760,0.1438
,359.854745,302.0,2.25,1.1900,CANDIDATE,,6495.00,1.1680,0.8071
,89.366114,391.0,1.97,0.9290,CANDIDATE,,5861.00,0.8750,0.39
,422.255426,277.0,5.09,1.0920,FALSE POSITIVE,,6273.00,1.1390,0.3769
,37.6259039,519.0,1.81,0.9630,CANDIDATE,0.0240,5874.00,0.8710,0.49
,100.41475198,,,,CANDIDATE,,,,
,41.9934673,503.0,1.56,0.9630,CANDIDATE,0.7990,5766.00,0.9150,0.046
,94.67782,353.0,1.46,0.8690,CANDIDATE,,5360.00,0.8660,0.3614
,290.196139,341.0,2.35,1.2040,CANDIDATE,0.1850,6238.00,1.4030,0.017
,471.39698,265.0,1.87,1.0780,FALSE POSITIVE,,6587.00,1.0080,0.3379
,175.452812,591.0,3.96,1.5160,CANDIDATE,,6184.00,3.3040,0.1526
,367.07446,287.0,2.15,1.1610,CANDIDATE,0.0000,6315.00,1.1160,0.093
,366.684634,444.0,10.75,2.0230,CANDIDATE,,5090.00,4.9620,0.5294
,291.306507,219.0,2.49,0.7200,CANDIDATE,,5031.00,0.7480,0.3377
,93.006,503.0,1.97,1.0400,CANDIDATE,,5518.00,1.7420,0.4428
,26.46288074,,,,CANDIDATE,,,,
,436.42852,245.0,1.26,1.0040,FALSE POSITIVE,,5997.00,0.9710,0.3772
,20.69920737,,,,CANDIDATE,0.4670,,,
,466.002988,223.0,4.92,0.9700,CANDIDATE,0.9390,5830.00,0.8760,0.867
,302.77571,106.0,1,0.2940,CANDIDATE,,3358.00,0.3030,0.1265
,115.19952922,,,,CANDIDATE,,,,
,355.86134,233.0,2.79,0.8920,CANDIDATE,0.9020,5736.00,0.8010,0.003
,236.506437,480.0,10.37,1.4420,CANDIDATE,,5066.00,3.9000,0.1474
,19.3854894,632.0,6.13,0.8010,CANDIDATE,,5432.00,0.9130,0.0074
,416.87893121,,,,CANDIDATE,,,,
,48.38798413,,,,CANDIDATE,,,,
,357.588538,420.0,3.53,1.5470,CANDIDATE,,7435.00,1.8760,0.1542
,545.205601,257.0,1.66,1.0730,CANDIDATE,,6273.00,1.1550,0.3515
,105.053389,449.0,1.52,1.1470,CANDIDATE,,6471.00,1.1300,0.2199
,24.7967294,537.0,3.14,0.8690,CANDIDATE,0.3830,5496.00,0.7760,0.952
,44.7060191,465.0,60.47,0.7270,CANDIDATE,,5509.00,0.8110,1.6552
,125.277815,799.0,15.75,1.9970,CANDIDATE,,5119.00,7.7380,0.131
,27.2020672,719.0,1.87,1.0650,CANDIDATE,0.4000,5869.00,1.3960,0.223
,64.713168094,482.0,62.03,0.9520,FALSE POSITIVE,0.0000,6175.00,0.9740,0.573
,40.7282314,829.0,4.58,1.5660,CANDIDATE,,6531.00,2.2310,0.9828
,183.38048452,,,,CANDIDATE,,,,
,1.036592136,4194.0,293.01,1.5220,FALSE POSITIVE,0.0000,4884.00,8.7470,1.25
,398.51312,222.0,1.23,0.8300,CANDIDATE,,5776.00,0.7590,0.5091
,559.785594,249.0,1.88,1.0110,CANDIDATE,,6201.00,1.1110,0.411
,109.43946,314.0,1,0.8230,CANDIDATE,,5359.00,0.7410,0.0905
,194.25835342,,,,CANDIDATE,,,,
,164.507439,346.0,2.15,0.9160,CANDIDATE,,5866.00,1.0200,0.3819
,370.84786,219.0,4.03,0.9890,CANDIDATE,,5291.00,0.8860,0.8847
,73.908995,421.0,0.94,1.0120,CANDIDATE,,5865.00,0.9180,0.4947
,96.32561456,,,,CANDIDATE,,,,
,212.646179,321.0,3.19,1.1320,CANDIDATE,,6108.00,1.0300,0.1739
,371.54879,230.0,1.13,0.8530,FALSE POSITIVE,,5225.00,0.9540,0.6743
,226.499243,245.0,0.89,0.7770,FALSE POSITIVE,,5093.00,0.7980,0.266
,251.48808,284.0,1.74,0.9840,CANDIDATE,,5979.00,0.9020,0.8011
,32.4185265,687.0,1.62,0.8400,CANDIDATE,,5622.00,1.4410,0.7105
,19.159760875,424.0,25.24,0.5180,CANDIDATE,0.0000,4492.00,0.5160,1.191
,2.61594288,1370.0,0.92,1.1170,FALSE POSITIVE,0.0000,6063.00,1.0120,0.711
,1.686009643,1442.0,1.81,0.9770,FALSE POSITIVE,0.0000,5783.00,0.8800,0.566
,32.033211,591.0,0.85,1.1080,CANDIDATE,0.8320,6039.00,1.0050,0.007
,43.3975622,388.0,1.69,0.7780,CANDIDATE,0.3700,4871.00,0.7250,0.08
,478.79185021,,,,CANDIDATE,,,,
,344.961485,230.0,1.61,0.7090,FALSE POSITIVE,,5481.00,0.7750,0.3073
,22.2659599,896.0,1.18,1.3630,CANDIDATE,1.0000,6888.00,1.4920,0.03
,199.064336,483.0,6.12,1.4960,CANDIDATE,0.4330,5157.00,3.4360,0.763
,277.114286,605.0,17.56,2.0120,CANDIDATE,,5117.00,7.5490,0.0288
,323.159363,331.0,3.41,0.8910,CANDIDATE,,5251.00,1.8110,0.0504
,21.512259,639.0,1.13,0.9620,CANDIDATE,,5611.00,0.9970,0.1017
,303.226376,274.0,3.66,0.9820,CANDIDATE,,5952.00,0.9550,0.1097
,22.8631517,1112.0,4.84,1.8930,CANDIDATE,,5043.00,4.8740,0.1918
,97.942437,600.0,2.29,1.2170,CANDIDATE,,5997.00,2.2840,0.0071
,163.820347,251.0,2.59,0.8510,FALSE POSITIVE,,4822.00,0.7710,0.2012
,151.577009,502.0,3.67,1.3080,FALSE POSITIVE,,6854.00,1.6740,0.0653
,493.30572,149.0,1.08,0.5440,CANDIDATE,,4558.00,0.5480,0.327
,449.87203,199.0,2.59,0.8530,CANDIDATE,,5310.00,0.7860,0.1377
,419.93373,285.0,1.82,1.0740,CANDIDATE,,6686.00,1.0530,0.4097
,322.221973,277.0,2.18,1.0070,CANDIDATE,,6026.00,1.0060,0.2141
,235.413973,304.0,3.2,1.0730,CANDIDATE,,6028.00,1.0010,0.1095
,366.68293,222.0,3.15,0.7990,CANDIDATE,,5217.00,0.8690,0.782
,240.57135,302.0,2.93,1.0200,CANDIDATE,0.9820,6146.00,0.9430,0.457
,217.792748,334.0,6.15,0.9700,CANDIDATE,0.8580,5600.00,1.2830,0.926
Kepler-1638 b,259.34304,449.0,6.04,1.5920,CONFIRMED,0.8480,5490.00,3.2040,0.447
,388.03884851,,,,CANDIDATE,,,,
,8.34410791,993.0,1.75,1.1080,FALSE POSITIVE,0.0000,6321.00,1.0580,0.546
,4.76815507,761.0,0.49,0.6380,CANDIDATE,0.9930,4680.00,0.6490,0.046
,545.45623972,,,,FALSE POSITIVE,,,,
,2.709570339,2427.0,223.75,1.4980,FALSE POSITIVE,0.0000,5030.00,5.2080,1.238
,49.49059818,,,,CANDIDATE,,,,
,364.18129,209.0,1.78,0.8290,CANDIDATE,,4988.00,0.8500,0.0594
,37.7935113,592.0,0.89,1.0980,CANDIDATE,,6178.00,1.0760,0.0794
,0.855294909,2137.0,49.03,0.9880,FALSE POSITIVE,0.0000,5846.00,1.2070,1.269
,350.609298,405.0,3.88,1.2440,FALSE POSITIVE,,6658.00,1.9920,0.0409
,172.621943,790.0,26.09,1.9830,CANDIDATE,,5119.00,9.3430,0.3131
,264.708077,425.0,6.17,1.2770,CANDIDATE,,5283.00,2.9070,0.2277
,452.40428,256.0,1.58,1.0510,FALSE POSITIVE,,6195.00,1.0290,0.6038
,0.699985822,1653.0,46.27,0.8070,FALSE POSITIVE,0.0000,5264.00,0.7240,0.28
,8.67237968,825.0,0.87,0.8930,CANDIDATE,,5620.00,0.8820,0.1385
,35.9216912,468.0,1.38,0.7750,CANDIDATE,,5161.00,0.8290,0.7193
,35.8726918,1670.0,62.51,2.6870,FALSE POSITIVE,0.0000,5254.00,15.3690,0.963
,102.300622,984.0,35.36,1.1950,CANDIDATE,,4895.00,9.4350,0.9599
,359.8455,510.0,14.76,1.8350,CANDIDATE,,4945.00,6.6320,0.4022
,22.7783121,863.0,1.89,1.1530,CANDIDATE,,6538.00,1.4770,0.3499
,114.406187,267.0,2.42,0.6770,CANDIDATE,,4641.00,0.6910,0.2729
,132.114,217.0,0.75,0.5180,CANDIDATE,,4342.00,0.5230,0.2502
,623.2344,196.0,2.04,0.8040,CANDIDATE,,5600.00,0.8390,0.0831
,46.16051579,,,,CANDIDATE,,,,
,217.170081,802.0,109061,2.1760,CANDIDATE,,5083.00,11.7230,86.1724
,287.33114,266.0,2.07,0.8830,CANDIDATE,0.5340,5426.00,1.0070,0.529
Kepler-1639 b,9.8788502,1003.0,2.64,1.1020,CONFIRMED,1.0000,6477.00,1.1480,0.732
,189.456089,337.0,2.2,0.9380,CANDIDATE,,5991.00,1.0260,0.2906
,230.358183,289.0,2.87,0.8300,CANDIDATE,,5803.00,0.8840,0.4159
,211.54114,251.0,1.88,0.7360,CANDIDATE,,5433.00,0.6890,0.1723
,88.523517,209.0,1.6,0.4710,CANDIDATE,,3827.00,0.4620,0.9117
,386.22400908,,,,FALSE POSITIVE,,,,
,134.35872,499.0,1.27,1.1710,CANDIDATE,,6948.00,1.4330,0.2786
,55.01469183,,,,CANDIDATE,,,,
,198.781156,404.0,1.69,1.2290,CANDIDATE,,6493.00,1.4240,0.1924
,588.63759,185.0,1.52,0.7920,FALSE POSITIVE,,5135.00,0.8490,0.3978
,111.149082,364.0,1.87,1.0630,CANDIDATE,,5763.00,0.9480,0.1665
,284.87177,401.0,1.84,1.1580,CANDIDATE,,6437.00,1.7730,0.0404
,9.8338474,946.0,0.98,1.0710,FALSE POSITIVE,0.0000,5929.00,1.2020,0.733
,190.860818,273.0,1.84,0.8930,CANDIDATE,,5463.00,0.8030,0.4668
,374.41813,280.0,2.42,1.1780,CANDIDATE,,6195.00,1.1240,0.5723
,263.30198,308.0,2.19,0.8850,CANDIDATE,,5758.00,1.1320,0.1782
,370.31761,182.0,2.98,0.6890,CANDIDATE,,4665.00,0.7010,0.3565
,37.959659,484.0,1.41,0.9020,CANDIDATE,,5573.00,0.8270,0.3842
,405.6296,216.0,1.4,0.8650,CANDIDATE,,5583.00,0.7900,0.4652
,1.080695116,3344.0,155.22,1.7250,FALSE POSITIVE,0.0000,7796.00,2.3400,0.62
,11.8307724,770.0,1.16,0.8620,CANDIDATE,0.9490,5550.00,0.9580,0.592
,434.28175,212.0,1.94,0.6930,CANDIDATE,,5544.00,0.7500,0.3094
,33.814176,589.0,1.49,1.0700,CANDIDATE,,6122.00,0.9960,0.1563
,16.2957847,744.0,2.13,1.1170,CANDIDATE,0.9790,6063.00,1.0120,0.603
,28.201998,,,,CANDIDATE,,,,
,58.92565,809.0,1.5,1.6360,CANDIDATE,,7282.00,2.2160,0.0655
,24.0733775,1263.0,27.78,0.9320,FALSE POSITIVE,0.0000,4647.00,6.0550,0.914
,19.2405821,565.0,1.19,0.8010,CANDIDATE,0.5600,5031.00,0.8480,0.258
Kepler-311 d,232.040326,327.0,2.05,0.9740,CONFIRMED,0.9600,5903.00,1.1560,0.61
,28.684308,512.0,1.35,0.7610,CANDIDATE,,5243.00,0.8210,0.0138
,265.29617,302.0,2.99,1.0070,CANDIDATE,,5589.00,1.2180,0.3323
Kepler-1491 c,61.569765,530.0,2.44,0.9910,CONFIRMED,0.9790,5626.00,1.3890,0.486
,58.940569,465.0,2.48,1.0490,CANDIDATE,0.0940,5819.00,0.9900,0.643
,14.1502311,390.0,0.74,0.5360,CANDIDATE,0.0000,3705.00,0.5290,0.013
,486.12702,249.0,1.18,0.9720,CANDIDATE,,6008.00,1.0620,0.3621
,1.71029474,1267.0,1.04,0.7470,FALSE POSITIVE,0.0000,5365.00,0.7290,0.825
Kepler-1703 c,31.8245304,589.0,0.8,0.9180,CONFIRMED,,6338.00,0.8470,0.681
,140.24408749,,,,CANDIDATE,,,,
,48.04066636,,,,CANDIDATE,,,,
,12.008552,1016.0,2.08,1.0420,CANDIDATE,0.9720,5303.00,1.9640,0.901
,10.4314847,700.0,0.77,0.8480,CANDIDATE,0.9690,5361.00,0.7740,0.95
,47.5571352,507.0,1.85,0.9140,CANDIDATE,,5861.00,0.9580,0.6234
,1.838514245,1572.0,57.6,0.8610,FALSE POSITIVE,0.0030,5799.00,1.0550,0.947
,8.412008943,1100.0,50.83,1.0570,FALSE POSITIVE,0.0010,6247.00,1.3140,0.539
,3.912679136,1018.0,1794.2,0.6750,FALSE POSITIVE,0.0000,5616.00,0.7200,23.127
,7.544804312,1233.0,63.99,0.9100,FALSE POSITIVE,0.0000,5953.00,1.6090,1.266
,27.2497521,1090.0,4.49,1.8940,CANDIDATE,0.4790,5440.00,4.5240,0.194
,2.283466438,2014.0,218.79,1.3270,FALSE POSITIVE,0.0000,6723.00,1.7190,0.457
,0.692807507,2057.0,46.44,1.0000,FALSE POSITIVE,0.0000,5780.00,1.0000,1.196
,17.279290765,556.0,27.66,0.6630,FALSE POSITIVE,0.0000,5251.00,0.6580,0.496
,16.9972894,956.0,3.14,1.2040,CANDIDATE,0.7050,5897.00,1.8600,0.825
,93.05654364,,,,CANDIDATE,,,,
,88.433122,595.0,1.7,1.2720,CANDIDATE,,7092.00,1.5250,0.021
,282.34315,404.0,2.35,1.2720,CANDIDATE,,7092.00,1.5250,0.5038
,4.326946311,1481.0,106.99,0.9840,FALSE POSITIVE,0.0000,6231.00,1.5010,0.482
,527.29093,216.0,1.3,0.9000,FALSE POSITIVE,,5671.00,0.9190,0.2371
,168.858303,526.0,2.41,1.4120,FALSE POSITIVE,,6608.00,2.1890,0.0436
Kepler-1643 b,5.34264143,799.0,1.72,0.6990,CONFIRMED,1.0000,5101.00,0.6700,0.021
,19.38444245,1185.0,28.3,1.8000,FALSE POSITIVE,0.0000,4968.00,5.0260,0.203
,1.645319649,1296.0,2.46,0.8470,CANDIDATE,0.0000,5416.00,0.7560,0.118
,2.179924994,1448.0,60.99,1.0430,FALSE POSITIVE,0.0000,6106.00,0.9660,0.711
,10.135401047,1035.0,89.16,0.9260,FALSE POSITIVE,0.0000,5895.00,1.4150,0.704
,2.02487934,1284.0,1,0.7790,FALSE POSITIVE,,5440.00,0.8250,0.3797
,15.3573445,729.0,1.42,1.0320,CANDIDATE,0.9990,5818.00,0.9860,0.966
Kepler-1534 b,5.71668787,955.0,1.92,0.8750,CONFIRMED,1.0000,5638.00,0.8830,0.616
Kepler-176 e,51.1658019,398.0,1.51,0.7890,CONFIRMED,0.9050,4963.00,0.8260,0.817
,12.4249559,703.0,0.88,0.9080,FALSE POSITIVE,0.0000,5524.00,0.8470,0.174
,12.427135,1143.0,1.05,1.3760,FALSE POSITIVE,,6561.00,1.8210,0.011
,77.792718,453.0,2.17,0.9810,CANDIDATE,0.9300,5497.00,1.2410,0.576
,163.51489847,,,,CANDIDATE,,,,
,1.946198513,1853.0,52.58,1.0940,FALSE POSITIVE,0.0020,6224.00,1.4330,0.249
,5.288547653,2333.0,55.28,2.3760,CANDIDATE,0.0490,4918.00,9.1690,0.93
,294.055263,288.0,2.8,1.0520,CANDIDATE,,6108.00,1.0110,0.0617
,30.4838006,315.0,23.87,0.5350,FALSE POSITIVE,0.0000,3857.00,0.5310,1.222
,5.7584367,3389.0,66.22,3.6440,FALSE POSITIVE,0.0000,4754.00,25.2870,0.101
,25.9522913,567.0,2.03,0.9650,FALSE POSITIVE,0.0000,5692.00,0.8660,0.142
,8.58599537,2319.0,39.03,2.8530,FALSE POSITIVE,0.0000,4805.00,13.9410,0.316
,9.892240848,907.0,40.38,1.0700,FALSE POSITIVE,0.0000,6225.00,1.0090,1.28
,126.505657,528.0,1.51,1.2720,CANDIDATE,,7092.00,1.5250,0.1855
,1.129848432,3553.0,120.13,1.7750,FALSE POSITIVE,0.0000,4846.00,7.1020,1.042
,7.244778994,818.0,25.68,0.8820,FALSE POSITIVE,0.0000,5530.00,0.7880,0.522
,110.1552727,,,,FALSE POSITIVE,,,,
,0.730964241,2467.0,0.99,1.1070,FALSE POSITIVE,0.0000,5929.00,1.4630,0.459
,117.684591,459.0,1.52,1.0540,CANDIDATE,,6362.00,1.2790,0.4466
,17.734020239,892.0,93.52,0.9660,FALSE POSITIVE,0.0000,5883.00,1.5540,0.837
,46.245164,519.0,2.46,0.9330,CANDIDATE,0.9080,5553.00,1.1070,0.392
,9.7043379,932.0,1.19,1.0990,CANDIDATE,0.6900,6273.00,1.0440,0.07
,34.775371,582.0,0.67,1.1490,CANDIDATE,,6028.00,1.0470,0.4758
,0.306702491,2318.0,0.93,0.7320,CANDIDATE,0.9990,5310.00,0.7860,0.173
,12.7713826,851.0,1.26,1.0990,CANDIDATE,0.7370,6273.00,1.0440,0.374
,0.829019343,2492.0,90.08,1.2060,FALSE POSITIVE,0.0000,6645.00,1.3280,0.72
,1.1080999,2212.0,124.19,0.8370,FALSE POSITIVE,0.0000,5299.00,1.7690,0.525
,42.294739,1083.0,140.14,2.3510,CANDIDATE,0.9540,4926.00,7.8490,1.145
,215.778765,610.0,14.71,1.9960,FALSE POSITIVE,,4902.00,7.0560,0.7163
,1.444486083,1051.0,1.73,0.5530,CANDIDATE,0.0000,4569.00,0.5590,0.305
Kepler-1542 d,5.99273265,1010.0,0.91,0.9330,CONFIRMED,0.9970,5574.00,1.0650,0.505
Kepler-1542 e,5.10110666,1065.0,0.85,0.9330,CONFIRMED,1.0000,5574.00,1.0650,0.083
,11.6089351,1496.0,46.44,1.7860,CANDIDATE,0.2160,6303.00,3.5300,1.105
,94.22498,387.0,1.84,0.9740,FALSE POSITIVE,0.0000,5880.00,0.8930,0.801
,14.2378417,629.0,1.1,0.8610,CANDIDATE,0.8680,5273.00,0.8010,0.314
,241.0122,600.0,4.41,2.0810,FALSE POSITIVE,,7843.00,2.9090,0.4046
,10.8206034,885.0,1.19,0.9990,CANDIDATE,0.9780,6032.00,1.0600,0.592
,164.689421,340.0,2.24,1.0310,FALSE POSITIVE,,6089.00,0.9500,0.5312
,4.264729569,1428.0,29.95,0.8870,FALSE POSITIVE,0.2920,6052.00,1.4170,0.924
,4.804469712,958.0,30.97,0.8640,FALSE POSITIVE,0.0000,5561.00,0.8090,0.567
,6.150529292,1421.0,49.79,1.0830,FALSE POSITIVE,0.0000,6691.00,1.5650,1.236
,4.944927575,728.0,19.43,0.6970,FALSE POSITIVE,0.0000,4428.00,0.7010,1.215
,4.442517008,1258.0,26.08,1.1090,FALSE POSITIVE,0.0000,6316.00,1.1190,0.936
,10.2090268,1058.0,0.92,1.3300,CANDIDATE,0.6160,6188.00,1.5240,0.213
,62.7356439,590.0,90.12,1.0130,FALSE POSITIVE,0.0000,6211.00,1.4400,0.73
,7.035518449,782.0,24.91,0.6750,FALSE POSITIVE,0.0000,5288.00,0.7100,1.268
,54.2916336,665.0,1.67,1.3530,CANDIDATE,,6711.00,1.5650,0.7285
Kepler-1981 b,453.54212,390.0,9.23,1.5190,CONFIRMED,0.0000,5874.00,3.0060,0.633
,0.579516759,2484.0,0.6,1.0750,FALSE POSITIVE,0.0000,6339.00,1.1020,0.638
,122.8054416,602.0,118.62,1.5190,CANDIDATE,0.7550,5874.00,3.0060,1.346
,16.2480865,704.0,2.38,0.8480,FALSE POSITIVE,0.2280,5729.00,0.9230,0.928
,466.9407,230.0,2.9,0.8480,FALSE POSITIVE,,5729.00,0.9230,0.2921
,289.788624,537.0,5.51,1.8680,FALSE POSITIVE,,8057.00,2.4070,0.6187
,55.00402906,,,,FALSE POSITIVE,,,,
,2.873657901,1830.0,110.29,1.2880,FALSE POSITIVE,0.0000,5692.00,2.2870,1.13
,1.680425996,2203.0,102.31,1.3580,FALSE POSITIVE,0.0000,6844.00,1.6290,0.646
,0.53345831,,,,FALSE POSITIVE,,,,
,20.686460198,1210.0,184.22,1.2320,FALSE POSITIVE,0.0000,4809.00,5.1450,0.002
,131.68018,444.0,5.96,1.1980,FALSE POSITIVE,,6468.00,1.3020,0.1224
,37.8404232,607.0,1.76,1.2260,CANDIDATE,0.0000,6243.00,1.1490,0.211
,200.762693,692.0,15056.9,2.0610,FALSE POSITIVE,,7981.00,3.2980,42.778
,1.123258617,3215.0,150.94,1.8120,FALSE POSITIVE,0.0000,7945.00,2.1700,0.513
,47.25643291,,,,CANDIDATE,,,,
,32.0273169,525.0,1.14,0.9550,CANDIDATE,0.9950,5505.00,0.9090,0.259
,8.75630628,982.0,1.12,1.0440,CANDIDATE,0.9800,5839.00,1.2270,0.371
,9.6183111,1142.0,0.85,1.1730,CANDIDATE,1.0000,6134.00,1.6650,0.447
,12.4250319,1030.0,0.89,1.1230,FALSE POSITIVE,0.0000,6290.00,1.5060,0.777
Kepler-1600 b,386.370512,209.0,2.96,0.8180,CONFIRMED,0.9110,5119.00,0.8340,0.01
,0.518060209,2921.0,61.49,0.8160,CANDIDATE,0.9750,5405.00,1.7720,1.262
,17.3695112,588.0,1.45,0.8180,CANDIDATE,0.9460,5119.00,0.8340,0.28
,17.8693759,759.0,0.81,1.0690,CANDIDATE,,6328.00,1.0130,0.259
,17.236085,721.0,1.98,0.9370,CANDIDATE,0.6290,5543.00,1.1110,0.04
,12.4297161,742.0,1.26,1.0210,FALSE POSITIVE,0.0000,5754.00,0.9050,0.293
,12.4288476,725.0,1.12,0.9330,FALSE POSITIVE,0.0000,5595.00,0.8860,0.031
,12.4258252,822.0,1.27,1.0690,FALSE POSITIVE,0.0000,5968.00,1.0480,0.689
,153.725848,734.0,259.36,1.0230,FALSE POSITIVE,0.0000,4794.00,6.8160,1.255
,12.4257907,589.0,1.27,0.6760,FALSE POSITIVE,0.0000,4873.00,0.6930,0.384
,12.4253356,683.0,2.02,0.7780,FALSE POSITIVE,0.0000,5442.00,0.7830,0.966
,12.4254201,659.0,0.84,0.7760,FALSE POSITIVE,0.0000,5571.00,0.6910,0.428
,12.424995,1293.0,2.06,1.3130,FALSE POSITIVE,0.0000,6098.00,2.6570,0.746
,12.4227918,634.0,1.44,0.7960,FALSE POSITIVE,0.0000,5279.00,0.7200,0.979
,485.92297,225.0,1.07,0.8110,CANDIDATE,,5551.00,0.9570,0.4516
,22.913446297,811.0,81.61,1.2130,FALSE POSITIVE,0.0000,6621.00,1.2970,0.709
,9.6550473,705.0,1.45,0.8000,CANDIDATE,0.8000,4999.00,0.8430,0.124
,10.0046881,1466.0,1.9,1.5310,FALSE POSITIVE,,6620.00,2.6410,0.0164
,8.65315602,643.0,1.37,0.7130,FALSE POSITIVE,0.0000,4746.00,0.6960,0.049
,228.65412,521.0,3.63,1.8430,CANDIDATE,,6845.00,2.6740,0.225
,2.243015737,1813.0,92.34,0.9230,FALSE POSITIVE,0.0000,6181.00,1.4440,0.661
,4.694218481,946.0,35.81,0.8510,FALSE POSITIVE,0.0000,5512.00,0.7870,0.616
,0.87683182,,,,FALSE POSITIVE,0.0000,,,
,0.953734449,2672.0,47.65,1.4300,FALSE POSITIVE,0.0000,7332.00,1.4600,1.262
,2.073873563,3150.0,274.78,2.0230,FALSE POSITIVE,0.0000,7803.00,3.3730,0.198
,15.713787218,747.0,27.64,0.9240,FALSE POSITIVE,0.0000,5843.00,1.0060,0.762
,7.964440392,755.0,18.98,0.6980,FALSE POSITIVE,0.0000,5250.00,0.7360,0.001
,0.518071538,2536.0,42.1,0.9990,FALSE POSITIVE,0.0000,5876.00,1.2090,1.264
,2.151214629,3287.0,14.54,1.0530,FALSE POSITIVE,0.0000,4748.00,8.1790,0.235
,12.7143635,785.0,2.2,1.0220,CANDIDATE,1.0000,5947.00,0.9620,0.071
,80.4103783,535.0,4.93,0.8190,CANDIDATE,0.9850,5476.00,1.6730,0.913
,1.93188768,1427.0,0.57,1.0000,CANDIDATE,0.9650,5896.00,0.9140,0.256
,320.18471858,,,,FALSE POSITIVE,,,,
,12.426469,729.0,1.66,1.0030,FALSE POSITIVE,0.0000,5691.00,0.8870,0.978
,12.4262889,864.0,1.23,1.1800,FALSE POSITIVE,0.0000,6246.00,1.0920,0.879
,12.424747,691.0,1.35,0.9260,FALSE POSITIVE,0.0000,5514.00,0.8260,0.976
,12.4255705,721.0,1.37,0.9210,FALSE POSITIVE,0.0000,5742.00,0.8270,0.984
,12.426173,1006.0,2.67,1.0190,FALSE POSITIVE,0.0000,6367.00,1.3570,0.997
,12.4244306,714.0,1.59,0.8810,FALSE POSITIVE,0.0000,5761.00,0.7910,0.98
,6.71738328,883.0,37.65,0.8330,FALSE POSITIVE,0.0000,5301.00,0.9360,0.159
,24.955998503,1438.0,36.91,2.0020,FALSE POSITIVE,0.0000,8617.00,3.0180,0.996
,5.2449156,1015.0,0.52,0.8620,CANDIDATE,0.6910,5823.00,0.8780,0.019
,168.66934782,,,,CANDIDATE,,,,
,4.426942241,958.0,5.43,0.7530,FALSE POSITIVE,0.0000,5511.00,0.7460,0.951
,571.280892,324.0,3.65,1.3870,CANDIDATE,,7081.00,1.6190,0.6109
,4.66185924,1610.0,1.16,1.3870,CANDIDATE,,7081.00,1.6190,0.2695
,1.213672208,1789.0,697.14,1.0440,CANDIDATE,,6113.00,0.9950,7.3743
,3.454241684,2010.0,75.11,1.4350,FALSE POSITIVE,0.0000,6562.00,2.4330,0.505
,90.097375,430.0,1.7,1.0250,CANDIDATE,0.9970,6116.00,1.0080,0.042
,7.72966941,927.0,2.1,1.0220,CANDIDATE,0.6120,5947.00,0.9620,0.668
,51.85656556,,,,CANDIDATE,,,,
,1.457256942,2112.0,98.16,1.2600,FALSE POSITIVE,0.0000,6630.00,1.4160,0.549
,10.818248422,830.0,11.71,0.8140,FALSE POSITIVE,0.0000,5955.00,0.8940,0.813
,2.559236603,1296.0,37.66,0.9720,FALSE POSITIVE,0.0000,5955.00,0.8830,1.251
,281.35877,446.0,4.22,1.2410,FALSE POSITIVE,,6049.00,2.5220,0.0371
,154.536881,544.0,4.1,1.2410,CANDIDATE,,6049.00,2.5220,0.3257
,462.12345,169.0,1.9,0.7370,FALSE POSITIVE,,4547.00,0.7470,0.2396
,87.707513,310.0,1.72,0.7860,CANDIDATE,,4944.00,0.7210,0.4
Kepler-1518 b,5.1117547,1351.0,2.81,1.0600,CONFIRMED,0.9960,6432.00,1.3450,0.962
Kepler-1518 c,9.6310258,1094.0,2.9,1.0600,CONFIRMED,0.0000,6432.00,1.3450,0.951
,101.889228,487.0,1.43,1.0800,FALSE POSITIVE,,5802.00,1.5900,0.0237
,437.51586139,,,,CANDIDATE,,,,
,48.5023669,192.0,906.03,0.2800,FALSE POSITIVE,,3396.00,0.2800,30.612
,524.14139,237.0,1.88,0.9580,FALSE POSITIVE,,6225.00,0.9310,0.1508
,8.97377221,1530.0,2.96,1.6770,CANDIDATE,0.3010,6537.00,2.8290,0.237
,41.86539723,500.0,31.14,0.8740,FALSE POSITIVE,0.0000,6063.00,0.7880,1.286
,4.553370029,1264.0,25.84,0.9910,FALSE POSITIVE,0.8020,6306.00,1.1090,0.951
,5.262652179,1499.0,35.99,1.4320,FALSE POSITIVE,0.0000,7049.00,1.5490,0.96
,345.98207283,,,,FALSE POSITIVE,,,,
,16.621853404,719.0,22.32,0.8480,FALSE POSITIVE,0.0000,5949.00,0.9070,0.58
,19.741616041,902.0,82.98,1.3010,FALSE POSITIVE,0.0000,6535.00,1.5290,1.04
,5.455766383,795.0,28.2,0.7420,FALSE POSITIVE,0.0000,5067.00,0.6940,0.794
,22.44620704,894.0,58.2,1.0740,FALSE POSITIVE,0.0000,6070.00,1.7770,1.256
,205.41415,323.0,1.67,1.0400,CANDIDATE,,6123.00,0.9910,0.0856
,1.237147407,2107.0,106.18,1.1070,FALSE POSITIVE,0.0000,6064.00,1.4490,0.466
,1.28619671,1646.0,1.27,0.7700,FALSE POSITIVE,0.0000,5650.00,0.9260,0.874
,2.649026189,1377.0,32.7,0.7810,FALSE POSITIVE,0.0000,5838.00,0.9880,0.914
,6.932281325,1872.0,90.57,2.0570,FALSE POSITIVE,0.0000,8675.00,2.1680,1.291
,2.151384476,1725.0,66.2,0.8910,FALSE POSITIVE,0.0010,6184.00,1.2570,0.237
,0.562273947,2083.0,0.73,0.7360,FALSE POSITIVE,0.0000,5632.00,0.8470,0.662
,17.4352218,1195.0,67.91,1.2910,FALSE POSITIVE,0.0000,6313.00,2.6410,1.211
,114.27173902,,,,CANDIDATE,,,,
,26.40805532,,,,CANDIDATE,,,,
,46.07931317,,,,CANDIDATE,,,,
,24.8434837,625.0,1.58,0.9490,CANDIDATE,0.0850,5670.00,1.0220,0.641
,7.7016694,1627.0,4.44,0.8020,CANDIDATE,0.9560,5174.00,3.6080,0.01
,117.634213,513.0,3.78,1.0190,FALSE POSITIVE,,5236.00,2.3320,0.5206
,21.025447023,1123.0,135.84,1.3610,FALSE POSITIVE,0.0000,6631.00,2.4380,0.978
,0.933753371,3137.0,1.44,1.5320,FALSE POSITIVE,0.0000,7286.00,2.0560,0.311
,1.72153588,1045.0,12.89,0.6590,FALSE POSITIVE,0.0000,4535.00,0.6680,0.002
,4.67250377,1149.0,1.11,1.0060,CANDIDATE,0.9940,6146.00,0.9870,0.95
,2.765621941,1134.0,34.42,0.8720,FALSE POSITIVE,0.0000,5423.00,0.8280,1.262
,3.664964374,1184.0,30.98,0.8990,FALSE POSITIVE,0.0010,5726.00,0.9870,0.552
,6.8072842,1156.0,31.15,1.0430,FALSE POSITIVE,0.0000,5182.00,1.8240,0.923
,2.136577151,1311.0,43.89,0.8270,FALSE POSITIVE,0.0340,5457.00,0.9050,0.996
,2.638432816,1933.0,49.77,1.0980,FALSE POSITIVE,0.0050,6502.00,1.7530,0.863
,11.991000357,897.0,78.78,0.8690,FALSE POSITIVE,0.0000,5988.00,1.1300,0.534
,2.03746414,1474.0,1.12,1.0250,FALSE POSITIVE,0.0000,6117.00,0.9470,0.008
,37.80694072,617.0,72.01,1.1450,FALSE POSITIVE,0.0000,6387.00,1.1050,1.111
,21.9711574,649.0,1.32,0.9890,CANDIDATE,0.8260,5763.00,0.9970,0.119
,144.688915,416.0,3.33,1.0840,CANDIDATE,0.9130,5372.00,1.7100,0.087
,12.42555055,1027.0,3.79,1.0550,FALSE POSITIVE,0.0000,6381.00,1.4230,0.973
,12.42592247,1547.0,79.21,2.0250,FALSE POSITIVE,0.0000,4849.00,6.9520,0.885
,1.54287434,1007.0,1.05,0.5370,CANDIDATE,0.9990,4530.00,0.5390,0.013
,12.4237327,1057.0,1.12,0.8190,FALSE POSITIVE,,5221.00,2.0670,0.132
,94.38163,537.0,2.04,0.8190,FALSE POSITIVE,,5221.00,2.0670,0.593
,33.3200908,750.0,13,1.3520,CANDIDATE,0.9960,6264.00,1.6510,0.069
Kepler-1640 b,7.5844241,1228.0,5.83,1.3520,CONFIRMED,1.0000,6264.00,1.6510,0.815
,210.899577,268.0,4.85,0.8210,FALSE POSITIVE,,5332.00,0.8430,0.3202
,3.103730697,1340.0,75.28,1.1490,FALSE POSITIVE,0.0000,6075.00,1.0910,0.539
,91.20573037,,,,CANDIDATE,,,,
,253.40538,443.0,2.69,1.4750,FALSE POSITIVE,,7304.00,1.6900,0.3967
,5.110771787,1048.0,26.98,0.9720,FALSE POSITIVE,0.0000,6029.00,0.8940,0.878
,7.07394528,647.0,0.84,0.5610,CANDIDATE,0.9500,4777.00,0.5610,0.277
,1.463773705,1329.0,21.79,0.6460,FALSE POSITIVE,0.0000,5446.00,0.6680,0.838
,4.46255312,1795.0,52.74,0.9050,FALSE POSITIVE,0.0000,4847.00,3.6190,0.004
,79.87804945,,,,FALSE POSITIVE,,,,
,14.516741,606.0,1.45,0.7910,CANDIDATE,0.9290,4954.00,0.8280,0.851
,20.5718107,498.0,1.34,0.7950,CANDIDATE,0.9890,4922.00,0.7080,0.123
,3.026764871,1360.0,26.36,1.0670,FALSE POSITIVE,0.0190,6283.00,1.0100,0.198
,3.840130917,1205.0,33.44,0.9810,FALSE POSITIVE,0.0010,5931.00,1.0120,0.872
,5.554227226,930.0,31.71,0.7560,FALSE POSITIVE,0.0000,5433.00,0.8430,0.174
,1.570919281,1797.0,59.12,1.0400,FALSE POSITIVE,0.0000,6192.00,1.1620,1.083
,35.08976902,501.0,33.1,0.9410,FALSE POSITIVE,0.0000,5603.00,0.8460,1.264
,5.233450136,1050.0,70.33,0.9920,FALSE POSITIVE,0.0000,5841.00,0.9770,0.457
,3.6037011,1464.0,66.94,0.9070,FALSE POSITIVE,0.0000,5633.00,1.5470,1.225
,3.518356021,1266.0,64.49,1.0580,FALSE POSITIVE,0.0000,6201.00,0.9890,0.593
,11.867172,1058.0,4.03,1.3520,CANDIDATE,0.9980,6264.00,1.6510,0.001
,2.6160943,1744.0,0.81,1.2590,FALSE POSITIVE,,6645.00,1.4200,0.6458
,2.404386969,1670.0,79.72,1.0110,FALSE POSITIVE,0.0000,6466.00,1.2100,0.613
,142.685885,319.0,2.76,0.8660,CANDIDATE,,5767.00,0.7990,0.1086
,4.390513938,1401.0,41.83,1.0460,FALSE POSITIVE,0.0210,6081.00,1.4540,0.879
,3.86963822,,,,FALSE POSITIVE,0.0000,,,
,12.4970599,839.0,1.44,1.0550,CANDIDATE,1.0000,6174.00,1.0210,0.65
,7.384681,1000.0,1.22,1.0550,FALSE POSITIVE,0.0000,6174.00,1.0210,0.068
Kepler-1644 b,21.0907909,606.0,1.88,0.8570,CONFIRMED,1.0000,5723.00,0.8180,0.832
,3.371796653,1155.0,306.28,0.8650,FALSE POSITIVE,0.0000,5615.00,0.9120,3.219
,1.927177921,1219.0,28.94,0.7320,FALSE POSITIVE,0.6440,5193.00,0.7740,0.399
,0.575925434,1834.0,38.24,0.6560,FALSE POSITIVE,0.0000,5461.00,0.6830,0.905
,496.17566,358.0,3.46,1.2590,FALSE POSITIVE,,6643.00,1.9760,0.4188
,6.256352128,918.0,30.76,0.9030,FALSE POSITIVE,0.0000,5772.00,0.8360,1.269
Kepler-1645 b,16.17803,754.0,2.25,1.0790,CONFIRMED,1.0000,5929.00,1.0690,0.081
,2.37795507,2965.0,92.61,2.3350,FALSE POSITIVE,0.0000,9565.00,2.2860,1.298
,2.053866175,2528.0,158.25,1.0140,FALSE POSITIVE,0.0000,5051.00,4.0890,1.265
,36.5521313,361.0,0.9,0.5360,FALSE POSITIVE,,4722.00,0.5270,0.4969
,5.177577252,1671.0,73.82,1.6340,FALSE POSITIVE,0.0000,7429.00,1.7960,1.341
,4.08029328,1044.0,2.92,0.9560,FALSE POSITIVE,,5619.00,0.8740,0.2428
Kepler-1185 b,104.3519624,355.0,1.39,0.9710,CONFIRMED,0.9760,5650.00,0.8700,0.532
,6.06330298,1153.0,1.64,1.0900,CANDIDATE,,6308.00,1.1530,0.0214
,86.431871,464.0,2.85,1.1570,CANDIDATE,0.0000,6325.00,1.1120,0.95
,26.1152887,898.0,2.38,1.3190,CANDIDATE,,5190.00,2.9120,0.1382
,469.52303,252.0,2.1,1.0960,FALSE POSITIVE,0.0000,6197.00,1.0350,0.733
,11.83271013,728.0,1.17,0.9590,FALSE POSITIVE,1.0000,5639.00,0.8590,0.548
,32.669962587,428.0,1.37,0.8220,FALSE POSITIVE,0.0000,4871.00,0.7410,0.18
,269.306232,235.0,24,0.9260,CANDIDATE,0.0000,5251.00,0.8170,1.219
,19.93364711,848.0,75.88,1.0780,FALSE POSITIVE,0.0000,6505.00,1.2900,0.852
,1.071911311,1809.0,40.32,0.8210,FALSE POSITIVE,0.0000,5885.00,0.9330,1.272
,18.019651402,544.0,31.77,0.7230,FALSE POSITIVE,0.0000,5278.00,0.6590,0.675
,117.934158,648.0,3.76,1.6310,FALSE POSITIVE,0.0000,6790.00,2.5970,0.658
,4.032762189,1173.0,35.22,0.9270,FALSE POSITIVE,0.0000,5960.00,0.9620,0.599
,2.371589507,1043.0,88.22,0.6850,FALSE POSITIVE,0.0000,5340.00,0.6010,1.653
,5.09112124,2044.0,3.58,1.6820,FALSE POSITIVE,0.0000,6705.00,3.2930,0.224
,4.206070484,2547.0,172.66,2.0160,FALSE POSITIVE,0.0010,8212.00,3.1850,0.949
,0.905677864,3989.0,325.51,2.0910,FALSE POSITIVE,0.0000,5037.00,7.5530,1.321
,96.509214,787.0,860.3,1.7930,CANDIDATE,,7343.00,2.9550,3.6303
,69.64679311,,,,CANDIDATE,,,,
,111.65546,579.0,2121,1.5410,CANDIDATE,,6967.00,1.8630,11.3832
,86.13201864,,,,CANDIDATE,,,,
,94.219289,285.0,2.15,0.6820,FALSE POSITIVE,0.0000,4641.00,0.6940,0.173
,297.113395,509.0,5.37,1.7760,FALSE POSITIVE,,6626.00,3.2060,0.0322
Kepler-1052 c,180.921729,302.0,2.3,0.9370,CONFIRMED,0.8770,5818.00,0.8480,0.025
,4.478116695,1218.0,38.85,1.1100,FALSE POSITIVE,0.0000,6304.00,1.0580,0.622
,0.579108481,1377.0,0.42,0.5140,FALSE POSITIVE,0.0000,4604.00,0.5010,0.424
,1.27620899,1851.0,1.46,1.1100,FALSE POSITIVE,0.0010,6304.00,1.0580,0.276
,528.50344,354.0,2.2,1.4970,FALSE POSITIVE,,7102.00,1.8740,0.0094
,47.14404783,,,,CANDIDATE,,,,
,197.05431574,,,,CANDIDATE,,,,
,406.496216,236.0,1.77,0.9560,CANDIDATE,,5847.00,0.8840,0.5052
,491.61516814,,,,CANDIDATE,,,,
,2.027383251,1352.0,31.12,0.7610,FALSE POSITIVE,0.0000,5544.00,0.8750,1.248
,10.73370737,1171.0,18.7,1.2020,FALSE POSITIVE,0.0000,5971.00,2.0030,0.895
,9.449438672,1152.0,60.59,1.0960,FALSE POSITIVE,0.0000,6558.00,1.4310,1.243
,8.752913958,1635.0,119.91,1.8000,FALSE POSITIVE,0.0000,7279.00,2.6240,1.124
,499.47338,191.0,3.71,0.9260,CANDIDATE,0.0000,5251.00,0.8170,0.793
,1.985586627,2796.0,105.22,1.5030,FALSE POSITIVE,0.0000,6651.00,3.2190,0.804
,16.579028045,1062.0,49.01,1.2390,FALSE POSITIVE,0.0000,5870.00,2.3000,0.745
,513.42784,424.0,14.87,1.8100,FALSE POSITIVE,0.1280,4833.00,6.0650,0.714
,2.064900876,1357.0,38.19,0.9390,FALSE POSITIVE,0.0000,5714.00,0.9010,1.253
,9.751720174,1356.0,182.09,0.9570,FALSE POSITIVE,0.0000,5147.00,3.1450,0.15
Kepler-1641 b,19.672324,908.0,4.07,1.0980,CONFIRMED,0.9370,6486.00,1.4850,0.721
Kepler-1641 c,32.657035,767.0,3.73,1.0980,CONFIRMED,0.9990,6486.00,1.4850,0.007
,7.3138454,1263.0,2.73,1.0980,CANDIDATE,0.8020,6486.00,1.4850,0.893
,4.592401261,1678.0,52.18,1.4880,FALSE POSITIVE,0.0000,7201.00,1.7240,0.272
,6.70995253,1120.0,1.1,1.1620,FALSE POSITIVE,0.1350,6461.00,1.1310,0.616
,5.776794344,2249.0,129.2,2.1530,FALSE POSITIVE,0.0000,7666.00,3.6010,0.366
,23.19923256,,,,FALSE POSITIVE,,,,
,0.503199724,1363.0,1.06,0.6300,FALSE POSITIVE,0.0000,4013.00,0.6300,0.492
,4.768540307,1010.0,1.84,0.7760,FALSE POSITIVE,0.0000,5491.00,0.8870,0.806
,73.91858615,484.0,89.96,1.0280,FALSE POSITIVE,0.0000,6300.00,1.0570,1.137
,212.43503674,,,,CANDIDATE,,,,
,11.1619384,1093.0,1.97,1.1580,CANDIDATE,0.9750,6200.00,1.6400,0.739
,2.38793696,1674.0,25.56,1.1880,FALSE POSITIVE,0.0000,6769.00,1.1610,1.193
,589.17968,330.0,4.91,1.5010,FALSE POSITIVE,,5295.00,3.1520,0.0431
,76.83994597,,,,CANDIDATE,,,,
,78.86684,573.0,1.3,1.2910,CANDIDATE,,6907.00,1.3810,0.2074
,4.618767943,1565.0,32.36,1.0000,FALSE POSITIVE,0.3090,6195.00,1.7810,0.004
,3.60727417,1833.0,221.55,1.3600,FALSE POSITIVE,0.0000,7026.00,1.7850,0.463
,2.565717939,4607.0,180.8,3.5040,FALSE POSITIVE,0.0000,11360.00,4.7120,1.313
,22.05274533,552.0,32.56,0.8220,FALSE POSITIVE,0.0000,5510.00,0.7410,1.247
,2.881338104,1206.0,31.58,0.9770,FALSE POSITIVE,0.0000,5783.00,0.8800,1.271
,4.078355243,1113.0,16.73,0.8300,FALSE POSITIVE,0.4290,5872.00,0.8670,0.368
,7.73590441,884.0,21.3,0.9440,FALSE POSITIVE,0.0000,5927.00,0.8600,1.205
,3.530164642,1465.0,35.71,1.1070,FALSE POSITIVE,0.0180,6208.00,1.3440,0.019
,28.8672107,493.0,1.51,0.9370,CANDIDATE,1.0000,5191.00,0.8370,0.041
,48.9528113,,,,CANDIDATE,,,,
,94.225938,348.0,1.93,0.9690,FALSE POSITIVE,0.0000,5421.00,0.8520,0.213
,431.78556,211.0,1.36,0.8110,CANDIDATE,,5642.00,0.7470,0.196
,395.07333,1406.0,230.33,1.6880,FALSE POSITIVE,0.0000,3599.00,98.3800,0.013
,1.51918335,2517.0,128.17,1.3730,FALSE POSITIVE,0.0000,7426.00,1.6980,0.336
,13.59940118,,,,FALSE POSITIVE,,,,
,2.745910734,1221.0,61.16,0.8360,FALSE POSITIVE,0.0000,5372.00,0.9600,0.639
,1.608363345,1133.0,19.36,0.5890,FALSE POSITIVE,0.8690,5022.00,0.5890,0.608
,5.746017234,1042.0,29.32,0.9040,FALSE POSITIVE,0.0000,5940.00,0.9600,1.008
,144.102562,437.0,1.67,1.0460,CANDIDATE,,6528.00,1.2600,0.0879
,112.317402,475.0,1.77,1.0460,CANDIDATE,,6528.00,1.2600,0.5434
,9.13315062,900.0,1.48,1.0410,CANDIDATE,1.0000,6122.00,0.9640,0.275
,3.963787093,1389.0,28.11,1.2020,FALSE POSITIVE,0.0000,6617.00,1.1800,0.95
,1.759208679,1475.0,66.06,0.9560,FALSE POSITIVE,0.0000,5721.00,0.9610,0.548
,1.6031794,,,,FALSE POSITIVE,0.0000,,,
,335.56311,333.0,1.83,1.1050,CANDIDATE,,6200.00,1.4480,0.12
,6.496031958,957.0,32.33,0.8250,FALSE POSITIVE,0.0000,5516.00,0.9880,0.065
,4.012537983,765.0,9.96,0.6160,FALSE POSITIVE,0.0000,4483.00,0.6300,0.783
,1.594162001,1419.0,26.11,0.8020,FALSE POSITIVE,0.0000,5388.00,0.8850,1.128
,10.238939876,1190.0,22.09,1.1520,FALSE POSITIVE,0.0000,6244.00,1.8070,1.022
,5.499941387,1202.0,23.34,1.1860,FALSE POSITIVE,0.0080,6435.00,1.1570,0.002
,8.667826242,1225.0,37.51,1.2940,FALSE POSITIVE,0.0000,6712.00,1.5380,0.822
,265.2996227,270.0,33.81,0.9540,FALSE POSITIVE,0.0000,5873.00,0.8630,0.798
,265.2999623,296.0,25.56,1.0720,FALSE POSITIVE,0.0000,6108.00,0.9970,0.928
,98.1020983,525.0,1.97,1.2510,FALSE POSITIVE,,6669.00,1.4270,0.1865
,182.467019,364.0,3.73,1.2490,FALSE POSITIVE,,6299.00,1.1670,0.0158
,126.57837267,,,,FALSE POSITIVE,,,,
,11.41437505,1128.0,44.08,1.3070,FALSE POSITIVE,0.0000,6826.00,1.5200,0.895
,154.607419,340.0,1.56,1.0160,CANDIDATE,,6017.00,0.9310,0.0898
,57.132855,414.0,1.81,0.8300,CANDIDATE,0.7420,5157.00,0.9040,0.32
,151.31847,373.0,1.13,0.9540,FALSE POSITIVE,,6003.00,1.0850,0.3788
,10.4032399,1104.0,51.47,1.0490,FALSE POSITIVE,0.0000,6428.00,1.4360,1.296
,1.853209359,2100.0,32.99,1.1400,FALSE POSITIVE,0.9910,6384.00,1.7160,0.99
,14.66769462,1552.0,145.18,1.9800,FALSE POSITIVE,0.0000,7517.00,3.2260,1.169
,28.2251049,625.0,1.59,1.0370,CANDIDATE,0.7910,6014.00,1.0210,0.778
,150.381954,325.0,2.26,0.9550,CANDIDATE,0.4040,5569.00,0.9540,0.892
,95.906433,288.0,2.17,0.7230,CANDIDATE,0.6380,4620.00,0.7360,0.576
,11.4132144,925.0,1.03,1.0380,FALSE POSITIVE,0.0000,6188.00,1.1550,0.439
,445.21685,237.0,1.37,0.8020,CANDIDATE,0.4960,5670.00,0.9500,0
,172.178768,349.0,2.29,1.0720,FALSE POSITIVE,,6208.00,1.0090,0.2431
,35.502865,724.0,2.18,0.9620,CANDIDATE,0.9010,5528.00,1.8390,0.783
,13.787520532,921.0,25.33,1.2460,FALSE POSITIVE,0.0000,6399.00,1.2890,0.99
,8.2904597,594.0,23.96,0.5590,FALSE POSITIVE,0.0000,4601.00,0.5660,0.426
,66.789347,490.0,2.07,1.0840,CANDIDATE,0.1370,6297.00,1.0310,0.667
,6.150251376,2251.0,100.03,2.3570,CANDIDATE,0.0000,8914.00,2.8670,1.27
,8.214204254,798.0,42.29,0.8650,FALSE POSITIVE,0.0000,5654.00,0.7740,1.092
,15.71377375,728.0,10.85,0.9120,FALSE POSITIVE,0.0000,5812.00,0.9600,0.864
,5.918619554,1009.0,29.98,1.0830,FALSE POSITIVE,0.0000,5957.00,0.9710,0.258
,3.319523463,1108.0,38.37,0.8810,FALSE POSITIVE,0.0000,5761.00,0.7910,1.162
,5.874197307,1112.0,59.2,0.9870,FALSE POSITIVE,0.0000,6103.00,1.0830,0.7
,19.7959731,1014.0,3.47,1.4200,FALSE POSITIVE,0.0000,6731.00,1.8760,0.156
,29.5126153,678.0,1.84,1.0270,CANDIDATE,0.9590,5746.00,1.3510,0.188
,209.00055019,,,,FALSE POSITIVE,,,,
,5.614892073,4097.0,1192.79,1.8630,FALSE POSITIVE,0.0000,4289.00,35.6950,1.243
Kepler-1642 b,12.2064304,895.0,5.41,0.9370,CONFIRMED,1.0000,5254.00,1.5140,0.104
Kepler-1642 c,6.6513189,1095.0,4.81,0.9370,CONFIRMED,1.0000,5254.00,1.5140,0.064
,3.905532605,1017.0,21.37,0.8120,FALSE POSITIVE,0.0000,5495.00,0.7980,0.002
Kepler-1143 c,210.631486,234.0,3.23,0.8170,CONFIRMED,1.0000,4895.00,0.7590,0.642
,455.27405,196.0,1.54,0.8790,CANDIDATE,,5178.00,0.8180,0.2429
,117.761,337.0,0.62,0.8770,CANDIDATE,,5564.00,0.8500,0.2505
,46.331703,441.0,1.39,0.9070,CANDIDATE,,5477.00,0.8150,0.1484
Kepler-1834 c,0.766691517,1541.0,1.22,0.7650,CONFIRMED,1.0000,4821.00,0.7880,0.388
,5.2438528,1016.0,1.11,0.9740,FALSE POSITIVE,0.0000,5815.00,0.9180,0.583
,93.6273251,,,,FALSE POSITIVE,,,,
,7.1931193,916.0,1.12,0.9320,CANDIDATE,0.9820,5518.00,1.0080,0.296
,6.474202359,717.0,28.96,0.6140,FALSE POSITIVE,0.0000,4947.00,0.6240,0.448
,8.4803048,777.0,4.13,0.9060,FALSE POSITIVE,0.0000,5478.00,0.8120,0.027
,8.947426242,1141.0,45.87,1.1800,FALSE POSITIVE,0.0000,6297.00,1.5060,0.517
,9.93443795,830.0,35.54,1.1070,FALSE POSITIVE,0.0000,5763.00,0.9980,1.264
,2.173552528,1025.0,23.51,0.5920,FALSE POSITIVE,0.0000,5008.00,0.5940,1.297
,47.7439509,575.0,1.74,1.1400,CANDIDATE,1.0000,5949.00,1.2920,0.977
,4.57834367,1206.0,1.44,1.0350,CANDIDATE,0.9610,5782.00,1.2200,0.232
,10.157715971,853.0,42.27,1.0930,FALSE POSITIVE,0.0000,5993.00,0.9860,1.268
,12.654896,801.0,1.02,0.9740,CANDIDATE,0.9580,5833.00,1.0220,0.009
,131.258668,433.0,1.59,1.1980,CANDIDATE,,6443.00,1.2480,0.4901
,92.552007,440.0,2.1,1.0970,CANDIDATE,0.9820,5808.00,1.2200,0.513
,75.072964,522.0,1.09,1.1980,CANDIDATE,,6443.00,1.2480,0.2602
,404.701927,298.0,1.94,1.1980,FALSE POSITIVE,,6443.00,1.2480,0.2598
,0.779609509,2097.0,1.07,0.9790,FALSE POSITIVE,0.0000,5899.00,1.0700,0.676
,15.80529628,,,,FALSE POSITIVE,,,,
,2.103239235,1470.0,64.15,0.9920,FALSE POSITIVE,0.0000,6074.00,0.9650,0.62
,31.8134892,496.0,1.18,0.8480,CANDIDATE,,5505.00,0.7760,0.2316
,115.230655,632.0,4.02,1.5020,CANDIDATE,0.4410,6585.00,2.5170,0.95
Kepler-401 d,184.262741,380.0,2.57,1.0770,CONFIRMED,0.9550,6115.00,1.2910,0.885
,106.25976,303.0,1.5,0.7960,CANDIDATE,0.9900,4827.00,0.8230,0.209
,505.462916,181.0,3.46,0.8000,CANDIDATE,0.7670,4817.00,0.8330,0.489
,274.743032,330.0,2.16,1.0730,CANDIDATE,,6277.00,1.2070,0.4073
,360.477635,339.0,11943.8,1.0660,CANDIDATE,,6266.00,1.5220,72.848
,18.0811429,638.0,0.75,0.9500,CANDIDATE,,5693.00,0.8560,0.6214
Kepler-1388 d,20.9569985,363.0,2.38,0.6050,CONFIRMED,1.0000,3891.00,0.5640,0.112
,15.249335907,875.0,45.92,1.0620,FALSE POSITIVE,0.0000,6385.00,1.1890,1.077
,4.816610903,1050.0,26.15,0.8850,FALSE POSITIVE,0.0000,5796.00,0.9040,0.431
,2.305903447,3147.0,39.04,2.4440,FALSE POSITIVE,0.0000,9696.00,2.4920,0.003
,1.814128042,3773.0,426.98,2.7850,FALSE POSITIVE,0.0000,4822.00,12.8990,1.246
,1.247121237,1237.0,18.39,0.6340,FALSE POSITIVE,0.0000,4852.00,0.6510,1.223
,4.128795314,1244.0,52,0.8760,FALSE POSITIVE,0.0000,5949.00,1.0830,0.739
,3.269176601,1349.0,164.61,1.0660,FALSE POSITIVE,0.0000,6372.00,1.0150,2.195
,5.902596818,1123.0,25.8,1.0220,CANDIDATE,0.0190,6184.00,1.0940,0.168
,15.995094054,676.0,17.09,0.8890,FALSE POSITIVE,0.0000,5899.00,0.8050,0.272
,214.013044,397.0,1.54,1.2730,CANDIDATE,,6698.00,1.3700,0.1289
,0.70914232,1685.0,7.27,0.6630,FALSE POSITIVE,,5350.00,0.6930,1.0094
,9.86869589,1332.0,21.68,1.3840,FALSE POSITIVE,0.0000,7301.00,1.7170,0.984
,66.34455122,,,,FALSE POSITIVE,,,,
,143.09688,441.0,1.48,1.3540,CANDIDATE,,6725.00,1.3100,0.1129
,73.4567573,,,,CANDIDATE,,,,
,0.978362973,2772.0,1.04,1.4600,FALSE POSITIVE,0.0010,7193.00,1.6710,0.267
,13.0327301,809.0,1.64,1.0700,CANDIDATE,0.9890,6122.00,0.9960,0.67
Kepler-1388 e,37.6333868,299.0,2.25,0.6050,CONFIRMED,1.0000,3891.00,0.5640,0.338
,31.9533679,725.0,1.65,1.3250,CANDIDATE,0.9990,6313.00,1.4670,0.773
,458.16754,208.0,2.11,0.8950,CANDIDATE,,5536.00,0.8160,0.1573
,67.8766605,455.0,1.92,1.0580,CANDIDATE,,6018.00,0.9750,0.0011
,15.0367776,381.0,8.02,0.5200,FALSE POSITIVE,0.0220,3729.00,0.5140,1.115
,25.0901574,852.0,1.35,1.1270,CANDIDATE,1.0000,6033.00,1.7880,0.935
Kepler-1482 b,12.25384348,678.0,1,0.9310,CONFIRMED,1.0000,5413.00,0.8200,0.441
,326.6708,283.0,2.2,0.9240,CANDIDATE,,5896.00,1.0720,0.6133
,143.21109362,,,,CANDIDATE,,,,
,362.97828,296.0,1.96,1.0130,CANDIDATE,0.7840,6086.00,1.2160,0.055
,240.192808,298.0,2.68,1.0610,CANDIDATE,0.7440,6004.00,0.9770,0.814
,22.16127178,877.0,69.44,0.9790,FALSE POSITIVE,0.0000,5893.00,1.7450,1.277
,86.723653,391.0,1.43,0.9700,CANDIDATE,0.1490,5830.00,0.8760,0.662
,2.745121487,893.0,9.55,0.7300,FALSE POSITIVE,0.0000,4608.00,0.6580,0.861
,282.9656538,280.0,71.61,1.0450,FALSE POSITIVE,0.0000,5999.00,0.9590,0.426
,37.32030954,538.0,36.96,1.0320,FALSE POSITIVE,0.0000,5910.00,0.9400,1.282
,36.566324,828.0,15.41,1.2060,CANDIDATE,0.1750,5294.00,2.8840,0.018
,5.889372452,1695.0,50.78,1.5370,FALSE POSITIVE,0.0000,7249.00,2.0710,0.403
,2.581595167,1328.0,40.94,0.9120,FALSE POSITIVE,0.0000,5720.00,0.9890,0.124
,20.5736113,1197.0,3.86,1.8940,CANDIDATE,0.2830,5440.00,4.5240,0.032
,0.566801886,3862.0,0.54,1.8090,FALSE POSITIVE,,7589.00,2.1690,0.3733
,180.71809,546.0,1.28,1.7380,FALSE POSITIVE,,7608.00,1.9910,0.8856
,6.5583706,1283.0,39.06,1.1400,FALSE POSITIVE,0.0000,6144.00,1.6060,1.213
,434.39148,236.0,1.59,0.8980,FALSE POSITIVE,,5971.00,0.8680,0.9936
,71.1577054,,,,FALSE POSITIVE,,,,
,73.26417,584.0,1.32,1.1100,FALSE POSITIVE,,5424.00,2.1100,0.4719
Kepler-1972 c,11.3220104,1215.0,0.91,1.1730,CONFIRMED,,6003.00,2.1930,0.1749
,681.9363102,220.0,61.52,1.0410,FALSE POSITIVE,,6095.00,1.0350,0.828
,0.705891195,4884.0,1,2.6090,FALSE POSITIVE,0.0000,10346.00,2.4490,0.511
,377.88909,606.0,3.17,2.5050,FALSE POSITIVE,,9030.00,3.2180,0.1164
,199.21638,706.0,2.36,2.3570,FALSE POSITIVE,,8914.00,2.8670,0.5
,121.70747,580.0,3.02,1.3600,FALSE POSITIVE,,6362.00,2.2700,0.9778
,273.528359,557.0,115.4,1.9490,FALSE POSITIVE,,7682.00,2.7830,1.363
,3.88258905,1158.0,0.78,1.0000,FALSE POSITIVE,0.0000,5780.00,1.0000,0.553
,135.57186,439.0,0.83,0.7780,FALSE POSITIVE,,6070.00,1.2770,0.2687
,0.954388314,3406.0,2.27,1.8360,CANDIDATE,0.0000,7056.00,2.7850,0.737
,173.06929,518.0,30.29,1.5260,FALSE POSITIVE,,7296.00,1.8180,1.1262
,1.039046871,1774.0,0.48,0.9180,FALSE POSITIVE,0.0050,5689.00,0.9760,0.096
,0.607538435,3219.0,1.34,1.4670,FALSE POSITIVE,,7076.00,1.6910,0.9849
,0.98762513,3728.0,1.14,2.2130,FALSE POSITIVE,0.0010,9456.00,2.0220,0.547
,113.0707574,,,,FALSE POSITIVE,,,,
,66.713573,555.0,0.98,1.1740,FALSE POSITIVE,,6745.00,1.1820,0.4916
,135.223193,417.0,0.92,1.0440,FALSE POSITIVE,,6181.00,1.2270,0.0177
,195.7093855,,,,FALSE POSITIVE,,,,
,27.6775212,558.0,23.04,0.9160,FALSE POSITIVE,0.0000,5797.00,0.8280,1.238
,35.2340413,602.0,2.21,1.0730,FALSE POSITIVE,,6295.00,1.0140,0.2713
,20.9794338,520.0,24.76,0.6460,FALSE POSITIVE,0.0000,5182.00,0.6660,1.284
,15.6937855,755.0,1.99,0.9780,FALSE POSITIVE,,5868.00,1.0370,0.2227
,5.77451117,1232.0,1.87,1.0880,CANDIDATE,0.9660,5821.00,1.4920,0.348
,20.73376301,663.0,54.58,1.0000,FALSE POSITIVE,0.0000,5780.00,1.0000,0.993
,63.571688,399.0,2.14,0.9180,FALSE POSITIVE,,5504.00,0.8190,0.7182
,338.20075,223.0,2.08,0.9030,FALSE POSITIVE,,5381.00,0.8110,0.2434
Kepler-90 f,124.922516,407.0,3.37,1.0890,CONFIRMED,0.9950,5970.00,1.2000,0.943
,1.303570451,2720.0,235.58,0.8910,FALSE POSITIVE,0.0000,4884.00,3.5840,0.548
,3.72277264,945.0,22.78,0.7400,FALSE POSITIVE,,5333.00,0.6880,1.2672
,3.886730304,1158.0,61.58,1.0000,FALSE POSITIVE,0.0000,5780.00,1.0000,0
,49.5740154,280.0,5.01,0.5250,FALSE POSITIVE,0.0000,4040.00,0.5270,0.472
,10.42360821,515.0,1.67,0.5650,FALSE POSITIVE,0.0000,4260.00,0.5800,0.001
,10.1384691,723.0,0.74,0.8650,CANDIDATE,0.8470,5483.00,0.7790,0.207
Kepler-347 d,85.517344,482.0,3.04,1.0000,CONFIRMED,0.0170,5592.00,1.4510,0.944
,161.2529031,652.0,59.07,2.1280,FALSE POSITIVE,0.0000,9341.00,1.8700,0.227
,0.761119678,2977.0,27.81,0.8970,FALSE POSITIVE,1.0000,6911.00,1.5010,1.129
,94.212787,597.0,35.89,0.8970,FALSE POSITIVE,0.0000,6911.00,1.5010,0.001
,8.6040858,947.0,0.94,1.0520,CANDIDATE,,6250.00,0.9860,0.4146
,1.330333096,1634.0,24.3,0.9930,FALSE POSITIVE,0.6720,5984.00,0.9060,0.692
,1.140133012,4370.0,126.77,2.1140,FALSE POSITIVE,0.0000,6715.00,5.9700,1.181
,7.946367138,629.0,36.01,0.5710,FALSE POSITIVE,0.0000,4789.00,0.5730,0.636
,16.832079803,1243.0,61.35,1.2230,FALSE POSITIVE,0.0000,6300.00,2.7550,0.218
,7.346159047,835.0,44.48,0.9050,FALSE POSITIVE,0.0000,5616.00,0.8100,0.945
,26.2402438,583.0,1.16,0.7870,FALSE POSITIVE,0.1120,5649.00,0.8750,0.36
,10.738427243,1137.0,6.96,1.0530,FALSE POSITIVE,0.0000,6180.00,1.6860,0.036
,65.415183,295.0,1.31,0.6360,CANDIDATE,0.5290,4348.00,0.6460,0.377
,72.28198,984.0,13.11,2.0540,CANDIDATE,,7694.00,3.6270,0.2405
,23.832382513,623.0,63.78,1.0370,FALSE POSITIVE,0.0000,5722.00,1.0000,0.664
,1.428766771,1737.0,1.01,1.0960,FALSE POSITIVE,0.0000,6197.00,1.0350,0.354
,14.5567427,783.0,1.38,1.0650,FALSE POSITIVE,,6153.00,0.9930,0.4308
,1.106560721,1782.0,47.63,0.9480,FALSE POSITIVE,0.0010,6205.00,0.8730,0.531
,0.721624431,1604.0,40.61,0.6860,FALSE POSITIVE,0.0000,5067.00,0.7150,0.855
,371.70965709,,,,CANDIDATE,,,,
,10.81589054,1086.0,32.48,1.0650,FALSE POSITIVE,0.0000,6269.00,1.5080,0.219
,4.1747072,,,,FALSE POSITIVE,0.0000,,,
,0.622303871,2032.0,0.77,0.7420,FALSE POSITIVE,0.0000,5672.00,0.8530,0.338
,23.3924063,701.0,0.84,1.0080,FALSE POSITIVE,,6221.00,1.0500,0.3153
,75.906736,507.0,0.63,0.9410,CANDIDATE,,6140.00,1.2060,0.0506
,2.15888911,1130.0,0.72,0.7900,CANDIDATE,0.9520,5269.00,0.7130,0.224
,4.608901433,1007.0,48.72,0.8440,FALSE POSITIVE,0.0000,5938.00,0.7550,0.386
,17.5806026,816.0,1.87,1.0630,CANDIDATE,0.7860,5839.00,1.3580,0.879
,3.326193904,521.0,14.72,0.3580,FALSE POSITIVE,0.0000,3520.00,0.3490,0.001
,12.823275455,743.0,44.29,0.9070,FALSE POSITIVE,0.0000,5973.00,0.8260,0.93
,37.183276326,594.0,55,0.8460,FALSE POSITIVE,0.0000,5657.00,1.1680,0.003
,5.065329723,1315.0,60.35,1.0300,FALSE POSITIVE,0.0000,6350.00,1.2860,0.725
,0.957079167,2441.0,72.76,1.0660,FALSE POSITIVE,0.0000,6367.00,1.4680,1.135
,9.380632783,846.0,46.72,1.0040,FALSE POSITIVE,0.0000,5926.00,0.9130,1.084
,10.064687893,679.0,30.11,0.6730,FALSE POSITIVE,0.0000,5185.00,0.7050,1.261
,2.71772323,1123.0,0.72,0.8120,CANDIDATE,1.0000,5135.00,0.8740,0.197
,7.73591011,806.0,50.46,0.8530,FALSE POSITIVE,0.0000,5623.00,0.7630,0.613
,3.359470825,2421.0,129.93,1.5300,FALSE POSITIVE,0.0000,6587.00,3.5140,1.281
,20.729255112,567.0,53.87,0.7450,FALSE POSITIVE,0.0000,5256.00,0.8020,0.575
,3.04459739,1076.0,0.62,0.8430,FALSE POSITIVE,0.0000,5525.00,0.7530,0.385
,3.796448299,2577.0,232.39,1.9220,FALSE POSITIVE,0.0000,8117.00,3.0700,0.249
,3.79654367,2577.0,159.34,1.9220,FALSE POSITIVE,0.0000,8117.00,3.0700,1.081
,15.926990634,566.0,93.94,0.6350,FALSE POSITIVE,0.0000,5191.00,0.6500,1.368
,23.9830523,718.0,1.17,0.9160,CANDIDATE,0.5500,5696.00,1.2920,0.096
,1.219049953,2948.0,2.48,1.3780,FALSE POSITIVE,,5742.00,3.3740,0.0517
,0.64585177,1234.0,51.1,0.4800,FALSE POSITIVE,0.0000,4399.00,0.4630,1.138
,134.413808,391.0,1.69,1.2060,CANDIDATE,,6013.00,1.1870,0.1857
,1.70192371,1704.0,40.15,1.0910,FALSE POSITIVE,0.0000,5826.00,1.2620,0.906
,1.20693963,2847.0,0.97,1.6680,FALSE POSITIVE,0.0000,7331.00,2.0410,0.701
,3.008602107,1343.0,56.15,0.9610,FALSE POSITIVE,0.0000,6033.00,1.0260,0.948
,41.81145,483.0,1.4,0.7230,FALSE POSITIVE,,5593.00,0.8120,0.0121
,0.846291334,1243.0,30.8,0.5300,FALSE POSITIVE,0.0000,4627.00,0.5260,0.779
,1.930451347,1623.0,58.77,1.2470,FALSE POSITIVE,0.0000,6154.00,1.1680,1.121
,2.427967843,2275.0,108.33,1.7070,FALSE POSITIVE,0.0000,7652.00,1.9210,0.954
,347.97611,253.0,1.62,0.9640,CANDIDATE,0.8370,5995.00,0.8780,0.057
,6.840305932,945.0,62.08,0.9960,FALSE POSITIVE,0.0000,5970.00,0.9080,1.094
,1.032967155,5990.0,21.22,2.9480,FALSE POSITIVE,0.3370,5283.00,18.9590,0.025
,2.489550708,1281.0,36.91,0.8530,FALSE POSITIVE,0.0000,6018.00,0.7940,1.185
,2.980479588,1370.0,70.52,0.9540,FALSE POSITIVE,0.0000,6065.00,1.0470,0.479
,4.81712182,922.0,43.45,0.8850,FALSE POSITIVE,0.0000,5419.00,0.7950,1.233
,2.479948394,1169.0,35.62,0.8540,FALSE POSITIVE,0.0000,5391.00,0.8220,0.67
,1.58742695,1893.0,37.64,1.1530,FALSE POSITIVE,0.0000,6440.00,1.2410,0.718
,19.668404822,555.0,42.91,0.6800,FALSE POSITIVE,0.0000,5260.00,0.7170,0
,11.8187288,919.0,2.09,1.0460,CANDIDATE,1.0000,5803.00,1.3280,0.282
,5.78901936,849.0,0.78,0.7170,CANDIDATE,,5289.00,0.7480,0.1847
,0.968065631,1487.0,0.68,0.7570,FALSE POSITIVE,0.0000,5367.00,0.6870,0.518
,0.824181335,1912.0,18.2,0.9290,FALSE POSITIVE,0.0000,5977.00,0.8830,1.174
,12.26708306,,,,CANDIDATE,,,,
,2.45261841,1108.0,0.69,0.7550,FALSE POSITIVE,,5216.00,0.7510,0.3595
,6.33342309,625.0,7.62,0.6400,CANDIDATE,0.8040,4352.00,0.6130,1.101
,5.522479,1288.0,0.76,1.0560,CANDIDATE,,6532.00,1.2470,0.6606
,0.706423768,2845.0,1.16,1.1270,FALSE POSITIVE,0.0000,6514.00,1.5850,0.71
,9.4588054,943.0,1.78,1.1220,CANDIDATE,1.0000,6247.00,1.0660,0.365
,25.9534494,554.0,2.06,0.9770,FALSE POSITIVE,,5591.00,0.8600,0.6188
,3.49550335,1081.0,0.66,0.9370,FALSE POSITIVE,,5582.00,0.8500,0.0843
,25.95193721,904.0,123.34,1.1100,FALSE POSITIVE,0.0000,6569.00,1.7290,0.51
,71.008017,419.0,1.11,0.8820,CANDIDATE,,5847.00,0.8490,0.1788
,31.024310431,783.0,93.29,1.1000,FALSE POSITIVE,0.0000,6011.00,1.7410,1.009
,0.634131057,2488.0,0.58,0.9920,FALSE POSITIVE,,6428.00,1.1090,0.0891
,2.90805147,1220.0,0.97,0.9610,CANDIDATE,0.9990,5889.00,0.8690,0.771
,1.992098705,1435.0,45.85,0.9850,FALSE POSITIVE,0.0000,6024.00,0.9000,1.069
,1.78752921,3868.0,5.86,2.2330,FALSE POSITIVE,0.0000,6286.00,7.3420,0.064
,1.77555333,1786.0,1.26,1.1580,FALSE POSITIVE,,6594.00,1.1380,0.9299
,5.462689263,1024.0,36.25,0.8670,FALSE POSITIVE,0.0000,5929.00,0.8880,1.298
,3.58966681,2410.0,95.86,1.7570,FALSE POSITIVE,0.1250,6564.00,3.8370,1.209
,1.37347867,2505.0,4.25,1.1960,FALSE POSITIVE,,6877.00,1.7530,0.9848
,1.00960235,2885.0,1.94,1.1220,FALSE POSITIVE,0.0000,6028.00,2.4120,0.992
,1.060996585,1968.0,64.99,0.9440,FALSE POSITIVE,0.0000,5433.00,1.3480,1.141
,2.735152701,1679.0,3.27,1.3380,FALSE POSITIVE,0.0000,6333.00,1.5230,0.955
,9.459993213,766.0,51.89,0.9280,FALSE POSITIVE,0.0000,5569.00,0.8290,0.743
,1.208524388,1286.0,26.71,0.7810,FALSE POSITIVE,0.0000,4963.00,0.7010,1.259
,3.79187443,1004.0,47.49,0.8030,FALSE POSITIVE,0.0000,5622.00,0.7230,0.798
,17.844323157,874.0,90.67,1.0460,FALSE POSITIVE,0.0000,5993.00,1.4850,0.757
,34.6506368,1191.0,12.35,1.8660,FALSE POSITIVE,0.9700,6681.00,4.1850,0.973
,2.56271232,1171.0,0.48,0.8230,CANDIDATE,0.8310,5190.00,0.8990,0.346
,12.643303542,443.0,34.94,0.5720,FALSE POSITIVE,0.0000,3977.00,0.5620,0.739
,1.36293943,2630.0,31.28,1.5110,FALSE POSITIVE,0.0000,6831.00,2.1060,1.13
,185.103836,670.0,14.63,1.1790,FALSE POSITIVE,0.2290,4992.00,6.2260,0.019
,1.267693801,1606.0,64.84,0.8250,FALSE POSITIVE,0.0000,5446.00,0.9610,0.589
,15.08186,758.0,0.98,0.8900,CANDIDATE,,5794.00,1.0120,0.7171
,2.44693823,1379.0,0.56,1.0220,CANDIDATE,0.9710,5821.00,1.0330,0.611
,7.002865192,1197.0,75.09,1.2400,FALSE POSITIVE,0.0000,6818.00,1.2160,0.358
,13.05609,814.0,1.3,0.9780,CANDIDATE,0.9550,6078.00,0.9940,0.097
,0.85450941,1928.0,0.35,0.8810,FALSE POSITIVE,,5922.00,0.9210,0.4204
,30.130130001,753.0,83.75,1.2840,FALSE POSITIVE,0.0000,6674.00,1.3470,0.631
,7.0435762,,,,FALSE POSITIVE,0.0000,,,
,9.12208711,904.0,52.66,0.9810,FALSE POSITIVE,0.0000,5857.00,1.0390,1.104
,366.71923,383.0,3.35,1.2370,FALSE POSITIVE,0.3150,6295.00,2.0490,0.592
,6.373454978,1169.0,51.6,0.8310,FALSE POSITIVE,0.0000,5953.00,1.2540,1.284
,1.075577069,2094.0,69.11,0.9660,FALSE POSITIVE,0.0000,6011.00,1.2670,0.886
,0.811390968,5043.0,14.74,2.7310,FALSE POSITIVE,0.0000,4994.00,12.4870,0.345
,14.6494599,574.0,1,0.6630,FALSE POSITIVE,,5017.00,0.6880,0.175
,321.00742,351.0,3.7,0.8640,FALSE POSITIVE,,5258.00,2.0040,0.6639
,27.81892382,610.0,50,0.9940,FALSE POSITIVE,0.0000,6126.00,0.9150,0.606
,8.467706136,844.0,43.98,0.9300,FALSE POSITIVE,0.0000,5873.00,0.8430,1.054
,24.70361995,464.0,30.13,0.7170,FALSE POSITIVE,0.0000,5030.00,0.6500,0.206
,5.1348689,1040.0,16.17,0.8310,FALSE POSITIVE,0.0000,5515.00,1.0010,1.137
,5.251918489,1060.0,51.51,1.0000,FALSE POSITIVE,0.0000,6099.00,0.9190,0.317
,3.62944008,1351.0,40.08,0.9860,FALSE POSITIVE,0.0000,6284.00,1.0930,0.253
,43.263305017,505.0,62.75,0.7700,FALSE POSITIVE,0.0000,5623.00,0.9170,0.555
,6.042029838,729.0,23.94,0.5870,FALSE POSITIVE,0.0000,5030.00,0.5870,0.689
,2.892087553,1225.0,47.55,0.8640,FALSE POSITIVE,0.0000,5622.00,0.9240,1.062
,5.40597608,2818.0,31.78,3.1210,FALSE POSITIVE,0.0000,4840.00,15.3550,0.013
,3.64049242,1136.0,0.61,1.0170,CANDIDATE,0.9140,5745.00,0.9360,0.181
,0.510804497,3622.0,1.58,1.4150,FALSE POSITIVE,0.0000,6596.00,2.1760,0.81
,0.645850521,1941.0,0.69,0.8060,FALSE POSITIVE,0.0000,5381.00,0.9110,0.476
,18.84497113,552.0,5.35,0.6650,FALSE POSITIVE,0.0000,5220.00,0.6950,0.895
,5.1581317,1642.0,2.02,1.3310,CANDIDATE,0.9790,5155.00,3.3550,0.032
,14.759477667,862.0,76.06,1.1350,FALSE POSITIVE,0.0000,6522.00,1.1050,0.56
,10.476258265,1077.0,54.13,1.0760,FALSE POSITIVE,0.0000,6109.00,1.5360,0.318
,1.588298157,2773.0,120,1.6870,FALSE POSITIVE,0.0000,7742.00,2.0940,0.855
,1.58826263,862.0,0.47,0.5640,FALSE POSITIVE,0.0000,3931.00,0.5440,0.021
,3.909314318,1364.0,42.54,1.0400,FALSE POSITIVE,0.0000,6425.00,1.1430,0.776
,1.38385822,,,,FALSE POSITIVE,0.0000,,,
,0.79708975,2262.0,0.54,0.9750,FALSE POSITIVE,0.0000,6056.00,1.1960,0.53
,25.9136674,966.0,3.37,1.2790,CANDIDATE,0.9830,6167.00,2.3460,0.982
,8.5412411,767.0,1.4,0.8320,FALSE POSITIVE,0.0010,5602.00,0.7320,0.793
,1.013922622,1392.0,31.98,0.6320,FALSE POSITIVE,0.0000,5110.00,0.6470,1.178
,17.918743061,942.0,56.94,0.7750,FALSE POSITIVE,0.0010,5870.00,1.6300,0.252
,2.287515702,1801.0,86.76,1.4270,FALSE POSITIVE,0.0000,6773.00,1.3910,0.346
,659.2907,322.0,4.66,1.3830,FALSE POSITIVE,0.0000,6917.00,1.8370,0.982
,24.847087207,569.0,52.38,0.9430,FALSE POSITIVE,0.0000,5644.00,0.8540,0.52
,0.85574731,,,,FALSE POSITIVE,,,,
,20.867855659,716.0,53.53,0.9000,FALSE POSITIVE,0.0000,6095.00,1.0160,1.045
,3.401949837,2076.0,14.32,1.3790,FALSE POSITIVE,0.1360,7094.00,2.1700,0.958
,6.96197304,778.0,0.97,0.7750,CANDIDATE,1.0000,5008.00,0.8140,0.103
,7.8935324,1052.0,0.78,0.9910,CANDIDATE,0.8510,6306.00,1.1090,0.303
,2.252822538,1462.0,57.6,0.8880,FALSE POSITIVE,0.0000,6116.00,0.9510,0.621
,2.25284817,1940.0,8.61,1.3500,FALSE POSITIVE,0.0000,6850.00,1.5300,1.043
,1.320499473,4477.0,18.94,3.2570,CANDIDATE,1.0000,5172.00,13.4540,0.15
,5.39525573,1992.0,152.74,1.6820,FALSE POSITIVE,0.0000,7216.00,2.8040,1
,13.1538409,750.0,1.03,0.8480,CANDIDATE,0.6350,5443.00,1.0080,0.39
,0.939740093,7200.0,34.87,1.8830,FALSE POSITIVE,,4297.00,33.4740,0.5488
,36.0484798,566.0,1.24,0.9440,CANDIDATE,,5602.00,1.1000,0.294
,4.2742605,1326.0,1.88,1.1020,CANDIDATE,0.0360,6477.00,1.1480,0.089
,265.299451,270.0,7.1,0.9540,FALSE POSITIVE,0.0000,5873.00,0.8630,0.88
,265.310499,296.0,4.69,1.0720,FALSE POSITIVE,0.0000,6108.00,0.9970,0.913
,35.4261827,2217.0,153.72,1.8630,FALSE POSITIVE,0.0010,4289.00,35.6950,1.004
,8.460438928,804.0,36.62,0.7960,FALSE POSITIVE,0.0000,5951.00,0.7020,1.061
,27.556452,531.0,1.4,0.9370,CANDIDATE,,5509.00,0.8360,0.1438
,4.318726936,1091.0,29.74,1.0080,FALSE POSITIVE,0.0000,5896.00,0.9160,0.867
,3.22598684,,,,FALSE POSITIVE,,,,
,76.45315813,291.0,22.89,0.5480,FALSE POSITIVE,0.0000,4831.00,0.5400,1.26
,7.698431197,878.0,42.72,0.9030,FALSE POSITIVE,0.0000,5774.00,0.8760,1.149
,0.504296702,2694.0,50.41,0.8990,FALSE POSITIVE,,6140.00,1.1870,1.2942
,5.194256813,1546.0,41.77,1.2440,FALSE POSITIVE,0.0000,6100.00,2.0860,0.378
,61.42252657,326.0,41.01,0.6650,FALSE POSITIVE,0.0000,4867.00,0.6130,0.574
,566.28176,203.0,2.79,0.8790,CANDIDATE,,5829.00,0.8020,0.2065
,9.761172507,1325.0,95.58,1.1960,FALSE POSITIVE,0.0000,6468.00,2.0480,0.343
,1.36513839,,,,FALSE POSITIVE,,,,
,1.061008464,1002.0,32.58,0.4660,FALSE POSITIVE,0.0000,4239.00,0.4540,0.477
,1.36840167,,,,FALSE POSITIVE,,,,
,5.8957069,1002.0,32.41,1.0170,FALSE POSITIVE,,5956.00,0.9340,1.3087
,1.67473779,,,,FALSE POSITIVE,0.0000,,,
,1.039370613,3320.0,12.6,1.4790,FALSE POSITIVE,0.0000,6429.00,3.1370,0.976
,2.31169425,3178.0,1.76,2.4410,FALSE POSITIVE,0.0000,9451.00,2.6790,0.628
,2.072177815,1204.0,46.55,0.8110,FALSE POSITIVE,0.0000,5519.00,0.7180,0.641
,3.34328534,2094.0,64,1.5190,FALSE POSITIVE,0.0000,6541.00,2.6520,1.21
,0.52740121,1027.0,1.49,0.4310,CANDIDATE,,3582.00,0.4100,0.4309
,0.905678252,1901.0,0.78,0.9570,FALSE POSITIVE,0.0000,6075.00,0.9090,0.357
,0.905672916,1468.0,0.76,0.7150,FALSE POSITIVE,0.0000,4949.00,0.7410,0.033
,0.790046373,2541.0,56.93,1.3740,FALSE POSITIVE,0.0000,6785.00,1.3420,0.65
,1.804591904,1923.0,80.87,1.2610,FALSE POSITIVE,0.0000,6271.00,1.5150,0.879
,1.400903699,1764.0,1.16,1.0330,CANDIDATE,0.9650,6375.00,0.9750,0.196
,1.14073528,3190.0,0.68,1.6430,FALSE POSITIVE,0.0000,8847.00,1.6850,0.768
,3.31976683,1276.0,0.7,0.8830,FALSE POSITIVE,,6100.00,0.9400,0.713
,0.52880817,3558.0,1.84,1.3370,FALSE POSITIVE,0.0000,6224.00,2.3680,0.432
,0.700606479,3312.0,1.22,1.3660,FALSE POSITIVE,0.0000,6280.00,2.4490,0.37
,9.469191607,1679.0,49.17,2.1440,FALSE POSITIVE,0.0000,9454.00,1.8320,0.627
,15.53753378,694.0,40.9,0.8220,FALSE POSITIVE,0.0000,5704.00,0.8680,0.425
,17.3816224,756.0,26.55,0.9690,CANDIDATE,0.9460,6116.00,1.0200,0.666
,2.172042913,2169.0,100.79,1.4610,FALSE POSITIVE,0.0000,7128.00,1.7750,0.881
,28.655498,658.0,1.45,1.1880,CANDIDATE,0.9790,6268.00,1.1000,0.079
,13.4450174,606.0,1.08,0.7500,CANDIDATE,0.7180,5003.00,0.7590,0.531
,6.35216475,2698.0,18.1,2.0090,FALSE POSITIVE,0.0000,4820.00,13.6540,0.196
,0.705174384,751.0,366.76,0.2450,FALSE POSITIVE,,3354.00,0.2500,13.5485
,38.058140058,736.0,94.1,1.3170,FALSE POSITIVE,0.0000,6894.00,1.4190,0.63
,26.1556767,501.0,1.28,0.7870,CANDIDATE,,5204.00,0.7600,0.166
,4.800232532,941.0,48.67,0.8120,FALSE POSITIVE,0.0000,5591.00,0.7560,0.669
,1.74336627,2029.0,140.49,1.2910,FALSE POSITIVE,,6640.00,1.4780,1.855
,4.60687717,865.0,1.14,0.7040,CANDIDATE,0.9090,5110.00,0.7110,0.341
,1.507100589,2378.0,131.16,1.4060,FALSE POSITIVE,0.0000,6919.00,1.7480,0.336
,0.758355704,1765.0,8.78,0.8750,FALSE POSITIVE,0.0000,5629.00,0.7830,0.846
,0.77258608,,,,FALSE POSITIVE,,,,
,0.898837525,1615.0,57.14,0.7830,FALSE POSITIVE,0.0000,5284.00,0.8070,0.496
,11.931131598,831.0,93.46,0.9420,FALSE POSITIVE,0.0000,6089.00,0.9590,1.037
,11.93137992,415.0,0.56,0.5140,FALSE POSITIVE,0.0000,3787.00,0.5050,0.412
,27.533803402,777.0,50.02,1.0660,FALSE POSITIVE,0.0000,5925.00,1.6110,0.908
,12.4964346,1397.0,55.34,1.7330,FALSE POSITIVE,0.0000,6821.00,2.7300,1.17
,1.352576807,2866.0,161.02,1.4300,FALSE POSITIVE,0.0000,6881.00,2.4060,0.616
,502.20642,212.0,2.18,0.8070,CANDIDATE,,6018.00,0.7330,0.9802
,8.3613732,793.0,0.79,0.7100,CANDIDATE,0.8880,5470.00,0.7770,0.067
,13.254134073,990.0,58.51,0.9700,FALSE POSITIVE,0.0000,6175.00,1.4360,1.051
,10.5113779,1052.0,0.72,1.1820,CANDIDATE,0.7290,6575.00,1.3050,0.198
,1.922009494,1596.0,48.61,0.8540,FALSE POSITIVE,0.0000,5880.00,1.0870,1.312
,10.186578749,793.0,67.45,0.8590,FALSE POSITIVE,0.0000,5557.00,0.9160,0.677
,32.003815635,960.0,180.25,1.7300,FALSE POSITIVE,0.0000,5260.00,4.0620,1.226
,1.250390814,2367.0,101.37,1.0230,FALSE POSITIVE,0.0000,6297.00,1.6630,0.73
,1.58487898,943.0,0.37,0.5520,CANDIDATE,0.8010,4201.00,0.5660,0.417
,9.2742685,,,,FALSE POSITIVE,0.0000,,,
,5.748815953,799.0,26.94,0.7250,FALSE POSITIVE,0.0000,4961.00,0.7530,1.172
,0.517573708,1863.0,37.02,0.7760,FALSE POSITIVE,0.0000,5427.00,0.7000,1.021
,20.9525604,495.0,1.19,0.7730,CANDIDATE,0.3970,4885.00,0.7200,0.74
,24.70932686,662.0,25.1,1.0180,FALSE POSITIVE,0.0000,6065.00,1.0230,0.928
,13.68369259,635.0,30.6,0.6730,FALSE POSITIVE,0.0000,5359.00,0.7080,0.089
,9.726748645,997.0,277.38,0.9220,FALSE POSITIVE,0.0000,5618.00,1.4060,1.883
,3.72920972,1713.0,0.8,1.3700,CANDIDATE,,6215.00,2.0500,0.5232
,0.691561191,1460.0,5.91,0.5830,FALSE POSITIVE,,4892.00,0.5860,1.0183
,1.35337091,1444.0,26.69,0.7260,FALSE POSITIVE,0.0000,5426.00,0.7840,0.579
,1.854491777,1511.0,63.08,0.9260,FALSE POSITIVE,0.0000,5843.00,0.9900,0.285
,4.737713268,882.0,29.25,0.8030,FALSE POSITIVE,0.0000,5335.00,0.7190,0.8
,5.704593,900.0,0.95,0.9330,CANDIDATE,0.9860,5523.00,0.8320,0.285
,1.36752316,1684.0,0.82,1.0440,CANDIDATE,1.0000,5836.00,1.0480,0.299
,2.49777454,2264.0,2.14,1.6410,FALSE POSITIVE,0.0000,7117.00,2.2110,0.778
,1.9997244,1385.0,0.84,0.9920,CANDIDATE,0.6680,5838.00,0.8970,0.37
,1.51264208,1357.0,36.72,0.7720,FALSE POSITIVE,0.0000,5258.00,0.8110,1.192
,323.2575,293.0,2.01,1.0450,FALSE POSITIVE,0.0000,5866.00,1.1980,0.034
,0.984971822,2321.0,56.1,1.1800,FALSE POSITIVE,0.0000,6437.00,1.3690,1.274
,567.71329,325.0,3.28,1.2180,FALSE POSITIVE,,6248.00,1.9960,0.4247
,9.31392071,884.0,1.25,1.0550,FALSE POSITIVE,,6032.00,0.9730,0.1287
,14.137062,568.0,1.37,0.6890,CANDIDATE,,4861.00,0.7090,0.2133
,2.32539968,2501.0,9.76,1.8340,FALSE POSITIVE,0.0000,7046.00,2.7240,1.004
,0.764597756,2708.0,0.72,1.2630,FALSE POSITIVE,0.0000,6218.00,1.7260,0.345
,4.78113942,1130.0,1.14,0.9590,CANDIDATE,0.8130,5683.00,1.1150,0.118
,7.18864064,987.0,1.3,0.9590,CANDIDATE,0.9670,5683.00,1.1150,0.424
,4.101595158,1028.0,51.08,0.8130,FALSE POSITIVE,0.0000,5610.00,0.8080,0.394
,2.43574046,2102.0,24.62,1.5580,FALSE POSITIVE,0.0000,7239.00,1.7810,0.997
,2.756536015,1580.0,57.46,1.0630,FALSE POSITIVE,0.0000,5496.00,1.6690,1.239
,13.99585365,1202.0,368.42,1.0550,FALSE POSITIVE,0.0000,5638.00,2.7030,2.095
,4.320850062,1221.0,59.16,1.0340,FALSE POSITIVE,0.0000,6098.00,1.0830,1.087
,8.6532378,793.0,0.96,0.9680,FALSE POSITIVE,0.0000,5561.00,0.8540,0.359
,5.197420145,1416.0,81.49,0.9550,FALSE POSITIVE,0.0000,6248.00,1.5280,1.025
,2.183517999,9791.0,4633.66,1.0750,FALSE POSITIVE,0.0000,3198.00,162.7250,1.214
,383.61248,248.0,2.3,0.9880,FALSE POSITIVE,,6011.00,0.9020,0.4658
,1.945914237,1417.0,35.94,0.8240,FALSE POSITIVE,0.0000,5967.00,0.8300,1.273
,27.122801,594.0,1.46,1.0580,CANDIDATE,,5878.00,0.9450,0.3462
,2.500560859,1486.0,0.48,1.0600,FALSE POSITIVE,0.0000,6305.00,1.0520,0.104
,5.62241111,561.0,1.17,0.5480,CANDIDATE,,3894.00,0.5410,0.4026
,1.25625738,3507.0,1.32,1.6370,FALSE POSITIVE,,7450.00,3.0630,0.8208
,21.142458554,672.0,41.68,1.0190,FALSE POSITIVE,0.0000,6079.00,0.9450,0.971
,11.2901559,617.0,0.88,0.6390,CANDIDATE,,5025.00,0.6570,0.6285
,28.24753303,,,,CANDIDATE,,,,
,0.99519559,1624.0,0.29,0.7250,FALSE POSITIVE,,5506.00,0.7820,0.0372
,25.150788449,686.0,39.12,0.9420,FALSE POSITIVE,0.0000,6015.00,1.1010,1.025
,7.21636091,2146.0,18.03,2.6530,FALSE POSITIVE,0.0000,5029.00,9.4760,0.017
,7.1356633,751.0,1.38,0.7630,CANDIDATE,1.0000,4926.00,0.7930,0.735
,12.591656377,642.0,49.21,0.8460,FALSE POSITIVE,0.0000,5293.00,0.7560,0.629
,1.044408447,2745.0,1.17,1.5230,FALSE POSITIVE,,7274.00,1.6980,0.1512
,0.97705114,2501.0,0.77,1.4090,FALSE POSITIVE,0.0000,6527.00,1.6310,0.603
,5.407157086,1984.0,125.96,1.5580,FALSE POSITIVE,0.0000,7617.00,2.4390,1.062
,30.971766472,523.0,51.72,0.9060,FALSE POSITIVE,0.0000,5633.00,0.8290,0.763
,5.06318803,908.0,302.18,0.7000,FALSE POSITIVE,0.0000,5375.00,0.7520,3.4
,10.88242209,894.0,63.14,1.0470,FALSE POSITIVE,0.0000,6200.00,1.0450,0.788
,1.926366998,1204.0,53.63,0.7350,FALSE POSITIVE,0.0000,5176.00,0.7600,0.498
,2.325185422,3738.0,81.88,2.9840,FALSE POSITIVE,0.0000,11076.00,2.8960,1.247
,14.5909249,622.0,0.93,0.7200,CANDIDATE,,5214.00,0.7660,0.3084
,40.877841988,915.0,164.06,1.7230,FALSE POSITIVE,0.0000,6807.00,2.5900,0.71
,11.8496351,802.0,1.31,1.0140,CANDIDATE,0.8660,6032.00,0.9290,0.607
,36.75892725,575.0,51.31,0.9590,FALSE POSITIVE,0.0000,6085.00,0.9790,0.298
,0.536869783,2645.0,1.81,1.1900,FALSE POSITIVE,,6495.00,1.1680,0.5604
,455.62395,228.0,3,0.9850,CANDIDATE,0.5560,5883.00,0.8920,0.335
,0.843400322,1941.0,0.65,1.0470,FALSE POSITIVE,0.0010,5982.00,0.9600,0.489
,17.042155208,760.0,24.93,1.0960,FALSE POSITIVE,0.0000,6197.00,1.0350,0.455
,0.874236216,6177.0,3.46,3.2490,FALSE POSITIVE,,10894.00,4.3780,0.2375
,1.75173647,4900.0,3.86,3.2490,CANDIDATE,,10894.00,4.3780,0.6637
,0.60886299,3651.0,158.5,1.2980,FALSE POSITIVE,0.0000,5022.00,4.1670,1.294
,4.43529675,1026.0,1.15,0.8390,FALSE POSITIVE,0.0000,5659.00,0.8420,0.353
,0.88512187,1659.0,1.05,0.8140,FALSE POSITIVE,0.0000,5392.00,0.8190,0.766
,1.734221252,1114.0,42.06,0.6900,FALSE POSITIVE,0.0000,4765.00,0.7020,0.553
,5.776764285,1542.0,117.51,1.1730,FALSE POSITIVE,0.0000,6263.00,2.0720,0.88
,1.26227317,3790.0,369.2,2.4340,FALSE POSITIVE,0.0000,4927.00,9.3560,1.247
,0.76757669,1530.0,34.23,0.6190,FALSE POSITIVE,0.6700,5182.00,0.6270,0.821
,5.860377067,1191.0,78.14,0.9400,FALSE POSITIVE,0.0000,6267.00,1.1580,0.526
,5.801881299,2001.0,62.9,1.8080,FALSE POSITIVE,0.0000,7259.00,3.0090,0.81
,4.00770453,1699.0,92.08,1.4840,FALSE POSITIVE,0.0000,7162.00,1.6310,0.835
,6.099032889,1183.0,36.68,0.9410,FALSE POSITIVE,0.0000,6356.00,1.1410,0.891
,0.652956712,2146.0,0.76,1.0650,FALSE POSITIVE,0.0010,5812.00,1.0550,0.26
,13.691790011,994.0,49.2,1.2670,FALSE POSITIVE,0.0000,6295.00,1.5540,0.269
,21.570508432,923.0,63.68,1.0510,FALSE POSITIVE,0.0000,6322.00,1.6920,0.388
,407.14656,272.0,1.18,1.0010,CANDIDATE,,5845.00,1.1980,0.7466
,487.83894,298.0,3.94,0.9780,CANDIDATE,,5421.00,1.8770,0.1252
,14.199840087,907.0,85.76,1.0050,FALSE POSITIVE,0.0000,5864.00,1.4140,0.772
,6.853888,613.0,1.74,0.6940,CANDIDATE,0.9860,4199.00,0.6840,0.469
,2.136834989,1415.0,66.59,0.9400,FALSE POSITIVE,0.0000,5753.00,0.9890,0.559
,2.51690133,1430.0,0.97,0.9550,FALSE POSITIVE,0.0000,5403.00,1.2840,0.093
,7.34672485,784.0,0.97,0.9300,CANDIDATE,,5271.00,0.8210,0.2525
,9.296746368,1552.0,400.4,1.4180,FALSE POSITIVE,0.0000,6461.00,2.8840,1.623
,18.060078203,618.0,20.71,0.7760,FALSE POSITIVE,0.0000,5330.00,0.8550,0.328
,18.74072534,717.0,35.61,1.0700,FALSE POSITIVE,0.0000,6122.00,0.9960,0.203
,0.93371313,1642.0,0.69,0.9730,FALSE POSITIVE,0.0000,5436.00,0.8690,0.133
,0.93373716,1666.0,1.14,0.7980,FALSE POSITIVE,0.0000,5390.00,0.8520,0.793
,0.933735579,3696.0,10.28,1.0720,FALSE POSITIVE,0.0000,5016.00,5.3440,0.565
,58.28819056,462.0,42.57,0.8940,FALSE POSITIVE,0.0000,5463.00,1.0440,0.499
,3.989144446,996.0,60.26,0.6760,FALSE POSITIVE,0.0000,5538.00,0.7190,0.252
,32.77897303,588.0,69.08,1.0410,FALSE POSITIVE,0.0000,6122.00,0.9640,0.496
,28.487107336,963.0,116.84,1.3520,FALSE POSITIVE,0.0000,6351.00,2.3850,1.175
,8.61733907,796.0,51.79,0.8370,FALSE POSITIVE,0.0000,5387.00,0.8700,0.825
,2.16146908,1487.0,0.95,0.9880,FALSE POSITIVE,0.0000,6047.00,1.0130,0.41
,10.26782676,1136.0,73.59,1.1350,FALSE POSITIVE,0.0000,6664.00,1.4400,0.277
,6.933574,829.0,1.3,0.8880,CANDIDATE,0.9480,5510.00,0.7930,0.05
,1.057335679,1276.0,14.59,0.6680,FALSE POSITIVE,0.3680,4664.00,0.6830,0.262
,1.149198426,1690.0,42.03,0.8400,FALSE POSITIVE,0.0000,5858.00,0.8670,1.167
,2.50012775,1977.0,1.66,1.3360,FALSE POSITIVE,,6923.00,1.6640,0.9917
,0.673141323,1834.0,1.29,0.9570,CANDIDATE,,5461.00,0.8580,0.1065
,8.60965352,1550.0,3.33,1.8300,CANDIDATE,0.9940,5418.00,4.2330,0.213
,1.40469182,2263.0,217.25,1.3960,FALSE POSITIVE,0.0000,6230.00,1.8630,0.597
,10.306982793,960.0,81.21,0.9070,FALSE POSITIVE,0.0000,5912.00,1.2170,0.564
,1.109841858,2944.0,177.78,1.5200,FALSE POSITIVE,0.0000,5788.00,3.2110,0.12
,13.8911152,674.0,1.12,0.7180,CANDIDATE,1.0000,5472.00,0.7900,0.168
,7.234965722,843.0,34.03,0.8680,FALSE POSITIVE,0.0000,5653.00,0.7980,0.548
,7.45301717,2595.0,37.37,2.1850,FALSE POSITIVE,0.0000,4475.00,16.7550,0.035
,2.442941283,1352.0,48.18,1.0000,FALSE POSITIVE,0.0000,5780.00,1.0000,1.164
,3.684337918,2481.0,12.52,2.2840,FALSE POSITIVE,0.0000,9609.00,2.1080,1.045
,11.2570616,1272.0,162.84,1.3220,FALSE POSITIVE,0.0000,6915.00,1.8750,0
,21.858963291,925.0,114.63,1.2420,FALSE POSITIVE,0.0000,5923.00,2.0600,0.969
,1.461270059,1253.0,26.29,0.7430,FALSE POSITIVE,0.0000,5226.00,0.6740,1.288
,9.4022333,2309.0,23.61,1.8450,FALSE POSITIVE,0.0000,4597.00,13.8740,0.019
,6.76890076,1017.0,1.24,0.9790,CANDIDATE,0.8270,5737.00,1.1250,0.15
,9.543584955,1141.0,77.97,0.7980,FALSE POSITIVE,0.0000,5537.00,1.7850,0.985
,1.96134311,2167.0,41.53,1.5160,CANDIDATE,0.9980,6221.00,2.1980,1.159
,18.611957253,829.0,65.5,1.0410,FALSE POSITIVE,0.0000,6492.00,1.1700,0.952
,0.73240662,3191.0,3.65,1.5630,FALSE POSITIVE,,7392.00,1.7720,0.8618
,2.954598,2148.0,89.95,1.3080,FALSE POSITIVE,,6955.00,2.1610,1.3662
,0.562006231,2978.0,0.58,1.1440,FALSE POSITIVE,0.0000,6609.00,1.4550,0.678
,3.21559054,1366.0,18.8,1.0120,FALSE POSITIVE,0.0000,6300.00,1.0360,1.153
,1.547426532,1973.0,3.62,1.1730,FALSE POSITIVE,0.0000,6612.00,1.2640,0.947
,12.851722103,781.0,47.26,0.9360,FALSE POSITIVE,0.0000,5838.00,0.9670,1.15
,4.2055797,1345.0,1.8,1.0520,FALSE POSITIVE,,6190.00,1.2590,0.9883
,486.77832,409.0,9.3,1.7650,CANDIDATE,,5039.00,4.9500,0.1737
,28.2682167,526.0,1.22,0.9390,CANDIDATE,,5496.00,0.8380,0.5643
,0.957476003,2138.0,2.47,0.9980,FALSE POSITIVE,0.0000,6312.00,1.1220,0.327
,1.559360638,2234.0,94.2,1.2610,FALSE POSITIVE,0.0000,7002.00,1.4880,0.647
,0.57627248,,,,FALSE POSITIVE,0.0000,,,
,1.6037058,2492.0,1.54,1.7320,CANDIDATE,0.1840,6400.00,2.5120,0.729
,2.313367981,1180.0,33.55,0.8550,FALSE POSITIVE,0.0000,5508.00,0.7640,1.247
,76.01811375,652.0,63.58,1.3650,FALSE POSITIVE,0.0000,6703.00,1.8920,0.788
,0.82883944,,,,FALSE POSITIVE,,,,
,0.70965042,2036.0,1.49,0.8650,CANDIDATE,0.1180,5618.00,1.0020,0.145
,1.574063832,1619.0,28.63,0.8690,FALSE POSITIVE,0.0000,5951.00,0.9620,1.237
,2.51989935,1217.0,1.04,0.9140,FALSE POSITIVE,,5646.00,0.8410,0.4448
,3.867613816,1203.0,69.23,0.9210,FALSE POSITIVE,0.0000,5780.00,1.0460,0.553
,0.733726452,1867.0,0.86,0.8850,FALSE POSITIVE,0.0000,5855.00,0.7970,0.291
,36.473115046,467.0,53.1,0.8540,FALSE POSITIVE,0.0000,5452.00,0.7660,1.003
,4.238855579,1044.0,38.01,0.7160,FALSE POSITIVE,0.0000,5655.00,0.8040,1.031
,3.62657392,1014.0,0.79,0.8900,CANDIDATE,0.9720,5416.00,0.8000,0.306
,1.17033848,3272.0,0.98,1.9400,FALSE POSITIVE,,8027.00,2.3140,0.1381
,7.841066931,876.0,56.33,0.9150,FALSE POSITIVE,0.0000,5973.00,0.8290,0.579
,0.902403563,1688.0,6.17,0.8260,CANDIDATE,,5776.00,0.7550,0.8925
,8.7998722,577.0,1.09,0.6680,CANDIDATE,0.4090,4298.00,0.6750,0.344
,4.292599454,1319.0,64.04,1.1970,FALSE POSITIVE,0.0000,6467.00,1.1740,0.89
,6.87778029,1052.0,1.19,1.1150,CANDIDATE,0.9540,6274.00,1.0620,0.08
,2.113197701,1825.0,50.13,1.0730,FALSE POSITIVE,0.0000,6215.00,1.4630,0.909
,11.02822674,1028.0,75.47,1.1090,FALSE POSITIVE,0.0000,6271.00,1.3870,0.351
,70.37626987,373.0,40.43,0.8450,FALSE POSITIVE,0.0000,5458.00,0.7550,0.944
,12.9489256,416.0,0.94,0.5450,CANDIDATE,,3867.00,0.5250,0.0847
,0.772803664,1365.0,1.11,0.6590,FALSE POSITIVE,0.0890,4535.00,0.6680,0.199
,7.549299761,690.0,18.8,0.6990,FALSE POSITIVE,0.0000,5085.00,0.6340,0.899
,0.530972263,2373.0,9.32,1.0600,FALSE POSITIVE,0.0000,6185.00,0.9910,1.079
,0.530967171,2312.0,92.29,0.9830,FALSE POSITIVE,0.0000,5951.00,0.9910,0.84
,1.606163631,2943.0,130.46,1.9400,FALSE POSITIVE,0.0000,8027.00,2.3140,0.901
,42.032096076,622.0,79.17,1.1280,FALSE POSITIVE,0.0000,6618.00,1.1170,0.519
,0.619303759,3232.0,4.71,1.4190,FALSE POSITIVE,0.0000,7138.00,1.6840,1.013
,22.470494368,518.0,19.12,0.7720,FALSE POSITIVE,0.0000,5315.00,0.6970,0.86
,130.235324,332.0,2.44,1.0060,CANDIDATE,0.3860,5616.00,0.9030,0.075
,37.482223878,902.0,114.14,1.2840,FALSE POSITIVE,0.0000,6422.00,2.4150,1.2
,3.71186243,1406.0,0.95,1.1500,FALSE POSITIVE,0.2770,6302.00,1.2580,0.469
,1.077358008,1925.0,70.64,1.0290,FALSE POSITIVE,0.0000,6100.00,1.0640,0.619
,3.55643514,1297.0,0.75,0.8730,FALSE POSITIVE,0.0000,5831.00,1.1090,0.146
,0.5366497,2142.0,0.92,0.9940,FALSE POSITIVE,0.0000,5822.00,0.8980,0.042
,1.12284501,,,,FALSE POSITIVE,0.0000,,,
,1.480324075,1313.0,47.81,0.6800,FALSE POSITIVE,0.0000,5260.00,0.7170,0.388
,12.08353781,1310.0,50.33,1.3890,FALSE POSITIVE,0.0000,6770.00,2.2140,0.749
Kepler-457 d,10.692115,1008.0,2.71,1.1480,CONFIRMED,0.9940,6474.00,1.2420,0.734
,0.934926138,1957.0,58.67,1.1260,FALSE POSITIVE,0.0000,5962.00,1.0780,0.905
,17.1677675,370.0,0.97,0.5350,CANDIDATE,,3761.00,0.5260,0.4828
,8.50207749,679.0,0.75,0.6930,CANDIDATE,1.0000,4889.00,0.7150,0.073
,0.93374699,3442.0,103.98,1.3860,FALSE POSITIVE,0.0000,4909.00,5.2720,1.167
,0.933759404,1763.0,0.99,0.8950,FALSE POSITIVE,0.0000,5766.00,0.8660,0.712
,0.93373711,2077.0,0.37,0.9420,FALSE POSITIVE,0.0000,6300.00,1.0250,0.121
,3.0082548,,,,FALSE POSITIVE,0.0000,,,
,45.43324862,529.0,77.25,0.9720,FALSE POSITIVE,0.0000,5731.00,1.0800,0.489
,1.398890216,1784.0,57.48,0.9620,FALSE POSITIVE,0.0000,6134.00,1.0510,1.123
,1.322475635,1097.0,14.03,0.5480,CANDIDATE,,4668.00,0.5480,1.198
,12.314402323,864.0,75.21,1.1220,FALSE POSITIVE,0.0000,6247.00,1.0660,0.506
,0.691823991,1878.0,1.23,0.8570,FALSE POSITIVE,,5226.00,0.9620,0.3501
,25.431861399,601.0,43.42,0.8470,FALSE POSITIVE,0.0000,5754.00,0.9000,1.126
,3.98855869,1447.0,2.4,1.1270,FALSE POSITIVE,,5791.00,1.6460,0.1671
,20.413052415,668.0,35.03,1.0380,FALSE POSITIVE,0.0000,5941.00,0.9630,0.777
,3.773744,2001.0,2.44,1.4400,CANDIDATE,,7302.00,2.0690,0.9606
,0.527679032,2115.0,0.79,0.9550,FALSE POSITIVE,0.0000,5799.00,0.8600,0.284
,0.527673075,1970.0,0.42,0.8170,FALSE POSITIVE,0.0000,5367.00,0.8280,0.134
,2.44295727,1352.0,44.35,1.0000,FALSE POSITIVE,0.0000,5780.00,1.0000,1.242
,3.31587688,1097.0,1.27,0.8350,FALSE POSITIVE,0.0000,5385.00,0.8750,0.688
,49.788613011,271.0,32.57,0.5460,FALSE POSITIVE,0.0000,3892.00,0.5420,0.753
,18.1772927,737.0,1.5,1.0920,CANDIDATE,0.9970,6158.00,1.0260,0.039
,1.38607973,1356.0,0.6,0.7840,FALSE POSITIVE,,5261.00,0.7680,0.0198
,3.09872834,579.0,0.64,0.4270,CANDIDATE,0.9600,3628.00,0.4100,0.133
,0.648868342,2882.0,72.32,1.1170,FALSE POSITIVE,0.0000,6531.00,1.5240,1.172
,5.088582739,1786.0,46.02,1.5710,FALSE POSITIVE,0.0000,7514.00,1.9550,1.195
,1.1611022,,,,FALSE POSITIVE,0.0290,,,
,0.792023257,1300.0,0.81,0.6110,FALSE POSITIVE,0.0000,4447.00,0.6250,0.205
,10.643743766,675.0,47.87,0.6650,FALSE POSITIVE,0.0000,5282.00,0.6940,0.353
,1.7317958,1825.0,1.19,1.0320,FALSE POSITIVE,0.0000,5691.00,1.5080,0.445
,8.65298599,734.0,1.36,0.7070,FALSE POSITIVE,0.0000,5210.00,0.7490,0.529
,1.19563447,1988.0,14.94,0.9500,FALSE POSITIVE,0.0000,5583.00,1.4130,0.861
,0.550537628,4181.0,1.93,1.8190,FALSE POSITIVE,0.0000,8098.00,2.1990,0.516
,19.9310602,960.0,2.42,1.3480,CANDIDATE,,5500.00,2.4910,0.0766
,2.53470797,2117.0,50.25,1.3860,FALSE POSITIVE,0.0000,6440.00,2.2540,1.187
,0.530799654,3102.0,2.92,1.2940,FALSE POSITIVE,,6534.00,1.6220,0.0126
,0.56818769,,,,FALSE POSITIVE,0.0000,,,
,1.0094779,,,,FALSE POSITIVE,0.0000,,,
,0.91057795,,,,FALSE POSITIVE,,,,
,1.0429419,1795.0,2.49,1.0000,FALSE POSITIVE,0.0000,5780.00,1.0000,0.922
,0.813998812,1933.0,1.36,0.9450,CANDIDATE,1.0000,5705.00,0.9890,0.045
,6.12650913,1370.0,9.08,1.5350,FALSE POSITIVE,0.0000,6881.00,1.5340,0.919
,0.720589427,3927.0,1.95,2.0950,FALSE POSITIVE,0.0000,8497.00,2.2110,0.64
,0.573036404,2376.0,9.97,1.0180,FALSE POSITIVE,,5745.00,1.1960,0.9279
,0.643171495,2193.0,54.03,0.8690,FALSE POSITIVE,0.0000,5899.00,0.9890,1.214
,14.086776961,1197.0,65.6,1.5000,FALSE POSITIVE,0.0000,7138.00,1.8900,0.603
,14.7639145,632.0,0.93,0.8200,CANDIDATE,0.2120,5541.00,0.7330,0.016
,1.872620976,1550.0,31.43,0.9830,FALSE POSITIVE,0.0000,6031.00,1.0040,1.242
,1.118510435,1684.0,0.75,0.9560,CANDIDATE,0.9550,5918.00,0.8650,0.251
,17.527826808,554.0,49.36,0.7410,FALSE POSITIVE,0.0000,5079.00,0.7320,0.567
,27.467217305,527.0,38.87,0.6900,FALSE POSITIVE,0.0000,5503.00,0.7420,1.076
,40.879068,533.0,3.35,1.0050,FALSE POSITIVE,0.0000,6072.00,0.9230,0.988
,0.566802325,1889.0,1.4,0.7640,FALSE POSITIVE,,5233.00,0.8240,0.3857
,2.64185268,2104.0,3.56,0.8050,CANDIDATE,0.9960,5195.00,2.9350,0.199
,0.634946497,1475.0,52.75,0.7290,FALSE POSITIVE,0.0000,4446.00,0.7370,0.442
,5.077746556,1274.0,54.93,1.0120,FALSE POSITIVE,0.0000,6174.00,1.2710,1.211
,2.00383703,1518.0,0.67,1.0550,FALSE POSITIVE,0.0000,6045.00,1.0280,0.268
,5.321224925,958.0,40.62,0.7340,FALSE POSITIVE,0.0000,5787.00,0.7580,1.003
,2.340534383,1581.0,69.55,1.0470,FALSE POSITIVE,0.0000,6300.00,1.1360,0.71
,0.580724809,2191.0,0.75,0.9860,FALSE POSITIVE,0.0000,5989.00,0.9330,0.292
,501.07647447,,,,FALSE POSITIVE,,,,
,1.72933255,1745.0,0.69,0.8880,FALSE POSITIVE,0.0000,5921.00,1.2110,0.586
,1.729338354,2230.0,139.36,1.3500,FALSE POSITIVE,0.0000,5587.00,2.5530,0.887
,0.567493852,3024.0,65.47,0.9860,FALSE POSITIVE,0.0000,6370.00,1.5480,1.275
,2.54031121,1268.0,1.2,1.0280,CANDIDATE,0.9720,5778.00,0.9110,0.295
,2.105238039,1966.0,75.1,1.1370,FALSE POSITIVE,0.0000,5947.00,1.8850,0.83
,7.226944171,1179.0,237.79,1.0640,FALSE POSITIVE,0.0000,6270.00,1.3600,1.233
,31.973311701,1289.0,272.44,2.0390,FALSE POSITIVE,0.0000,7854.00,3.4620,1.35
,1.64125844,,,,FALSE POSITIVE,0.0000,,,
,1.371587993,2413.0,4.91,1.3410,CANDIDATE,,7045.00,1.6040,0.9829
,20.849919614,1099.0,2912.48,1.5810,FALSE POSITIVE,0.0000,7355.00,1.9840,13.715
,15.120212531,605.0,33.11,0.6860,FALSE POSITIVE,0.0000,5232.00,0.7250,1.199
,3.481657589,1485.0,78.24,0.9430,FALSE POSITIVE,0.0000,6225.00,1.2910,0.245
,0.739769962,3013.0,82.29,1.1010,FALSE POSITIVE,0.2280,6465.00,1.8470,1.212
,6.570421193,946.0,33.99,0.9160,FALSE POSITIVE,0.0000,5812.00,0.9080,0.939
,0.541405029,2679.0,125.64,0.8980,FALSE POSITIVE,0.0000,5096.00,1.7820,0.641
,2.17814186,1174.0,0.92,0.8240,FALSE POSITIVE,0.0000,5101.00,0.8400,0.012
,10.54884842,,,,FALSE POSITIVE,,,,
,5.89773974,1150.0,1,1.0820,CANDIDATE,,6300.00,1.1260,0.1566
,0.609662423,3834.0,110.14,1.7350,FALSE POSITIVE,0.0000,7498.00,2.2740,0.799
,1.74145041,1234.0,1.46,0.8540,CANDIDATE,1.0000,5238.00,0.7640,0.33
,0.953299962,2011.0,35.67,0.9690,FALSE POSITIVE,0.6690,6183.00,1.0200,1.267
,20.2944118,648.0,774.73,1.0120,CANDIDATE,,5865.00,0.9180,8.7053
,2.745640575,1300.0,47.22,1.0000,FALSE POSITIVE,0.0000,5780.00,1.0000,1.117
,17.9908273,541.0,1.88,0.7270,CANDIDATE,0.9630,4918.00,0.7520,0.129
,12.180721266,742.0,63.25,0.9800,FALSE POSITIVE,0.0000,5750.00,0.8820,0.479
,50.467024395,523.0,52.88,1.0430,FALSE POSITIVE,0.0000,6137.00,1.0120,0.973
,198.11309,399.0,1.09,1.1220,CANDIDATE,,6163.00,1.4860,0.1542
,0.84986054,2260.0,67.45,0.9100,FALSE POSITIVE,0.7010,5164.00,1.6760,1.26
,0.933728196,2006.0,0.85,1.0400,FALSE POSITIVE,0.6850,6170.00,1.0320,0.015
,2.03742712,1812.0,0.9,1.1010,FALSE POSITIVE,0.0000,6356.00,1.3580,0.791
,5.274819905,1646.0,100.89,1.5840,FALSE POSITIVE,0.0000,7247.00,1.8340,0.99
,0.527678272,2551.0,75.31,0.9310,FALSE POSITIVE,0.0000,5321.00,1.4750,0.385
,3.55027051,1036.0,1.15,0.8960,FALSE POSITIVE,0.4020,5497.00,0.8000,0.022
,5.70509519,947.0,1.58,0.8800,CANDIDATE,0.9250,5455.00,0.9270,0.469
,65.4317194,490.0,59.22,1.0590,FALSE POSITIVE,0.0000,6201.00,1.0400,0.885
,1.718649321,1499.0,39.08,0.9470,FALSE POSITIVE,0.0000,6071.00,0.8650,0.421
,7.2949175,763.0,11.67,0.8090,FALSE POSITIVE,0.0000,5289.00,0.7310,1.132
,7.2935801,925.0,17.41,1.0650,FALSE POSITIVE,0.0000,5900.00,0.9510,1.157
,42.9261364,490.0,1.84,1.0540,FALSE POSITIVE,,5628.00,0.9530,0.2964
,1.89129338,1152.0,0.42,0.7090,FALSE POSITIVE,0.0000,4986.00,0.7330,0.373
,1.89124453,2200.0,1.19,0.7490,FALSE POSITIVE,0.0000,5850.00,1.9770,0.734
,1.89134201,1325.0,0.92,0.8950,FALSE POSITIVE,,5658.00,0.8150,0.2376
,87.87826191,530.0,110.85,0.9510,FALSE POSITIVE,0.0000,5784.00,1.6420,0.585
,15.926632768,670.0,57.95,0.9070,FALSE POSITIVE,0.0000,5496.00,0.9170,0.672
,0.958116585,2271.0,49.16,0.9540,FALSE POSITIVE,0.0000,6032.00,1.3650,1.275
,39.841522897,765.0,116.52,1.3800,FALSE POSITIVE,0.0000,6078.00,2.0700,0.902
,1.891268461,5047.0,399.93,3.4710,FALSE POSITIVE,0.0000,11287.00,4.6620,0.183
,1.89114441,932.0,6.57,0.6220,FALSE POSITIVE,0.0000,4267.00,0.6270,1.088
,61.25964956,447.0,54.72,0.9800,FALSE POSITIVE,0.0000,5912.00,0.8890,0.741
,0.872359598,2112.0,67.08,0.9830,FALSE POSITIVE,0.0000,6240.00,1.0480,0.686
,374.318792,241.0,243.21,0.9040,FALSE POSITIVE,,5997.00,0.8150,0.8507
,5.627911313,1167.0,81.61,1.0360,FALSE POSITIVE,0.0000,6280.00,1.1150,0.464
,0.62927655,2102.0,4.64,0.8500,FALSE POSITIVE,0.0000,5628.00,0.9760,0.98
,1.22578134,1701.0,53.32,1.0000,FALSE POSITIVE,0.0000,5780.00,1.0000,0.985
,0.751408792,1926.0,41.48,0.8570,FALSE POSITIVE,0.0000,5697.00,0.9030,1.242
,0.866344816,3569.0,6.85,0.8480,FALSE POSITIVE,0.0000,4936.00,4.5270,0.318
,2.24294107,1654.0,0.75,0.8020,FALSE POSITIVE,0.0000,6082.00,1.1840,0.23
,0.950487062,4231.0,1.35,2.0860,FALSE POSITIVE,0.0000,8107.00,3.3850,0.907
,5.579631021,1108.0,90.32,1.0130,FALSE POSITIVE,0.0000,6188.00,1.0220,1.323
,21.37831102,1062.0,97.23,0.8830,FALSE POSITIVE,0.0000,4905.00,3.4840,0.257
,129.847318,385.0,1.45,1.0350,CANDIDATE,0.2850,6133.00,1.0320,0.004
,0.541396363,3204.0,2.04,1.3220,FALSE POSITIVE,,7118.00,1.4890,0.0783
,0.550509602,3938.0,5.02,1.1060,FALSE POSITIVE,0.0000,4891.00,4.5290,0.386
,2.404293523,4178.0,888.7,1.6910,FALSE POSITIVE,0.0000,4697.00,17.0320,1.364
,0.8867443,,,,CANDIDATE,,,,
,25.836831272,587.0,50.72,0.8810,FALSE POSITIVE,0.0000,5691.00,0.8970,0.899
,0.94895231,3464.0,2.51,1.5890,FALSE POSITIVE,0.0000,6661.00,3.0670,0.738
,11.702203927,1240.0,57.95,1.0300,FALSE POSITIVE,0.0000,6148.00,2.1330,0.967
,2.28494301,1180.0,1,0.8450,CANDIDATE,1.0000,5396.00,0.7890,0.013
,3.722775537,1731.0,90.36,1.1660,FALSE POSITIVE,0.0000,5425.00,2.5920,0.626
,1.245342215,2341.0,90.34,1.4140,FALSE POSITIVE,0.0000,6967.00,1.4760,0.728
,0.604755462,1598.0,1.29,0.8150,FALSE POSITIVE,0.0000,4842.00,0.7260,0.039
,439.21978,266.0,1.81,1.0170,CANDIDATE,,6553.00,0.9620,0.2863
,8.144135648,1491.0,56.52,1.6770,FALSE POSITIVE,0.0000,7605.00,1.8620,0.222
,0.566795196,2066.0,0.35,0.9880,FALSE POSITIVE,0.0000,5680.00,0.9080,0.227
,0.566798827,2045.0,0.52,0.8560,FALSE POSITIVE,0.0000,5548.00,0.8890,0.25
,0.56678012,2073.0,0.49,0.9700,FALSE POSITIVE,0.0000,5674.00,0.9110,0.492
,0.566800113,1180.0,0.58,0.5310,FALSE POSITIVE,0.0000,3844.00,0.5260,0.751
,0.56679293,2064.0,0.86,0.9470,FALSE POSITIVE,0.0000,5812.00,0.8530,0.18
,0.566809491,1656.0,0.55,0.6370,FALSE POSITIVE,0.0000,4987.00,0.6540,0.484
,0.566799218,3153.0,0.79,0.8760,FALSE POSITIVE,,6108.00,1.7530,0.6858
,0.566797404,1890.0,0.64,0.7270,FALSE POSITIVE,0.0000,5313.00,0.7840,0.119
,22.2548897,899.0,2.16,1.1970,CANDIDATE,1.0000,5349.00,2.3880,0.239
,4.719336335,1722.0,91.91,1.4440,FALSE POSITIVE,0.0000,6792.00,2.0580,1.269
,1.258274109,1207.0,25.98,0.5850,FALSE POSITIVE,0.0000,4937.00,0.5870,1.244
,8.966610607,1038.0,56.94,1.0450,FALSE POSITIVE,0.0000,6480.00,1.1320,1.101
,15.32763411,1472.0,291.01,1.6280,FALSE POSITIVE,0.0000,4830.00,6.7840,1.204
,2.10413487,1421.0,67.03,1.0000,FALSE POSITIVE,0.0000,5780.00,1.0000,0.611
,6.767341062,933.0,52.84,0.8440,FALSE POSITIVE,0.0000,5926.00,0.8430,0.724
,1.92730001,1614.0,45.99,1.0090,FALSE POSITIVE,0.7910,6057.00,1.1100,1.285
,48.79936881,525.0,67.36,1.0630,FALSE POSITIVE,0.0000,6170.00,0.9920,0.622
,1.01485981,1928.0,1.61,1.0800,CANDIDATE,1.0000,6158.00,1.0240,0.185
,5.882036054,1114.0,119.09,0.9830,FALSE POSITIVE,0.0000,5837.00,1.1870,1.183
,4.059428737,1455.0,67.38,1.2360,FALSE POSITIVE,0.0000,6610.00,1.3300,0.216
,15.3902613,1459.0,4.39,1.7400,CANDIDATE,0.8720,5649.00,4.9940,0.231
,279.036565,323.0,30.25,1.1390,CANDIDATE,0.9510,6072.00,1.2730,1.198
,26.8552365,618.0,1.49,1.0380,CANDIDATE,,6045.00,0.9550,0.825
,19.35954117,942.0,101.44,0.8170,FALSE POSITIVE,0.0000,6198.00,1.5670,0.328
,16.2347636,852.0,1.28,1.2090,CANDIDATE,0.9900,6478.00,1.1880,0.046
,1.287097944,1631.0,0.89,0.8260,FALSE POSITIVE,0.1280,5906.00,0.8520,0.382
,3.5565617,883.0,0.52,0.6210,FALSE POSITIVE,0.0000,4964.00,0.6330,0.262
,3.55646511,1076.0,0.56,0.7340,FALSE POSITIVE,0.0000,5475.00,0.8180,0.344
,3.661895766,1708.0,374.78,1.1620,FALSE POSITIVE,0.0000,6793.00,1.5890,2.959
,2.3518268,1535.0,39.82,1.0240,CANDIDATE,0.7790,5445.00,1.4260,1.23
,2.35195525,1678.0,59.62,1.1570,FALSE POSITIVE,0.0000,6550.00,1.2250,0.511
,1.882438182,1818.0,74.77,0.8720,FALSE POSITIVE,0.0000,6322.00,1.2130,0.395
,3.57944367,1018.0,0.87,0.8240,CANDIDATE,,5341.00,0.8010,0.3976
,8.2553499,1462.0,3.28,1.7140,CANDIDATE,0.9910,5403.00,3.6000,0.918
,5.682410334,1141.0,72.9,0.9900,FALSE POSITIVE,0.0000,5897.00,1.1960,0.761
,2.199069234,2104.0,118.99,1.4000,FALSE POSITIVE,0.0000,6613.00,1.9250,0.762
,1.481655821,1935.0,59.19,1.0180,FALSE POSITIVE,0.0000,6478.00,1.1740,1.103
,0.93370968,865.0,0.38,0.4450,FALSE POSITIVE,0.0000,3615.00,0.4200,0.848
,10.6982275,919.0,1.73,1.1480,CANDIDATE,1.0000,6277.00,1.0970,0.032
,1.388509353,1836.0,52.43,0.9620,FALSE POSITIVE,0.0000,6075.00,1.1300,1.145
,9.089355023,1511.0,68.91,1.6650,FALSE POSITIVE,0.0000,7675.00,2.0150,0.647
,0.94808587,3359.0,37.72,1.8680,FALSE POSITIVE,0.0000,6875.00,2.8560,1.105
,10.368552685,845.0,61.14,0.8520,FALSE POSITIVE,0.0000,5855.00,0.9440,0.978
,7.20558084,1253.0,1.33,1.1070,CANDIDATE,,6002.00,1.6930,0.5196
,13.8602646,690.0,19.71,0.7910,FALSE POSITIVE,0.0000,5667.00,0.7960,1.204
,13.639480425,680.0,44,0.8580,FALSE POSITIVE,0.0000,5461.00,0.8460,1.033
,392.50115,225.0,1.9,0.8700,CANDIDATE,,5128.00,0.9880,0.1835
,5.29655591,1156.0,1.3,1.1880,CANDIDATE,0.9530,6268.00,1.1000,0.37
,6.882686062,921.0,60.49,0.9960,FALSE POSITIVE,0.0000,5704.00,0.9480,0.399
,1.407937865,1179.0,19.09,0.7340,FALSE POSITIVE,0.0540,4627.00,0.7410,0.759
,1.89117723,3536.0,164.49,0.7840,FALSE POSITIVE,0.0000,5086.00,6.8600,1.207
,52.884577,555.0,48.13,1.1140,FALSE POSITIVE,0.0000,6483.00,1.0780,1.272
,1.429439352,2079.0,54.36,1.1470,FALSE POSITIVE,0.0000,6491.00,1.3710,1.298
,8.8324193,999.0,0.98,0.9140,CANDIDATE,,6060.00,1.1330,0.185
,2.821328194,1807.0,40,1.0920,FALSE POSITIVE,0.0070,6701.00,1.5060,0.537
,5.88836941,1125.0,1.21,1.0480,CANDIDATE,0.7940,6243.00,1.0840,0.249
,11.961308501,696.0,51.58,0.8780,FALSE POSITIVE,0.0000,5564.00,0.7850,0.616
,204.280255,236.0,8.99,0.7370,FALSE POSITIVE,0.0000,4907.00,0.7270,0.875
,0.572079631,1716.0,29.45,0.6270,FALSE POSITIVE,0.0000,5233.00,0.6390,0.793
,0.822314545,1922.0,0.54,0.8240,FALSE POSITIVE,0.0000,5709.00,0.9380,0.447
,31.005392846,682.0,141.82,0.9210,FALSE POSITIVE,0.0000,5023.00,1.7840,0.305
,2.189097,647.0,13.92,0.4250,FALSE POSITIVE,0.0000,3624.00,0.4060,1.246
,17.51191534,2246.0,52.64,0.9720,FALSE POSITIVE,0.0000,4029.00,20.8880,0.008
,521.10826,231.0,1.5,0.8840,CANDIDATE,,5942.00,0.9470,0.3485
,41.3701638,1133.0,59.95,1.0350,FALSE POSITIVE,0.0000,4764.00,6.8830,0.653
,1.306220168,2095.0,83.16,0.7960,FALSE POSITIVE,0.0000,6600.00,1.1240,0.352
,631.632,201.0,1.56,0.9060,FALSE POSITIVE,,5689.00,0.8940,0.4544
,0.756511623,2549.0,77.4,1.1570,FALSE POSITIVE,0.0000,6343.00,1.4170,1.216
,10.845286549,1682.0,319.52,2.2330,FALSE POSITIVE,0.0000,5096.00,7.0230,1.307
,32.45541269,392.0,23.48,0.5520,FALSE POSITIVE,0.0000,4869.00,0.5430,0.726
,3.39401963,1306.0,1.03,1.0360,CANDIDATE,0.7830,6181.00,1.0290,0.166
,5.917085496,1005.0,75.86,0.8590,FALSE POSITIVE,0.0000,5661.00,0.9870,0.095
,0.958871144,1743.0,45.91,0.7730,FALSE POSITIVE,0.0000,5530.00,0.8920,0.533
,0.5402463,3249.0,6.2,1.4500,FALSE POSITIVE,,7296.00,1.4980,0.9411
,1.288046428,2945.0,2.18,1.0580,FALSE POSITIVE,0.0000,5216.00,3.8710,0.219
,4.200206781,1737.0,105.07,1.5180,FALSE POSITIVE,0.0000,6873.00,1.9230,1.07
,6.091954982,1036.0,26.96,0.8060,FALSE POSITIVE,0.0000,6063.00,0.9130,0.953
,5.52507406,1028.0,0.8,0.9360,CANDIDATE,0.9130,5600.00,1.0370,0.152
,485.52409,191.0,6149.09,0.8940,FALSE POSITIVE,,5227.00,0.8000,71.3346
,0.76647343,1628.0,42.33,0.7460,FALSE POSITIVE,0.0000,5297.00,0.7220,0.766
,5.2439783,1068.0,1.03,1.0050,FALSE POSITIVE,0.0000,6029.00,0.9560,0.82
,5.2436639,1059.0,0.88,0.9320,FALSE POSITIVE,0.0000,6212.00,0.8620,0.66
,5.2438269,743.0,0.76,0.6850,FALSE POSITIVE,0.0000,4634.00,0.6890,0.228
,0.56678702,2356.0,0.27,0.8630,FALSE POSITIVE,,6045.00,0.9990,0.0063
,2.19642864,1193.0,0.79,0.8970,FALSE POSITIVE,0.0000,5376.00,0.8060,0.004
,2.19635512,1793.0,82.04,0.8990,FALSE POSITIVE,0.0000,6438.00,1.2730,0.702
,26.718417546,727.0,66.69,0.8880,FALSE POSITIVE,0.0000,5957.00,1.2860,1.069
,0.615787196,3886.0,3.5,1.3810,FALSE POSITIVE,,6315.00,3.0750,0.7452
,548.08441,222.0,2.35,1.0000,FALSE POSITIVE,,5780.00,1.0000,0.1531
,2.213964145,1891.0,57.06,0.9110,FALSE POSITIVE,0.0000,6256.00,1.5140,0.634
,3.226232203,1620.0,1.01,1.2050,CANDIDATE,,6534.00,1.4370,0.145
,1.025534511,1896.0,43.68,0.9460,FALSE POSITIVE,0.0000,6267.00,0.9190,0.883
,7.64941291,1050.0,53.4,1.0510,FALSE POSITIVE,0.0000,6387.00,1.0760,0.231
,13.174807933,811.0,51.06,0.9810,FALSE POSITIVE,0.0000,6067.00,0.9970,1.065
,0.655094658,2173.0,26.41,1.1170,FALSE POSITIVE,0.0000,6063.00,1.0120,1.22
,3.33287187,,,,FALSE POSITIVE,0.0000,,,
,0.692239369,2594.0,67.05,0.9220,FALSE POSITIVE,0.0000,6163.00,1.3580,1.074
,17.030857558,836.0,73.8,0.8600,FALSE POSITIVE,0.0000,5575.00,1.4230,1.047
,2.352446342,2173.0,1.24,1.2800,CANDIDATE,0.1260,6749.00,2.0030,0.755
,43.797829003,668.0,93.43,1.3000,FALSE POSITIVE,0.0000,6860.00,1.2920,0.489
,4.254417651,1360.0,133.79,1.0020,FALSE POSITIVE,0.0000,6292.00,1.2350,1.165
,18.778162159,1002.0,127.57,1.3560,FALSE POSITIVE,0.0000,6794.00,1.7100,0.357
,1.25451792,,,,FALSE POSITIVE,,,,
,1.575710265,2630.0,246.75,1.5050,FALSE POSITIVE,0.0000,5017.00,4.2930,0.83
,2.534740757,1230.0,52.52,0.8080,FALSE POSITIVE,0.0000,5810.00,0.7810,0.51
,37.59406667,554.0,43.08,0.8170,FALSE POSITIVE,0.0000,5941.00,0.9170,1.197
,3.6972959,1571.0,1.07,1.2200,FALSE POSITIVE,0.0000,6313.00,1.5940,0.995
,6.855624762,987.0,33.93,0.9460,FALSE POSITIVE,0.0000,6109.00,0.9310,0.877
,80.7060641,428.0,15.47,1.0250,FALSE POSITIVE,0.0000,6053.00,0.9490,0.956
,2.17814513,1428.0,1.22,1.0250,FALSE POSITIVE,0.0000,6053.00,0.9490,0.78
,1.089077111,2045.0,77.59,0.9720,FALSE POSITIVE,0.0000,6126.00,1.1760,0.63
,1.089057762,1404.0,0.44,0.7580,FALSE POSITIVE,0.0000,5096.00,0.7370,0.185
,0.379412331,1643.0,1.59,0.6750,FALSE POSITIVE,0.0160,4331.00,0.6660,0.243
,0.585940879,1873.0,26.57,0.8930,FALSE POSITIVE,0.0000,5459.00,0.7970,1.254
,3.90735046,1007.0,0.83,0.9070,CANDIDATE,0.9710,5497.00,0.8090,0.088
,0.646523404,3163.0,0.85,1.4870,FALSE POSITIVE,0.0000,7257.00,1.6310,0.494
,0.626431697,1709.0,34.05,0.6880,FALSE POSITIVE,0.0000,5134.00,0.7210,1.145
,2.696354974,1815.0,80.71,1.0930,FALSE POSITIVE,0.0000,6472.00,1.5790,0.324
,377.501257,242.0,2.16,1.0380,CANDIDATE,0.9020,5751.00,0.9400,0.033
,14.762889172,759.0,53.72,0.8750,FALSE POSITIVE,0.0000,5691.00,1.0310,1.046
,4.5638537,1533.0,2.97,1.2930,FALSE POSITIVE,,5446.00,2.3900,0.9866
,1.463775066,2308.0,1.2,1.3330,FALSE POSITIVE,0.0000,6781.00,1.6510,0.719
,8.098754149,1176.0,123.02,1.1070,FALSE POSITIVE,0.0000,6328.00,1.4500,1.467
,0.587938916,1800.0,29.98,0.6980,FALSE POSITIVE,0.0000,5237.00,0.7400,1.257
,246.87131,302.0,2.02,1.0340,FALSE POSITIVE,0.0410,6168.00,0.9600,0.327
,0.71957289,,,,FALSE POSITIVE,0.0000,,,
,1.559090282,2905.0,129.87,1.8000,FALSE POSITIVE,0.0000,7279.00,2.6240,0.375
,1.81993557,907.0,0.66,0.5670,FALSE POSITIVE,0.0010,4205.00,0.5780,0.768
,0.612888148,2796.0,0.93,1.2940,FALSE POSITIVE,0.0000,6720.00,1.3680,0.534
,15.541358818,1174.0,149.19,1.2010,FALSE POSITIVE,0.0000,5092.00,3.5400,1.25
,7.1969168,1132.0,1.1,1.0040,CANDIDATE,0.8750,5530.00,1.5750,0.502
,12.8177012,999.0,1.21,0.9900,FALSE POSITIVE,,6290.00,1.3850,0.0006
,2.274628199,2092.0,104.26,1.1340,FALSE POSITIVE,0.0000,6389.00,1.9470,0.986
,85.338393,741.0,11.4,1.0950,FALSE POSITIVE,0.0000,4850.00,4.6960,0.004
,5.499941793,1878.0,59.94,1.6950,FALSE POSITIVE,0.0000,7079.00,2.6340,0.531
,2.629870555,1291.0,34.05,0.8220,FALSE POSITIVE,0.0000,5566.00,0.9670,0.705
,1.97362159,,,,FALSE POSITIVE,0.0000,,,
,0.947554749,1633.0,0.67,0.9550,CANDIDATE,0.8940,5508.00,0.8400,0.058
,6.62761199,1204.0,82.03,1.1020,FALSE POSITIVE,0.0000,6316.00,1.3330,0.753
,50.271927,589.0,2.94,1.2790,CANDIDATE,0.7890,6520.00,1.2150,0.205
,28.597880332,1014.0,74.25,1.3680,FALSE POSITIVE,0.0000,6590.00,2.4740,0.356
,30.476518853,592.0,71.42,0.8670,FALSE POSITIVE,0.0000,5527.00,1.0730,0.6
,252.1638623,242.0,50.74,0.8340,FALSE POSITIVE,0.0000,5432.00,0.7450,1.149
,2.23416013,,,,FALSE POSITIVE,0.0000,,,
,22.271198511,515.0,39.79,0.6980,FALSE POSITIVE,0.0000,5068.00,0.7300,0.775
,73.894163515,392.0,39.18,0.7590,FALSE POSITIVE,0.0000,5442.00,0.8410,0.27
,1.124033822,2547.0,98.04,1.4420,FALSE POSITIVE,0.0000,7141.00,1.5630,0.719
,2.796661168,1661.0,47.68,0.8980,FALSE POSITIVE,0.0000,6331.00,1.3260,1.276
,15.288709179,509.0,54.56,0.7110,FALSE POSITIVE,0.0000,4464.00,0.7190,0.372
,1.83592242,1501.0,46.3,1.0290,FALSE POSITIVE,0.0010,5930.00,0.9760,1.189
,1.15495063,,,,FALSE POSITIVE,0.0000,,,
,128.208643,792.0,6.15,1.7540,CANDIDATE,0.2060,7128.00,3.8110,0.811
,1.516372183,1686.0,1.06,1.1430,FALSE POSITIVE,0.1930,6142.00,1.0460,0.596
,8.784575777,1555.0,104.57,1.8410,FALSE POSITIVE,0.0000,8144.00,1.9140,0.5
,1.949700508,1716.0,56.11,1.2600,FALSE POSITIVE,0.0000,6469.00,1.1930,1.153
,9.948701373,704.0,29.19,0.7410,FALSE POSITIVE,0.0000,5152.00,0.7860,1.277
,3.457078812,1603.0,86.12,1.2230,FALSE POSITIVE,0.0000,6526.00,1.4820,0.317
,3.735993484,2063.0,571.07,1.6200,FALSE POSITIVE,0.0000,5467.00,4.0550,0.993
,6.63448023,1177.0,1.04,1.1260,CANDIDATE,0.9890,6463.00,1.2250,0.116
,12.4239677,606.0,0.87,0.6770,FALSE POSITIVE,0.0000,4995.00,0.6980,0.007
,0.639721284,1505.0,46.59,0.6120,FALSE POSITIVE,0.0000,4794.00,0.6250,0.404
,1.25338826,1651.0,0.64,1.0540,FALSE POSITIVE,0.0000,5869.00,0.9420,0.469
,1.002591901,1391.0,0.87,0.7460,CANDIDATE,0.9730,4893.00,0.7390,0.312
,1.620813697,1733.0,43.95,0.8180,FALSE POSITIVE,0.0000,5757.00,1.1770,0.636
,3.37116682,1291.0,0.98,0.9580,CANDIDATE,0.9960,5653.00,1.1630,0.318
,5.2434664,831.0,2.83,0.8020,FALSE POSITIVE,0.0000,5047.00,0.7660,1.016
,5.2439542,778.0,0.81,0.7680,FALSE POSITIVE,0.0000,4920.00,0.6910,0.223
,5.2441517,1056.0,0.91,1.0080,FALSE POSITIVE,0.0000,6060.00,0.9250,0.557
,5.2443332,1054.0,0.58,1.0570,FALSE POSITIVE,0.0000,5952.00,0.9710,0.775
,20.726069913,657.0,51.9,0.9880,FALSE POSITIVE,0.0000,6011.00,0.9020,0.989
,0.566801447,2633.0,0.57,1.0140,FALSE POSITIVE,0.0000,5966.00,1.3490,0.615
,0.566794934,2457.0,1.15,1.0940,FALSE POSITIVE,0.0000,6395.00,1.0490,0.974
,0.566800287,2260.0,0.88,1.0480,FALSE POSITIVE,0.0000,6075.00,0.9690,0.648
,0.566791946,2160.0,1.54,1.0870,FALSE POSITIVE,0.0000,5836.00,0.9700,0.982
,0.566790294,2432.0,0.89,0.9930,FALSE POSITIVE,0.0000,6100.00,1.0930,0.393
,0.566799725,2289.0,0.77,0.9280,FALSE POSITIVE,0.0000,5576.00,1.1320,0.33
,0.566801325,2383.0,1.07,1.0770,FALSE POSITIVE,0.0000,6273.00,1.0210,0.77
,14.854415674,798.0,29.77,1.0510,FALSE POSITIVE,0.0000,6214.00,1.0220,0.57
,38.47674409,463.0,33.8,0.7330,FALSE POSITIVE,0.0000,5294.00,0.7900,0.458
,10.643110689,1038.0,31.72,0.9600,FALSE POSITIVE,0.0000,5930.00,1.4730,1.179
,1.587485742,1460.0,41.52,0.9080,FALSE POSITIVE,0.0000,5863.00,0.8210,0.259
,6.613671,1266.0,0.91,1.0940,CANDIDATE,0.7210,6056.00,1.5970,0.096
,1.79621807,2480.0,1.54,1.5480,FALSE POSITIVE,0.0000,7117.00,2.0900,0.72
,20.2594232,837.0,1.23,1.1780,FALSE POSITIVE,0.0000,6602.00,1.2690,0.707
,1.48062814,1653.0,0.76,1.0110,CANDIDATE,0.9910,6187.00,0.9370,0.479
,1.489442254,2328.0,115.45,1.3520,FALSE POSITIVE,0.0000,6962.00,1.6200,0.455
,1.12679793,1590.0,21.07,0.9370,FALSE POSITIVE,0.0000,5662.00,0.8400,1.215
,0.998217563,2795.0,88.64,1.2920,FALSE POSITIVE,0.0000,6980.00,1.7550,1.003
,2.68814059,1135.0,0.92,0.8210,CANDIDATE,1.0000,5636.00,0.7340,0.532
,0.58640848,1444.0,0.48,0.6690,FALSE POSITIVE,0.0000,4556.00,0.6150,0.352
,33.46947449,972.0,127.38,1.3150,FALSE POSITIVE,0.0000,5934.00,3.0750,0.315
,1.827558898,2178.0,118.28,1.1250,FALSE POSITIVE,0.0000,5977.00,2.0770,0.093
,62.519211,520.0,1.9,1.2130,FALSE POSITIVE,,6343.00,1.1370,0.081
,97.991569,467.0,1.41,1.1910,CANDIDATE,0.4330,6499.00,1.1690,0.711
,349.85525,251.0,2.63,0.9750,FALSE POSITIVE,0.0010,5941.00,0.8850,0.485
,2.488812012,1852.0,83.26,0.9930,FALSE POSITIVE,0.0000,6499.00,1.4970,0.931
,0.51811818,2360.0,1.09,1.0000,FALSE POSITIVE,0.0000,6240.00,0.9290,0.021
,542.52829,266.0,1.07,0.8560,FALSE POSITIVE,,6099.00,1.2120,0.3252
,1.057080807,1805.0,0.97,1.0030,CANDIDATE,0.9960,6000.00,0.9460,0.966
,11.567974732,628.0,45.65,0.7230,FALSE POSITIVE,0.0000,5290.00,0.6480,0.458
,21.294733865,771.0,71.55,1.0410,FALSE POSITIVE,0.0000,6039.00,1.2780,0.957
,317.062416,218.0,1.59,0.7930,CANDIDATE,0.9470,5366.00,0.7150,0.673
,13.4959496,784.0,1.62,1.1020,CANDIDATE,,5962.00,1.0190,0.2136
,0.855763492,2464.0,72.82,1.2460,FALSE POSITIVE,0.0000,6679.00,1.3260,0.917
,2.045166206,2422.0,131.41,1.4790,FALSE POSITIVE,0.0000,7128.00,2.1350,0.661
,2.41349123,2348.0,2.11,1.4890,FALSE POSITIVE,0.0000,6628.00,2.5950,0.728
,0.447820618,3141.0,1.42,0.9140,FALSE POSITIVE,0.0000,5927.00,1.6070,0.317
,43.2675604,664.0,1.61,1.1350,CANDIDATE,0.5820,5747.00,1.7290,0.818
,1.23133063,1072.0,0.54,0.6200,FALSE POSITIVE,0.0000,4237.00,0.6310,0.051
,0.61566096,3459.0,0.84,1.4080,FALSE POSITIVE,0.0000,6619.00,2.2300,0.161
,1.23140522,1756.0,0.81,0.9510,FALSE POSITIVE,0.0000,5600.00,1.1180,0.412
,11.3251153,674.0,1.26,0.7230,CANDIDATE,0.3780,5334.00,0.7270,0.352
,31.9714488,674.0,0.87,0.9420,FALSE POSITIVE,0.0000,5846.00,1.3230,0.34
,9.762550001,1375.0,68.93,1.5710,FALSE POSITIVE,0.0000,7199.00,1.9500,1.006
,16.9163386,648.0,0.68,0.7790,CANDIDATE,,5628.00,0.8100,0.6327
,37.0200232,507.0,2.14,0.9870,CANDIDATE,0.2350,5685.00,0.8860,0.308
,2.521265,2049.0,1.16,0.8620,FALSE POSITIVE,0.0000,6306.00,1.8740,0.463
,5.674353343,1053.0,51.63,0.8410,FALSE POSITIVE,0.0000,5594.00,1.0710,1.167
,0.734426335,2106.0,51.42,1.0720,FALSE POSITIVE,0.0000,6108.00,0.9970,0.971
,0.734426409,2223.0,0.98,1.0570,FALSE POSITIVE,0.0000,6406.00,1.0050,0.039
,0.565713361,1917.0,0.81,0.8550,CANDIDATE,0.9990,5220.00,0.8810,0.23
,13.782522208,605.0,41.84,0.6530,FALSE POSITIVE,0.0000,5246.00,0.6680,0.718
,1.89121656,1434.0,0.73,0.7810,FALSE POSITIVE,0.0000,5741.00,0.8840,0.404
,3.693702974,1453.0,62.55,1.3060,FALSE POSITIVE,0.0000,6309.00,1.3960,1.19
,10.265613245,1000.0,61.45,1.0900,FALSE POSITIVE,0.0000,5865.00,1.4230,0.667
,2.163569702,1996.0,85.64,1.1790,FALSE POSITIVE,0.0000,6425.00,1.7180,1.116
,0.730956716,2192.0,0.57,0.9940,FALSE POSITIVE,0.0000,6028.00,1.0780,0.129
,7.04715073,932.0,1.54,1.0010,FALSE POSITIVE,0.0000,5941.00,0.9110,0.272
,7.047106212,1846.0,119.64,1.8450,FALSE POSITIVE,0.0000,8162.00,2.3210,1.077
,0.961292561,2344.0,92.55,1.1060,FALSE POSITIVE,0.0000,6300.00,1.4040,0.579
,63.68192888,486.0,71.45,0.9860,FALSE POSITIVE,0.0000,5979.00,1.0540,0.583
,9.455586047,1972.0,178.47,2.0180,FALSE POSITIVE,0.0000,7221.00,4.2400,0.791
,1.246585716,1992.0,81.28,1.1940,FALSE POSITIVE,0.0000,6440.00,1.1830,0.427
,0.898932836,2489.0,1.51,1.1620,FALSE POSITIVE,0.0000,5712.00,1.8720,0.565
,3.45423296,743.0,0.95,0.6860,FALSE POSITIVE,0.0000,4186.00,0.6350,0.893
,7.304451735,931.0,59.02,0.9850,FALSE POSITIVE,0.0000,6024.00,0.9000,1.013
,1.181046137,1389.0,37.78,0.6640,FALSE POSITIVE,0.0000,5229.00,0.6920,1.165
,0.68396452,,,,FALSE POSITIVE,,,,
,2.025580416,2102.0,43.23,1.4310,FALSE POSITIVE,0.0000,6348.00,1.9900,0.434
,58.64379,437.0,1.05,0.7530,FALSE POSITIVE,,5833.00,0.7750,0.226
,20.28281916,1141.0,22.46,1.0980,FALSE POSITIVE,0.0000,5043.00,3.9560,0.719
,4.931365987,1755.0,139.59,1.2790,FALSE POSITIVE,0.0000,6562.00,2.2630,0.686
,4.331392455,1051.0,38.82,0.7880,FALSE POSITIVE,0.0000,5655.00,0.8540,0.306
,345.1846728,257.0,44.91,0.9120,FALSE POSITIVE,0.0000,5712.00,0.9710,1.179
,9.58405667,1212.0,99.66,1.2260,FALSE POSITIVE,0.0000,5605.00,2.2750,0.798
,5.2436612,1249.0,1.1,1.1660,FALSE POSITIVE,0.0060,6598.00,1.1450,0.436
,3.7789374,860.0,0.48,0.6010,FALSE POSITIVE,,5017.00,0.6050,0.6778
,1.88984957,1221.0,73.04,0.6950,FALSE POSITIVE,0.0000,5328.00,0.7160,1.182
,82.97062172,,,,CANDIDATE,,,,
,5.22422449,,,,CANDIDATE,0.0000,,,
,2.49904083,1258.0,1.04,0.9060,FALSE POSITIVE,0.0390,5525.00,0.9300,0.01
,1.99567242,2137.0,0.75,1.2070,FALSE POSITIVE,0.0000,6773.00,1.6900,0.564
,0.89879279,2116.0,0.57,1.0310,FALSE POSITIVE,0.0000,6224.00,1.0960,0.249
,16.434352831,789.0,25.25,0.9860,FALSE POSITIVE,0.0000,5963.00,1.1340,0.572
,0.566793818,2027.0,1.17,0.8640,FALSE POSITIVE,0.0000,5707.00,0.8280,0.985
,0.566797474,2270.0,1.04,1.1110,FALSE POSITIVE,0.0000,6046.00,1.0070,0.575
,1.585673651,1648.0,50.53,1.0950,FALSE POSITIVE,0.0000,6117.00,1.0250,1.148
,14.797219157,787.0,47.71,0.9880,FALSE POSITIVE,0.0000,6343.00,0.9310,0.157
,6.49066214,621.0,33.46,0.5580,FALSE POSITIVE,0.0000,4448.00,0.5630,0.798
,7.11879848,819.0,41.17,0.8430,FALSE POSITIVE,0.0000,5578.00,0.7540,0.983
,6.99510404,7492.0,216.92,3.4260,FALSE POSITIVE,0.0000,3681.00,229.9080,0.77
,22.50053441,,,,CANDIDATE,,,,
,2.897829967,1454.0,54.35,0.9800,FALSE POSITIVE,0.0000,6318.00,1.0770,0.756
,4.88698386,1133.0,1.2,1.0790,CANDIDATE,0.9970,6152.00,1.0090,0.661
,0.706428634,1416.0,47.64,0.7330,FALSE POSITIVE,0.0000,4429.00,0.7360,0.393
,10.8632531,802.0,19.93,1.0000,FALSE POSITIVE,0.0000,5896.00,0.9140,1.187
,1.46842648,1559.0,40.3,0.8070,FALSE POSITIVE,0.0000,5539.00,0.9590,0.633
,4.305917719,1266.0,71.49,1.0770,FALSE POSITIVE,0.0000,6502.00,1.0370,0.549
,1.28659726,,,,FALSE POSITIVE,0.0000,,,
,8.47484677,780.0,1.35,0.8780,CANDIDATE,0.9800,5564.00,0.7850,0.872
,2.535389624,1113.0,16.24,0.7900,FALSE POSITIVE,0.0000,5488.00,0.7060,1.189
,13.56092626,,,,CANDIDATE,,,,
,1.627538928,2520.0,1.42,1.3680,FALSE POSITIVE,0.0000,6854.00,2.0880,0.769
,1.506503686,3250.0,178.15,2.1400,FALSE POSITIVE,0.0000,8751.00,2.3520,0.401
,1.679585725,970.0,28.99,0.5610,FALSE POSITIVE,0.0000,4462.00,0.5540,0.97
,5.40346248,1559.0,108.46,1.1950,FALSE POSITIVE,0.0000,6350.00,1.9840,0.521
,34.0357766,337.0,1.05,0.5030,CANDIDATE,,4367.00,0.5010,0.6983
,0.824851807,2539.0,78,0.7980,FALSE POSITIVE,0.3030,5658.00,1.6540,1.185
,0.82484293,8138.0,97.92,1.7960,FALSE POSITIVE,0.0000,4148.00,41.4240,0.03
,4.4473549,954.0,1.52,0.8550,FALSE POSITIVE,0.0000,5531.00,0.7640,0.98
,42.48452259,,,,CANDIDATE,,,,
,7.51509713,685.0,1.23,0.7800,FALSE POSITIVE,0.0000,4867.00,0.6960,0.934
,7.51514595,842.0,35.8,0.7220,FALSE POSITIVE,0.0000,5624.00,0.7770,0.84
,19.230038188,1361.0,186.53,2.1650,FALSE POSITIVE,0.0000,7703.00,2.9160,0.694
,21.120005744,880.0,31.2,1.0900,FALSE POSITIVE,0.0000,6195.00,1.5980,0.986
,0.82206761,2941.0,91.21,1.2340,FALSE POSITIVE,0.0000,6531.00,1.9210,1.216
,4.74701479,1640.0,13333.5,1.2340,CANDIDATE,,6531.00,1.9210,64.5159
,1.96682825,1283.0,1.18,0.8900,CANDIDATE,0.9840,5595.00,0.7960,0.415
,45.035589512,600.0,82.4,1.1780,FALSE POSITIVE,0.0000,6484.00,1.1530,0.499
,4.237447181,1172.0,2.26,0.9580,CANDIDATE,0.9650,5993.00,0.9930,0.187
,4.0953585,1680.0,7.76,1.3130,CANDIDATE,,6839.00,1.7000,1.0194
,0.92623983,1208.0,1.16,0.6320,CANDIDATE,1.0000,4494.00,0.5910,0.058
,3.10197712,2246.0,2.64,2.0120,FALSE POSITIVE,0.0000,8709.00,1.7970,0.984
,2.618414643,2582.0,109.33,1.8540,FALSE POSITIVE,0.0000,8143.00,2.3610,0.356
,2.61844178,2033.0,2.16,1.2570,FALSE POSITIVE,0.0000,5088.00,3.2930,0.182
,19.407958161,633.0,44.96,0.7110,FALSE POSITIVE,0.0000,5702.00,0.7990,0.905
,0.933747375,2003.0,8.93,1.0840,FALSE POSITIVE,0.0000,6224.00,1.0240,1.063
,37.910213899,358.0,29.45,0.5560,FALSE POSITIVE,0.0000,4623.00,0.5600,0.963
,3.74785307,2440.0,9.04,2.1670,FALSE POSITIVE,0.0000,4929.00,7.7000,0.217
,3.747835042,2697.0,141.7,2.0170,FALSE POSITIVE,0.0000,8529.00,3.0650,0.547
,0.94754848,622.0,224.79,0.1780,FALSE POSITIVE,,3246.00,0.2000,11.1936
,1.75643185,1366.0,0.58,0.9020,FALSE POSITIVE,0.0000,5696.00,0.8120,0.115
,1.756466865,1831.0,87.4,0.9350,FALSE POSITIVE,0.0000,5726.00,1.4650,0.824
,33.159475806,1068.0,146.47,2.0690,FALSE POSITIVE,0.0000,7967.00,2.3790,0.768
,46.14869106,647.0,114.2,1.1050,FALSE POSITIVE,0.0000,5383.00,1.9350,0.002
,60.2976774,481.0,63.57,0.9460,FALSE POSITIVE,0.0000,5995.00,0.9770,0.596
,0.875197345,2518.0,0.73,1.1740,CANDIDATE,0.9970,5855.00,1.7960,1.004
,13.2298203,856.0,1.5,1.1400,CANDIDATE,0.9490,6049.00,1.1760,0.435
,3.71840884,1184.0,0.84,1.0470,CANDIDATE,0.0470,5982.00,0.9600,0.192
,1.703347524,1202.0,47.62,0.6950,FALSE POSITIVE,0.0000,5325.00,0.6480,0.223
,1.70332915,1420.0,0.86,0.9610,FALSE POSITIVE,0.0000,5749.00,0.8640,0.307
,20.413812,586.0,16.5,0.9260,FALSE POSITIVE,0.0000,5514.00,0.8260,1.158
,5.32737192,782.0,0.7,0.6590,CANDIDATE,,4905.00,0.6790,0.3554
,67.41958542,470.0,49.46,0.8980,FALSE POSITIVE,0.0000,6071.00,0.9620,0.72
,7.363572395,1287.0,82.22,1.3460,FALSE POSITIVE,0.0000,6793.00,1.5080,0.922
,5.90260586,759.0,1.26,0.7860,CANDIDATE,,4960.00,0.7070,0.1049
,33.693201537,518.0,68.86,0.8260,FALSE POSITIVE,0.0000,5427.00,0.8990,0.379
,22.80265,1045.0,2.36,0.8430,CANDIDATE,,5011.00,3.3240,0.1018
,1.120997701,3992.0,66.58,2.0200,FALSE POSITIVE,0.0000,6720.00,4.8450,1.114
,1.874967748,4440.0,378.99,2.0900,FALSE POSITIVE,0.0000,4588.00,18.3280,0.817
,29.9315174,517.0,1.58,0.8870,CANDIDATE,,5551.00,0.8090,0.5986
,0.602277579,2699.0,0.78,0.9920,CANDIDATE,,6510.00,1.2280,0.7502
,2.40440112,1172.0,0.42,0.7660,FALSE POSITIVE,0.0000,5433.00,0.7690,0.669
,21.926779,618.0,1.26,0.9610,FALSE POSITIVE,0.0000,5853.00,0.8680,0.542
,25.706001174,579.0,67.11,0.9360,FALSE POSITIVE,0.0000,5642.00,0.9030,0.43
,27.2173855,667.0,1.34,0.9590,CANDIDATE,,6263.00,1.0190,0.6516
,501.90703,254.0,1.83,1.0100,FALSE POSITIVE,,6316.00,1.0360,0.0805
,6.27651592,532.0,0.65,0.5430,CANDIDATE,0.9510,3914.00,0.5150,0.172
,3.115304946,1404.0,61.66,1.1310,FALSE POSITIVE,0.0000,6367.00,1.0870,0.89
,16.214474,1256.0,3.53,1.7270,CANDIDATE,,6801.00,2.6370,0.6311
,12.422524,1107.0,0.86,1.3970,FALSE POSITIVE,0.0000,7225.00,1.4140,0.566
,12.4269264,906.0,1.66,0.9140,FALSE POSITIVE,,5349.00,1.5050,0.04
,12.4261809,976.0,1.88,0.9570,FALSE POSITIVE,0.0000,5948.00,1.4320,0.98
,0.61810542,1994.0,39.52,0.8300,FALSE POSITIVE,,5371.00,0.9490,1.2326
,1.06995136,1991.0,0.9,1.0210,FALSE POSITIVE,0.0000,5869.00,1.2210,0.176
,2.158398259,1829.0,101.02,0.8290,FALSE POSITIVE,0.0000,5210.00,1.9460,0.996
,359.534371,491.0,64333.8,1.9350,FALSE POSITIVE,,5087.00,5.8990,100.806
,0.9951412,509.0,0.22,0.1010,CANDIDATE,0.4130,3325.00,0.1090,0.998
,534.86668,328.0,4.3,1.3950,FALSE POSITIVE,,6668.00,1.7910,0.113
,43.535891,444.0,1.86,0.8710,CANDIDATE,0.9930,5481.00,0.7780,0.258
,1.39797542,1316.0,0.49,0.7250,FALSE POSITIVE,0.0000,5074.00,0.7610,0.077
,2.2127498,1801.0,0.68,0.9200,FALSE POSITIVE,0.0000,6195.00,1.4050,0.229
,0.776976021,2083.0,48.15,1.0460,FALSE POSITIVE,0.0000,5999.00,1.0420,1.222
,2.25353739,2056.0,96.65,1.3280,FALSE POSITIVE,0.0000,6951.00,1.6620,0.82
,17.99646148,1004.0,114.45,1.1340,FALSE POSITIVE,0.0000,5684.00,2.2490,1.091
,1.386249249,2137.0,78.6,1.2640,FALSE POSITIVE,0.0000,6226.00,1.5940,1.135
,0.53482911,753.0,0.54,0.1780,FALSE POSITIVE,,3229.00,0.2010,0.3597
,0.566799833,1900.0,1.27,0.8770,FALSE POSITIVE,0.0000,5488.00,0.7890,0.851
,0.566795728,2755.0,0.64,1.0030,FALSE POSITIVE,0.0000,6130.00,1.3930,0.653
,14.665759784,712.0,67.17,0.8550,FALSE POSITIVE,0.0000,5385.00,1.0020,0.576
,0.566780836,2204.0,0.75,1.0500,FALSE POSITIVE,0.0000,5949.00,0.9620,0.005
,4.7368156,1137.0,0.6,1.0600,CANDIDATE,0.5320,6088.00,1.0110,0.218
,15.44605962,701.0,52.93,0.9920,FALSE POSITIVE,0.0000,5838.00,0.8970,0.3
,1.790518325,1850.0,32.19,1.1310,FALSE POSITIVE,0.2760,6586.00,1.2190,0.643
,40.7698541,585.0,1.87,1.0810,CANDIDATE,0.9870,5884.00,1.2100,0.202
,129.222771,288.0,2.01,0.7810,CANDIDATE,0.3580,4934.00,0.8090,0.867
,1.03905082,2297.0,0.87,1.0350,FALSE POSITIVE,,6558.00,1.2800,0.4522
,0.503201954,3550.0,2.99,1.3020,FALSE POSITIVE,,6157.00,2.3060,0.3279
,7.140373046,1132.0,61.56,0.9530,FALSE POSITIVE,0.0000,5945.00,1.3330,0.309
,53.647084859,753.0,142.04,1.0130,FALSE POSITIVE,0.0000,5261.00,2.9430,0.432
,2.496328637,2317.0,112.28,1.7340,FALSE POSITIVE,0.0030,6757.00,2.6150,1.199
,16.31328124,747.0,30.85,1.0180,FALSE POSITIVE,0.0000,6008.00,1.0060,0.768
,1.721313779,1627.0,83.69,0.9860,FALSE POSITIVE,0.0000,5960.00,1.0730,0.315
,5.01880305,1178.0,1.08,1.0640,CANDIDATE,0.9810,6220.00,1.0830,0.172
,1.50650745,2498.0,1.13,1.4970,FALSE POSITIVE,0.0000,6839.00,2.0200,0.677
,8.209514329,1371.0,149.52,1.2370,FALSE POSITIVE,0.0000,6258.00,2.1110,1.079
,3.431126546,1251.0,47.48,0.7640,FALSE POSITIVE,0.0000,5815.00,0.9690,1.161
,1.583334941,1548.0,52,0.9840,FALSE POSITIVE,0.0000,5846.00,0.9530,0.781
,23.59919017,,,,CANDIDATE,,,,
,8.429438192,582.0,49.49,0.6750,FALSE POSITIVE,0.0000,4268.00,0.6800,0.428
,299.70688,237.0,1.15,0.8320,CANDIDATE,,5606.00,0.7600,0.1196
,14.461834,785.0,1.05,0.9030,CANDIDATE,0.9330,5457.00,1.1960,0.065
,7.9320191,811.0,1.04,0.8230,FALSE POSITIVE,,5219.00,0.9050,0.5896
,1.374249107,2725.0,96.85,1.4890,FALSE POSITIVE,0.0000,7053.00,2.1210,0.771
,8.4804737,930.0,1.85,1.0740,FALSE POSITIVE,0.0000,6092.00,0.9980,0.33
,0.94242156,,,,FALSE POSITIVE,,,,
,4.994773558,1264.0,62.69,0.9500,FALSE POSITIVE,0.0000,6253.00,1.1810,0.416
,1.105094098,3771.0,267.59,1.8550,FALSE POSITIVE,0.0000,8011.00,2.9270,0.161
Kepler-1974 b,6.842939,,,,CONFIRMED,1.0000,,,
,0.8170226,1947.0,57.56,1.0000,FALSE POSITIVE,0.0000,5780.00,1.0000,0.843
,4.48538145,962.0,0.96,0.8010,CANDIDATE,,5654.00,0.7370,0.1296
,19.40669392,597.0,57.97,0.8620,FALSE POSITIVE,0.0000,5622.00,0.7780,0.424
,7.143708297,943.0,44.78,0.8730,FALSE POSITIVE,0.0000,5655.00,0.9920,0.162
,0.952377862,1713.0,28.44,0.9090,FALSE POSITIVE,0.0000,5662.00,0.8630,1.248
,3.521050679,2434.0,256.2,2.0550,FALSE POSITIVE,0.0000,5149.00,6.6190,1.266
,4.84847245,667.0,1.51,0.6430,CANDIDATE,0.9960,4137.00,0.6470,0.191
,1.941635737,1728.0,59.71,1.1830,FALSE POSITIVE,0.0190,6525.00,1.1610,1.071
,0.539445498,2959.0,68.65,1.1560,FALSE POSITIVE,0.0000,6486.00,1.4560,1.214
,20.7106853,1246.0,89.55,1.6640,FALSE POSITIVE,0.0000,6956.00,2.8880,1.252
,2.521245368,1241.0,56.59,0.8160,FALSE POSITIVE,0.0000,5605.00,0.8540,0.231
,2.52122764,1177.0,0.91,0.9070,FALSE POSITIVE,0.0000,5546.00,0.8100,0.298
,2.5212708,1003.0,0.81,0.6970,FALSE POSITIVE,,5110.00,0.6370,0.3286
,8.202869679,1190.0,110.46,1.1290,FALSE POSITIVE,0.0000,6060.00,1.6430,0.561
,11.8436119,830.0,1.41,1.0770,CANDIDATE,1.0000,6077.00,0.9990,0.067
,3.442714533,1157.0,47.02,0.8580,FALSE POSITIVE,0.0000,5819.00,0.8610,1.142
,475.91706,221.0,28.22,0.8650,FALSE POSITIVE,0.0000,5334.00,1.0040,1.222
,0.858285844,2274.0,0.9,1.0390,FALSE POSITIVE,,5945.00,1.3460,0.3323
,4.88446644,579.0,0.84,0.5160,CANDIDATE,0.8910,3883.00,0.5170,0.776
,8.9772888,1113.0,1.79,0.9690,CANDIDATE,0.9460,5597.00,1.6990,0.702
,3.03359398,1529.0,1.55,1.0350,CANDIDATE,0.8990,5557.00,1.6160,0.023
,21.9139549,303.0,10.39,0.4500,CANDIDATE,0.9990,3638.00,0.4200,1.2
,6.238315363,746.0,0.7,0.7830,FALSE POSITIVE,0.0000,4914.00,0.7240,0.707
,9.3888216,963.0,20.91,1.0640,CANDIDATE,0.8420,5846.00,1.2400,1.14
,2.115510941,2701.0,191.42,1.9380,FALSE POSITIVE,0.0000,7563.00,2.6380,0.492
,1.015044104,1979.0,1.98,0.9590,FALSE POSITIVE,0.0000,5910.00,1.1240,0.984
,3.711013336,1436.0,55.69,1.0210,FALSE POSITIVE,0.0000,6338.00,1.2470,1.192
,2.97606298,2615.0,5.65,2.3340,FALSE POSITIVE,0.0000,5321.00,6.6690,0.363
,2.97586085,1135.0,0.85,0.8210,FALSE POSITIVE,0.0000,5481.00,0.8350,0.117
,14.658013949,855.0,121.59,0.9340,FALSE POSITIVE,0.0000,5146.00,1.6260,1.141
,18.839487435,734.0,45.2,1.0860,FALSE POSITIVE,0.0000,6208.00,1.0240,0.421
,0.555973803,3049.0,1.9,0.9770,FALSE POSITIVE,0.0040,5445.00,2.1170,0.563
,4.426344495,1316.0,78.3,1.0340,FALSE POSITIVE,0.0000,6228.00,1.2260,0.668
,0.957823876,2649.0,110.91,1.1030,FALSE POSITIVE,0.0000,5908.00,2.0330,0.992
,5.024768971,1159.0,42.15,0.9900,FALSE POSITIVE,0.0000,6322.00,0.9890,1.038
,30.960216668,527.0,62.08,0.8280,FALSE POSITIVE,0.0000,5291.00,0.9260,0.58
,2.470283788,2657.0,157.82,2.0020,FALSE POSITIVE,0.0000,7823.00,2.6750,0.804
,1.23516416,1866.0,0.92,1.1300,FALSE POSITIVE,0.0000,6249.00,1.0760,0.678
,1.23513471,1743.0,0.7,0.9900,FALSE POSITIVE,0.0000,5930.00,0.9970,0.716
,0.8903331,5714.0,20.96,3.3690,FALSE POSITIVE,0.0020,4981.00,18.3740,0.322
,20.000242814,746.0,21.57,1.0940,FALSE POSITIVE,0.0000,6373.00,1.0470,1.004
,10.217121652,994.0,81.1,1.0420,FALSE POSITIVE,0.0000,5931.00,1.3490,0.786
,0.618060842,1854.0,0.51,0.7310,FALSE POSITIVE,0.0000,5339.00,0.7930,0.944
,0.759764419,2715.0,138.54,1.1300,FALSE POSITIVE,0.0000,5807.00,1.9090,0.545
,2.6528082,1280.0,1.17,0.9620,CANDIDATE,0.9970,5778.00,0.9350,0.434
,21.539269242,674.0,53,0.9730,FALSE POSITIVE,0.0000,6136.00,0.9330,0.908
,5.270733213,693.0,37.93,0.6690,FALSE POSITIVE,0.0000,4348.00,0.6780,0.428
,2.43135542,1422.0,1.07,1.0250,CANDIDATE,0.7860,6231.00,0.9550,0.12
,12.4232158,685.0,1.3,0.9070,FALSE POSITIVE,0.0000,5497.00,0.8090,0.245
,4.3206933,1205.0,1.66,1.0910,FALSE POSITIVE,0.0000,6225.00,1.0310,0.973
,16.486796364,1053.0,46.92,1.1620,FALSE POSITIVE,0.0000,6020.00,2.0970,0.309
,5.7768734,1399.0,3.13,1.0650,FALSE POSITIVE,0.0000,5473.00,2.1620,0.994
,20.148807707,631.0,68.52,0.8620,FALSE POSITIVE,0.0000,5547.00,0.9180,0.215
,0.687772143,2097.0,46.27,0.8210,FALSE POSITIVE,0.6100,5885.00,0.9330,1.166
,0.843651274,1553.0,39.98,0.6650,FALSE POSITIVE,0.0000,5220.00,0.6950,0.405
,1.142946648,1293.0,43.5,0.6030,FALSE POSITIVE,0.0000,5058.00,0.6080,0.479
,7.217010987,1096.0,89.71,0.9430,FALSE POSITIVE,0.0000,6047.00,1.2110,1.287
,9.72869627,1126.0,42.47,1.3400,FALSE POSITIVE,0.0010,6881.00,1.3510,1.274
,0.566791802,2040.0,0.66,1.0030,FALSE POSITIVE,0.0000,5691.00,0.8870,0.679
,2.245738777,1737.0,99.05,1.2170,FALSE POSITIVE,0.0000,6508.00,1.3120,0.397
,2.24572117,1479.0,0.74,1.0920,FALSE POSITIVE,0.0000,6158.00,1.0260,0.596
,0.566801906,1344.0,0.55,0.5700,FALSE POSITIVE,0.0000,4208.00,0.5830,0.155
,2.316171991,1288.0,49.53,0.8820,FALSE POSITIVE,0.0000,5932.00,0.7950,0.7
,12.54474243,840.0,1.88,1.0150,CANDIDATE,0.9970,5767.00,1.1590,0.185
,0.56680208,,,,FALSE POSITIVE,0.0000,,,
,0.566810701,1921.0,1.49,0.7910,FALSE POSITIVE,0.0000,5593.00,0.7520,0.982
,0.566813319,2313.0,23.19,1.1320,FALSE POSITIVE,0.0000,6108.00,1.0300,1.196
,28.787257509,971.0,91.26,1.6720,FALSE POSITIVE,0.0000,5154.00,3.9810,0.559
,0.835315046,1490.0,30.54,0.6660,FALSE POSITIVE,0.0000,5009.00,0.6900,1.224
,3.07551068,1389.0,0.84,1.0140,CANDIDATE,0.9780,5763.00,1.2420,0.005
,26.0164225,755.0,61.04,1.0150,FALSE POSITIVE,0.0000,6287.00,1.2800,1.147
,6.29340543,1072.0,1.08,1.1690,CANDIDATE,0.9430,6214.00,1.0760,0.431
,593.19521,234.0,1.63,0.9530,FALSE POSITIVE,,6103.00,1.0300,0.6192
,0.706430188,1473.0,0.41,0.5740,FALSE POSITIVE,0.0000,5037.00,0.5680,0.288
,7.7021729,888.0,0.85,0.9620,CANDIDATE,0.9900,5618.00,0.9690,0.509
,0.78430061,1566.0,1.14,0.6570,FALSE POSITIVE,0.1670,5176.00,0.6810,0.659
,2.665875491,1502.0,67.43,1.0970,FALSE POSITIVE,0.0000,6234.00,1.1590,0.878
,2.6658312,1663.0,0.99,0.9880,FALSE POSITIVE,0.0000,6276.00,1.3530,0.864
,1.5765874,2946.0,15.68,1.7520,FALSE POSITIVE,0.0000,6742.00,3.1380,1.04
,2.52557582,1364.0,0.62,1.0310,CANDIDATE,0.8420,5821.00,1.0360,0.372
,8.2927558,927.0,1.01,1.0200,CANDIDATE,,6146.00,0.9430,0.6346
,22.786522,661.0,1.45,1.0200,CANDIDATE,,6146.00,0.9430,0.3817
,28.027891356,440.0,31.3,0.5690,FALSE POSITIVE,,5231.00,0.5440,0.6493
,2.028512246,1542.0,50.28,0.9900,FALSE POSITIVE,0.0000,6105.00,1.0250,0.871
,1.33256167,1326.0,0.63,0.7960,FALSE POSITIVE,0.0000,4895.00,0.8280,0.402
,1.332567821,2395.0,0.96,1.1480,FALSE POSITIVE,0.0000,6600.00,1.6810,0.413
,1.332545609,5080.0,28.37,2.7000,FALSE POSITIVE,0.0000,5154.00,16.4860,0.582
,1.33256256,4529.0,16.03,1.2090,FALSE POSITIVE,0.0000,4601.00,12.5810,0.137
,1.33258981,1369.0,0.67,0.8430,FALSE POSITIVE,0.0000,5309.00,0.7630,0.223
,1.33258375,1727.0,0.84,1.0720,FALSE POSITIVE,0.0000,6108.00,0.9970,0.746
,8.9648813,1040.0,28.97,1.1810,FALSE POSITIVE,0.0000,6543.00,1.1590,1.208
,1.284241817,1623.0,1.18,1.0140,CANDIDATE,0.7560,5849.00,0.9190,0.029
,2.161583501,1646.0,29.61,0.7960,FALSE POSITIVE,0.0080,5888.00,1.2190,0.715
Kepler-1999 b,8.7396758,577.0,3.29,0.6320,CONFIRMED,0.9940,4406.00,0.6280,0.957
,0.535493486,3181.0,1.42,1.3740,FALSE POSITIVE,0.0000,6328.00,1.8640,0.566
,15.9474242,670.0,1.21,0.7720,CANDIDATE,,5472.00,0.8770,0.1178
,24.261683827,659.0,58.48,1.0480,FALSE POSITIVE,0.0000,6151.00,0.9830,0.814
,32.532521502,535.0,24.35,0.9260,FALSE POSITIVE,0.0000,5845.00,0.8380,0.237
,50.0122,432.0,1.2,0.7720,CANDIDATE,,5357.00,0.8140,0.484
,4.627775175,1039.0,32.62,0.9680,FALSE POSITIVE,0.0000,5845.00,0.8740,1.248
,28.7850347,993.0,2.5,1.4280,FALSE POSITIVE,,6581.00,2.4200,0.2978
,5.60682001,942.0,1.04,0.9500,CANDIDATE,0.9720,5699.00,0.8530,0.156
,6.096030635,1925.0,406.97,1.9450,FALSE POSITIVE,0.0000,7598.00,2.6920,0.642
,31.953038766,864.0,47.96,1.3460,FALSE POSITIVE,0.0000,5524.00,2.7340,0.907
,5.9371708,945.0,1.17,0.8290,FALSE POSITIVE,,5475.00,0.9230,0.4778
,0.577844035,1980.0,18.93,0.9110,FALSE POSITIVE,0.0000,5693.00,0.8160,1.194
,2.630090609,1551.0,83.5,0.8750,FALSE POSITIVE,0.0000,6315.00,1.1080,0.285
,43.204596783,519.0,43.15,1.0190,FALSE POSITIVE,0.0000,6003.00,0.9320,0.399
,1.75147897,2340.0,1.8,1.6600,FALSE POSITIVE,0.0000,6823.00,2.0370,0.008
,3.17796408,1034.0,0.74,0.7930,CANDIDATE,0.9390,5061.00,0.8410,0.901
,3.66520844,1168.0,0.82,0.9450,CANDIDATE,0.9940,5579.00,1.0290,0.045
,3.05293416,1047.0,1.18,0.8840,CANDIDATE,0.9960,5311.00,0.7880,0.328
,12.834857,755.0,1.73,0.9210,CANDIDATE,0.9990,5492.00,1.0160,0.278
,36.2530992,582.0,1.43,1.1350,CANDIDATE,0.6190,6002.00,1.0810,0.721
,4.02321842,747.0,0.48,0.5340,CANDIDATE,0.8860,4671.00,0.5280,0.396
,7.5017934,1046.0,1.32,1.2070,CANDIDATE,0.9960,6321.00,1.1250,0.286
,0.912351255,1840.0,1.46,0.9150,CANDIDATE,1.0000,5481.00,1.0360,0.956
,12.4701111,1074.0,2.06,1.2210,CANDIDATE,0.7090,5623.00,2.1090,0.569
,3.495457889,2051.0,84.49,1.5720,FALSE POSITIVE,0.0000,8529.00,1.5580,0.965
,5.8229815,914.0,1.36,0.8970,CANDIDATE,0.4520,5704.00,0.8040,0.395
,4.01668015,1016.0,22.11,0.7210,FALSE POSITIVE,0.0000,5448.00,0.7940,0.911
,1.89134156,1673.0,0.99,1.1450,FALSE POSITIVE,0.0000,6387.00,1.1050,0.739
,2.881100027,2946.0,446.29,1.9570,FALSE POSITIVE,0.0000,8104.00,3.3690,0.829
,0.806277023,2046.0,0.89,1.0700,FALSE POSITIVE,0.0000,6122.00,0.9960,0.697
,0.513482156,2072.0,0.83,0.8870,FALSE POSITIVE,0.0000,5495.00,0.8820,0.004
,225.66716,331.0,1.94,1.0830,FALSE POSITIVE,,6363.00,1.0350,0.3037
,4.24748886,1079.0,1.01,1.0360,FALSE POSITIVE,0.0010,5807.00,0.9220,0.242
,1.000012952,2858.0,2.12,1.6210,FALSE POSITIVE,0.0020,5176.00,3.6050,0.097
,0.878803439,1347.0,51.97,0.7270,FALSE POSITIVE,0.0000,4524.00,0.7370,0.467
,1.560158562,1223.0,45.91,0.7240,FALSE POSITIVE,0.0000,4926.00,0.7490,0.712
,34.188302705,660.0,74.5,0.8980,FALSE POSITIVE,0.0000,5757.00,1.3450,0.957
,8.65303996,764.0,1.88,0.8690,FALSE POSITIVE,0.0000,5301.00,0.8400,0.369
,8.65311903,493.0,0.85,0.5590,FALSE POSITIVE,0.0000,3929.00,0.5500,0.701
,12.4253812,823.0,1.14,1.0700,FALSE POSITIVE,,5925.00,1.0660,0.1583
,12.42555999,599.0,4.72,0.6810,FALSE POSITIVE,,4922.00,0.7040,0.9066
,12.4257442,1551.0,8.43,2.0690,FALSE POSITIVE,0.0000,8691.00,2.1930,0.963
,12.4254241,755.0,2.17,0.9900,FALSE POSITIVE,0.0000,5853.00,0.8950,0.938
,2.991884392,1486.0,40.11,1.0980,FALSE POSITIVE,0.0000,6596.00,1.0940,0.496
,1.795273026,1642.0,55.26,1.0650,FALSE POSITIVE,0.0000,6363.00,1.0120,0.935
,0.755109271,1961.0,0.47,0.8290,FALSE POSITIVE,,5606.00,0.9620,0.4041
,0.755101141,680.0,0.19,0.1840,FALSE POSITIVE,0.0000,3256.00,0.2070,0.523
,1.75251585,1447.0,1.02,0.9320,FALSE POSITIVE,0.0000,5952.00,0.8440,0.738
,1.752450163,1552.0,0.79,0.8270,FALSE POSITIVE,0.0000,5779.00,0.9900,0.728
,8.27923132,815.0,1.08,0.9460,FALSE POSITIVE,0.0000,5631.00,0.8470,0.187
,2.212877035,1507.0,69.18,0.9270,FALSE POSITIVE,0.0000,6153.00,1.0000,0.518
,0.845097627,1584.0,0.78,0.8960,FALSE POSITIVE,0.0010,5252.00,0.7830,0.717
,17.445640466,682.0,63.46,0.9840,FALSE POSITIVE,0.0000,5759.00,0.9450,0.588
,14.313157391,1144.0,34.98,1.0410,FALSE POSITIVE,0.0000,5750.00,2.3790,0.004
,0.676990194,1919.0,37.5,0.9030,FALSE POSITIVE,0.0000,5813.00,0.8160,1.223
,0.515875396,3189.0,7.22,1.3200,FALSE POSITIVE,,7229.00,1.3800,0.95
,2.83401711,1381.0,0.93,1.0450,FALSE POSITIVE,,6247.00,1.0020,0.2794
,0.566803996,1350.0,0.64,0.5690,FALSE POSITIVE,0.0000,4373.00,0.5440,0.123
,0.56681118,,,,FALSE POSITIVE,,,,
,0.566799927,1649.0,0.77,0.7120,FALSE POSITIVE,0.0000,5092.00,0.6450,0.188
,0.566786121,1984.0,0.79,0.9410,FALSE POSITIVE,0.0000,5603.00,0.8460,0.591
,0.56679797,1799.0,0.65,0.8730,FALSE POSITIVE,0.0000,5230.00,0.7770,0.176
,0.566802891,3111.0,1.29,1.3430,FALSE POSITIVE,0.0000,6487.00,1.7480,0.628
,0.576732089,1537.0,0.43,0.7070,CANDIDATE,0.9970,4524.00,0.7170,0.518
,1.01884975,1754.0,0.47,0.9260,FALSE POSITIVE,,6068.00,0.8290,0.2737
,10.9279755,834.0,0.81,1.0380,CANDIDATE,,6045.00,0.9550,0.0956
,32.440339204,448.0,44.56,0.6680,FALSE POSITIVE,0.0000,5081.00,0.6960,0.645
,0.552141897,2206.0,10.04,0.9130,FALSE POSITIVE,,5952.00,0.9040,1.091
,2.62387291,1790.0,74.23,1.2570,FALSE POSITIVE,0.0000,6728.00,1.4600,0.49
,0.75509861,2359.0,60.74,0.8640,FALSE POSITIVE,0.0000,6038.00,1.2130,1.091
,3.671661096,1967.0,105.82,1.4360,FALSE POSITIVE,0.0000,7343.00,1.9400,0.923
,22.673145675,684.0,30.92,0.9010,FALSE POSITIVE,0.0000,5619.00,1.1530,0.605
,0.50948306,3024.0,1.22,0.8690,FALSE POSITIVE,,6344.00,1.3900,0.3535
,17.329965871,548.0,42.58,0.6590,FALSE POSITIVE,0.0000,5079.00,0.6830,0.705
,1.890227354,1236.0,42.05,0.8720,FALSE POSITIVE,0.0000,5356.00,0.7800,0.957
,1.387206724,2619.0,103.41,1.4990,FALSE POSITIVE,0.0000,7207.00,1.8940,0.856
,1.38718209,1707.0,0.68,1.0700,FALSE POSITIVE,0.0000,6122.00,0.9960,0.28
,35.026564845,489.0,34.88,0.9070,FALSE POSITIVE,0.0000,5546.00,0.8100,0.777
,7.918267,953.0,0.93,0.9850,CANDIDATE,0.9990,5966.00,1.0160,0.219
,3.138580493,1281.0,59.24,0.8760,FALSE POSITIVE,0.0000,5593.00,1.0830,0.619
,9.26147679,,,,FALSE POSITIVE,,,,
,581.0723,639.0,161858,3.3190,FALSE POSITIVE,,5026.00,16.8910,88.7243
,10.2170589,929.0,1.17,0.9800,CANDIDATE,0.7910,6211.00,1.0540,0.132
,3.50474265,2689.0,200.24,2.0680,FALSE POSITIVE,0.0000,7624.00,3.6820,1.049
,2.14344093,1033.0,28.69,0.7670,FALSE POSITIVE,0.0000,4817.00,0.7000,0.686
,86.95432088,,,,CANDIDATE,,,,
,9.058487716,547.0,20.51,0.5610,FALSE POSITIVE,0.0000,4340.00,0.5730,0.213
,2.856085147,1739.0,88.52,1.2830,FALSE POSITIVE,0.0000,6604.00,1.5260,0.841
,0.876941133,1938.0,0.85,1.0580,FALSE POSITIVE,0.0000,6018.00,0.9750,0.386
,39.238141571,656.0,90.93,1.2480,FALSE POSITIVE,0.0000,6599.00,1.2340,0.459
,53.7406575,398.0,25.44,0.7480,FALSE POSITIVE,0.0000,5288.00,0.7370,0.386
,7.436016459,968.0,31.39,1.0050,FALSE POSITIVE,0.0000,6214.00,0.9330,0.433
,0.750737313,1603.0,0.48,0.8740,FALSE POSITIVE,0.0000,5151.00,0.7610,0.463
,27.5837778,1330.0,11.03,2.0120,CANDIDATE,,5092.00,7.9130,0.0221
,14.361021578,594.0,45.9,0.6590,FALSE POSITIVE,0.0000,5229.00,0.6680,0.003
,2.570431263,1411.0,50.18,1.0210,FALSE POSITIVE,0.0000,6244.00,0.9710,1.054
,6.64024496,1114.0,74.4,1.0550,FALSE POSITIVE,0.0000,6085.00,1.2150,0.756
,14.844240386,810.0,28.97,0.8290,FALSE POSITIVE,0.0000,6161.00,0.9880,0.275
,4.42158021,2565.0,188.89,1.9500,FALSE POSITIVE,0.0000,8026.00,3.4610,1.146
,25.321698729,655.0,56.62,1.0990,FALSE POSITIVE,0.0000,6109.00,1.0290,0.954
,3.14735789,2209.0,3.45,1.9920,CANDIDATE,1.0000,5189.00,4.9300,0.03
,37.878483588,503.0,46.42,0.8460,FALSE POSITIVE,0.0000,5985.00,0.7580,0.763
,10.116144515,549.0,17.21,0.5360,FALSE POSITIVE,0.0000,4717.00,0.5190,0.879
,0.684496369,2913.0,1.12,1.1290,FALSE POSITIVE,0.0000,5800.00,2.0530,0.501
,1.953285321,2927.0,151.56,1.7820,FALSE POSITIVE,0.0000,6450.00,3.9280,1.312
,1.012174295,2737.0,114.4,1.3430,FALSE POSITIVE,0.0000,6987.00,1.7160,0.596
,2.61090223,1323.0,1.8,0.9260,CANDIDATE,0.7630,5514.00,1.0710,0.813
,17.6637979,1178.0,2.98,1.6480,CANDIDATE,0.9130,5734.00,3.4050,0.695
,4.02664625,1318.0,0.68,1.2300,CANDIDATE,0.9930,6187.00,1.2380,0.094
,5.1777226,1050.0,0.63,1.0300,CANDIDATE,,5854.00,0.9790,0.025
,9.48814747,856.0,0.73,0.9780,CANDIDATE,,5680.00,1.0160,0.5693
,5.06993245,1053.0,0.92,1.0260,CANDIDATE,,5957.00,0.9370,0.3584
,346.36642,314.0,1.57,1.0890,FALSE POSITIVE,,6327.00,1.2590,0.45
,0.51554111,,,,FALSE POSITIVE,,,,
,0.892061734,1724.0,46.75,0.8660,FALSE POSITIVE,0.0000,5561.00,0.8550,1.079
,3.471399214,1558.0,89.62,1.3150,FALSE POSITIVE,0.0000,6026.00,1.6890,1.014
,4.176929219,938.0,31.35,0.7990,FALSE POSITIVE,0.0000,5462.00,0.7080,0.984
,6.3762199,,,,FALSE POSITIVE,0.0000,,,
,9.78184193,,,,CANDIDATE,,,,
,8.1770751,1115.0,0.83,1.0170,CANDIDATE,0.9840,6501.00,1.2090,0.456
,569.45051,225.0,1.96,1.0250,CANDIDATE,0.0000,6117.00,0.9470,0.001
,0.823014905,1482.0,22.17,0.8180,FALSE POSITIVE,0.0000,4975.00,0.7240,1.247
,0.796815149,5480.0,10.23,1.9350,FALSE POSITIVE,0.0000,4897.00,13.4990,0.524
,26.951237675,1082.0,146.33,1.5400,FALSE POSITIVE,0.0000,6675.00,2.7470,1.04
,18.11208877,1068.0,96.62,1.5870,FALSE POSITIVE,0.0000,7323.00,1.7220,0.982
,4.84505985,723.0,1.54,0.7090,CANDIDATE,1.0000,4337.00,0.7140,0.903
,4.408295716,942.0,35.68,0.8250,FALSE POSITIVE,0.0000,5496.00,0.7430,1.159
,8.665259912,1378.0,82.42,1.3010,FALSE POSITIVE,0.0000,6071.00,2.3890,1.269
,4.726086185,1032.0,41.38,0.9540,FALSE POSITIVE,0.0000,5873.00,0.8630,0.651
,8.643550046,779.0,38.21,0.8490,FALSE POSITIVE,0.0000,5679.00,0.7470,1.076
,623.70774,258.0,1.81,1.0390,CANDIDATE,0.1130,6626.00,1.1320,0.003
,1.51945182,1901.0,0.5,1.1050,FALSE POSITIVE,0.0000,6168.00,1.3070,0.599
,0.759755409,2121.0,0.91,1.1730,FALSE POSITIVE,0.0000,6090.00,1.0710,0.455
,5.082523739,1266.0,61.88,1.0490,FALSE POSITIVE,0.0000,6507.00,1.1450,0.269
,1.02547271,2657.0,0.94,1.3950,FALSE POSITIVE,0.0000,6862.00,1.7120,0.651
,1.025465924,2710.0,106.84,1.4240,FALSE POSITIVE,0.0000,6700.00,1.8830,0.88
,74.985292949,425.0,49.22,0.9990,FALSE POSITIVE,0.0000,5955.00,0.9100,0.987
,10.95210361,,,,CANDIDATE,,,,
,25.762056721,604.0,74.87,0.9500,FALSE POSITIVE,0.0000,5539.00,1.0270,0.445
,2.70581614,1356.0,0.69,0.8840,CANDIDATE,,5992.00,0.9610,0.6199
,1.195516859,1715.0,75.54,1.0000,FALSE POSITIVE,0.0000,5780.00,1.0000,0.327
,1.995728294,1409.0,45.2,0.7710,FALSE POSITIVE,0.0000,5807.00,0.8610,0.465
,10.768391927,970.0,52.8,0.9210,FALSE POSITIVE,0.0000,5226.00,1.6430,0.001
,3.84615171,1199.0,1.14,1.0430,CANDIDATE,0.9980,6106.00,0.9660,0.153
,0.733724504,2601.0,0.96,0.9040,FALSE POSITIVE,0.0000,6175.00,1.4050,0.257
,1.28940823,3112.0,2.48,1.8650,CANDIDATE,0.8890,5826.00,4.1890,0.628
,498.27269,214.0,2.12,1.0330,CANDIDATE,,5618.00,0.9320,0.0481
,5.08840787,937.0,55.3,0.8840,FALSE POSITIVE,0.0000,5618.00,0.7910,0.513
,18.527824075,1080.0,64.66,1.2190,FALSE POSITIVE,0.0000,6154.00,2.3210,0.171
,12.155241119,788.0,34.62,0.8210,FALSE POSITIVE,0.0000,5761.00,0.9320,0.825
,11.0495766,738.0,0.83,0.7820,CANDIDATE,,5533.00,0.8190,0.218
Kepler-1646 b,4.48559215,365.0,0.95,0.1690,CONFIRMED,1.0000,3236.00,0.1930,0.442
,0.566789763,1984.0,0.4,0.8360,FALSE POSITIVE,,5799.00,0.7580,0.6376
,0.566811926,2293.0,0.91,0.9650,FALSE POSITIVE,0.0000,6165.00,0.9420,0.681
,2.525386934,1701.0,67.24,1.2110,FALSE POSITIVE,0.0000,6826.00,1.2330,0.934
,0.566801506,2557.0,0.62,1.0230,FALSE POSITIVE,0.0000,6398.00,1.1110,0.369
,0.566803738,2450.0,1.13,1.0280,FALSE POSITIVE,,6300.00,1.0570,0.6755
,1.69421771,1274.0,0.74,0.7310,FALSE POSITIVE,0.0570,5402.00,0.7170,0.734
,13.8086331,659.0,1.09,0.7820,CANDIDATE,0.9450,5515.00,0.7610,0.029
,4.25907841,1253.0,0.7,0.9420,CANDIDATE,0.9940,5560.00,1.3160,0.362
,2.739477089,1475.0,50.48,1.0950,FALSE POSITIVE,0.0000,6469.00,1.0560,1.189
,1.307761491,1298.0,29.17,0.6510,FALSE POSITIVE,0.0000,5112.00,0.6730,1.237
,4.028671454,1492.0,52.42,1.2520,FALSE POSITIVE,0.0000,6327.00,1.5280,0.294
,2.30118753,2783.0,140.23,1.9060,FALSE POSITIVE,0.0020,7970.00,2.6520,1.033
,0.449249224,2941.0,95.83,1.0650,FALSE POSITIVE,0.0000,6338.00,1.2990,0.494
,0.687004402,3535.0,2.89,1.3850,FALSE POSITIVE,0.0000,6240.00,2.8030,0.689
,0.91839938,1558.0,1,0.8280,FALSE POSITIVE,0.0000,5222.00,0.7950,0.519
,64.1983721,506.0,1.74,0.9010,CANDIDATE,,6088.00,1.0770,0.347
,0.94356284,3176.0,0.76,1.7370,FALSE POSITIVE,0.0000,7693.00,1.9840,0.569
,2.243569483,1364.0,21.11,0.7860,FALSE POSITIVE,0.6580,6081.00,0.8010,0.381
,8.258181993,809.0,58.19,0.8020,FALSE POSITIVE,0.0000,5306.00,0.8880,0.61
,82.78482,501.0,2.16,1.0590,CANDIDATE,0.7420,5749.00,1.4800,0.682
,1.81139053,1466.0,14.47,1.0010,FALSE POSITIVE,0.0000,5941.00,0.9110,1.137
,2.4376438,1686.0,0.79,1.1180,CANDIDATE,0.9340,5927.00,1.5300,0.112
,0.721522907,1475.0,11.04,0.6140,CANDIDATE,0.7050,4893.00,0.6250,0.831
,7.09520543,813.0,50.23,0.8710,FALSE POSITIVE,0.0000,5481.00,0.7780,0.778
,0.651731691,2604.0,71.9,0.8900,FALSE POSITIVE,0.0000,5791.00,1.4720,1.255
,0.50818743,3274.0,1.26,1.5580,FALSE POSITIVE,0.0000,7141.00,1.5600,0.779
,2.73398963,,,,FALSE POSITIVE,0.0000,,,
,19.1644498,988.0,1.83,1.3190,CANDIDATE,0.2740,5877.00,2.2340,0.525
,40.069674617,588.0,27.38,1.1120,FALSE POSITIVE,0.0000,5911.00,1.2070,0.767
,55.884827,438.0,2.11,0.9630,FALSE POSITIVE,0.0250,5668.00,0.8680,0.752
,3.75938475,1677.0,3.1,0.8680,FALSE POSITIVE,,4976.00,2.6380,0.505
,10.6840477,444.0,26.43,0.5530,FALSE POSITIVE,0.0000,3887.00,0.5230,1.012
,2.00280845,,,,FALSE POSITIVE,0.0000,,,
,10.67459836,1083.0,68.58,1.3120,FALSE POSITIVE,0.0000,6496.00,1.4850,1.255
,2.305097141,2753.0,89.22,2.1060,FALSE POSITIVE,0.0000,8851.00,2.1780,1.286
,0.974477904,5205.0,618.37,3.5120,FALSE POSITIVE,0.0000,5210.00,15.0040,1.252
,18.525917446,618.0,64.42,0.9780,FALSE POSITIVE,0.0000,5492.00,0.8870,0.415
,4.15736472,931.0,1.09,0.8060,CANDIDATE,0.9430,5183.00,0.7820,0.226
,0.502454299,2336.0,43.95,0.9320,FALSE POSITIVE,0.0000,6134.00,0.9010,1.17
,27.308150159,523.0,47.06,0.7470,FALSE POSITIVE,0.0000,5541.00,0.7390,0.167
,1.262742487,2548.0,134.45,1.5110,FALSE POSITIVE,0.0000,5273.00,3.1500,1.213
,0.59586463,,,,FALSE POSITIVE,0.0000,,,
,1.222127938,1470.0,30.32,0.8060,FALSE POSITIVE,0.0000,5157.00,0.8700,1.258
,8.627475562,1446.0,188.55,1.7950,FALSE POSITIVE,0.0000,5146.00,4.0630,1.141
,0.589753355,1760.0,1.03,0.7590,FALSE POSITIVE,0.0000,5414.00,0.6780,0.318
,2.751566365,1171.0,42.98,0.8510,FALSE POSITIVE,0.0000,5461.00,0.8610,1.041
,0.760935268,1285.0,35.68,0.5230,FALSE POSITIVE,0.0000,4675.00,0.5110,0.527
,2.012094,1523.0,0.99,0.9730,CANDIDATE,0.9350,5633.00,1.1620,0.066
,1.33258772,1825.0,1.13,0.9630,FALSE POSITIVE,0.0000,5576.00,1.2890,0.634
,9.4767057,841.0,1.38,1.0060,CANDIDATE,0.5530,5911.00,0.9140,0.003
,6.65171459,713.0,0.84,0.7590,CANDIDATE,1.0000,4889.00,0.6860,0.408
,208.54335,321.0,2.84,0.9340,CANDIDATE,0.8140,5533.00,1.1660,0.001
,17.7189786,713.0,1.44,0.9380,CANDIDATE,0.9970,5566.00,1.0990,0.05
,5.0395851,1067.0,0.78,0.8840,CANDIDATE,,5912.00,0.9240,0.1968
,7.64370363,1334.0,1.85,1.2510,CANDIDATE,0.8660,6120.00,2.0000,0.785
,1.353414369,3617.0,216.31,1.9690,FALSE POSITIVE,0.0000,4850.00,8.5860,1.202
,2.9590637,1564.0,0.65,0.9990,FALSE POSITIVE,,6192.00,1.3220,0.2957
,1.806631432,1059.0,1.05,0.6960,FALSE POSITIVE,0.0000,4606.00,0.6990,0.536
,15.066491533,932.0,88.56,1.0280,FALSE POSITIVE,0.0000,5751.00,1.6260,0.988
,1.831829703,2078.0,49.38,0.8060,FALSE POSITIVE,0.0000,5269.00,2.1830,0.788
,0.738527259,2978.0,49.08,1.3020,FALSE POSITIVE,0.0000,5869.00,2.3130,1.171
,0.89627093,1733.0,43.47,0.8420,FALSE POSITIVE,0.0000,5551.00,0.8610,1.062
,5.11683678,1039.0,1.16,0.9990,CANDIDATE,0.8800,5955.00,0.9100,0.286
,1.06100327,1793.0,0.94,1.0490,FALSE POSITIVE,,5966.00,0.9610,0.0834
,0.922030594,2194.0,49.63,1.1780,FALSE POSITIVE,0.0000,6484.00,1.1530,1.242
,611.09299,215.0,1.53,1.0140,FALSE POSITIVE,,6032.00,0.9290,0.2171
,24.714790706,901.0,112.24,1.2140,FALSE POSITIVE,0.0000,6300.00,1.8620,0.781
,16.1191449,619.0,1.34,0.7290,CANDIDATE,,5319.00,0.7830,0.6704
,3.6329347,,,,FALSE POSITIVE,0.0000,,,
,1.161947482,2174.0,68.69,1.2420,FALSE POSITIVE,0.0000,6225.00,1.4570,0.815
,0.607191908,1759.0,12.44,0.6490,FALSE POSITIVE,0.0000,5370.00,0.6710,0.917
,2.2502073,3637.0,19.94,1.4670,FALSE POSITIVE,0.0000,4507.00,12.7870,0.268
,17.9925973,748.0,1.62,0.9670,CANDIDATE,0.9680,5931.00,1.0870,0.678
,0.648775795,1714.0,41.58,0.7960,FALSE POSITIVE,0.0000,5143.00,0.7760,0.961
,4.132521615,1628.0,93.1,1.0840,FALSE POSITIVE,0.0040,6567.00,1.6360,0.877
,410.88527,774.0,200346,2.7250,FALSE POSITIVE,,5015.00,18.4890,100.196
,74.371666,767.0,2.39,0.9830,CANDIDATE,,6865.00,2.2110,0.6894
,0.938905082,4281.0,205.64,2.0020,FALSE POSITIVE,0.0000,8615.00,3.0030,0.54
,0.93891532,2667.0,1.13,1.3950,FALSE POSITIVE,0.0000,6534.00,1.7970,0.069
,16.294213708,929.0,68.05,1.1560,FALSE POSITIVE,0.0000,6237.00,1.5080,0.612
,11.02520205,1294.0,164.02,1.0210,FALSE POSITIVE,0.0000,6047.00,2.3000,0.439
,10.819169459,850.0,67.76,0.9610,FALSE POSITIVE,0.0000,5955.00,0.9910,0.275
,2.680514453,1431.0,48.86,0.9580,FALSE POSITIVE,0.0000,6038.00,1.0760,0.359
,19.164111,519.0,1.11,0.7470,CANDIDATE,0.6460,5103.00,0.6740,0.805
,1.053573674,4319.0,299.87,2.1720,FALSE POSITIVE,0.0000,5838.00,7.3850,1.308
,0.970085646,5119.0,18.65,1.9740,FALSE POSITIVE,0.0000,4555.00,15.6300,0.035
,63.52017525,745.0,77.1,1.6690,FALSE POSITIVE,0.0000,4938.00,4.3300,0.375
,11.300987626,1019.0,97.12,1.1180,FALSE POSITIVE,0.0000,6143.00,1.4480,0.606
,0.92098747,,,,FALSE POSITIVE,0.0000,,,
,2.182515126,2703.0,128.15,1.8560,FALSE POSITIVE,0.0000,8051.00,2.3470,0.968
,2.659418888,1352.0,61.52,1.0000,FALSE POSITIVE,0.0000,6156.00,0.9320,0.634
,2.31610674,1559.0,0.7,1.0360,FALSE POSITIVE,0.0000,6025.00,1.1930,0.404
,13.5164708,645.0,0.88,0.8110,CANDIDATE,,5442.00,0.7470,0.1593
,0.948683571,1665.0,1.12,0.9530,FALSE POSITIVE,0.0860,5576.00,0.8520,0.691
,1.65546056,1331.0,0.9,0.9200,FALSE POSITIVE,0.0000,5438.00,0.8200,0.109
,1.655472351,2546.0,125.25,1.2470,FALSE POSITIVE,0.0000,6725.00,2.1710,0.836
,4.50279037,,,,FALSE POSITIVE,0.0000,,,
,1.759276227,1861.0,40.79,1.2480,FALSE POSITIVE,0.0000,6656.00,1.2320,1.026
,1.09206792,1320.0,0.74,0.7930,FALSE POSITIVE,0.0000,4856.00,0.7280,0.378
,4.83014159,1039.0,1.3,0.9430,CANDIDATE,0.7800,5693.00,0.9390,0.034
,2.41194057,1654.0,1.35,1.0280,CANDIDATE,0.9990,5598.00,1.5940,0.579
,1.613014741,3145.0,157.33,1.9300,FALSE POSITIVE,0.0000,7832.00,2.7790,0.882
,6.2089181,1378.0,9.2,1.0210,FALSE POSITIVE,,5548.00,2.1130,0.6977
,0.77996263,2607.0,0.83,1.0410,FALSE POSITIVE,,6002.00,1.6290,0.0723
,0.800263219,1240.0,0.77,0.5740,CANDIDATE,0.9370,4336.00,0.5900,0.16
,18.646323091,1194.0,213.31,1.5360,FALSE POSITIVE,0.0000,5786.00,3.4780,0.742
,441.17369,217.0,2.27,0.9530,CANDIDATE,,5610.00,0.8580,0.3151
,3.6673005,627.0,0.62,0.5250,FALSE POSITIVE,,3823.00,0.5190,0.1985
,3.044771557,2816.0,231.93,2.0390,FALSE POSITIVE,0.0000,8199.00,3.1630,0.295
,0.773144492,2860.0,107.13,1.4530,FALSE POSITIVE,0.0000,6413.00,1.9100,0.694
,2.66811113,1792.0,1.53,1.3020,FALSE POSITIVE,,6593.00,1.5610,0.9911
,50.440285363,673.0,51.5,1.0800,FALSE POSITIVE,0.0000,6225.00,1.6460,0.658
,3.255385289,1236.0,40.58,0.9230,FALSE POSITIVE,0.0000,5806.00,0.9750,0.523
,7.4185369,1963.0,0.81,2.3030,FALSE POSITIVE,,9763.00,2.0450,0.053
,15.68434493,1136.0,56.23,1.3550,FALSE POSITIVE,0.0000,6407.00,2.1910,1.206
,5.357409918,1492.0,124.05,0.9930,FALSE POSITIVE,0.0000,5768.00,2.0570,0.804
,1.400991827,2468.0,98.13,1.4360,FALSE POSITIVE,0.0000,6706.00,1.9240,1.093
,19.2532128,692.0,1.42,1.0360,CANDIDATE,0.9980,6060.00,0.9530,0.247
,1.34062901,1678.0,0.82,1.0380,FALSE POSITIVE,0.0000,6045.00,0.9550,0.531
,14.1011023,904.0,1.26,1.2190,CANDIDATE,0.7630,6534.00,1.1990,0.071
,7.448375935,871.0,34.37,0.8460,FALSE POSITIVE,0.0000,5636.00,0.8670,0.35
,0.533628226,3885.0,2.41,1.3920,FALSE POSITIVE,,7163.00,2.1770,0.9385
,0.678137665,2274.0,30.37,0.9100,FALSE POSITIVE,0.0000,6429.00,0.9420,1.263
,2.069415479,1768.0,55.45,1.2610,FALSE POSITIVE,0.0000,6640.00,1.2500,1.241
,1.817079849,1454.0,1.39,1.0770,CANDIDATE,0.9100,5808.00,0.9630,0.276
,8.04963472,1247.0,95.98,1.1970,FALSE POSITIVE,0.0000,6698.00,1.4850,0.671
,11.578946873,869.0,58.32,0.8490,FALSE POSITIVE,0.0000,6028.00,1.0140,0.441
,1.47258471,2705.0,123.25,1.5210,FALSE POSITIVE,0.0000,7360.00,2.0240,0.75
,5.15998178,574.0,19.07,0.5550,CANDIDATE,1.0000,3900.00,0.5340,1.306
,4.446459958,1030.0,36.15,0.9290,FALSE POSITIVE,0.0000,5615.00,0.8930,1.277
,23.3787733,694.0,0.92,1.0700,CANDIDATE,,6210.00,1.0540,0.2093
,15.09984259,576.0,4.11,0.6350,CANDIDATE,,5191.00,0.6500,0.9711
,8.207257515,650.0,46.82,0.6100,FALSE POSITIVE,0.0000,4859.00,0.6210,0.596
,498.68845,246.0,2.44,1.1000,FALSE POSITIVE,,6184.00,1.0380,0.1119
,1.22775105,1094.0,1,0.5900,FALSE POSITIVE,0.0000,4551.00,0.5600,0.262
,15.3416245,605.0,1.3,0.7710,CANDIDATE,,5061.00,0.8140,0.0481
,21.980467,625.0,0.92,0.8370,CANDIDATE,0.3470,5573.00,0.9360,0.417
,7.214721393,630.0,16.79,0.5520,FALSE POSITIVE,0.0000,4705.00,0.5520,0.898
Kepler-445 d,8.15275885,305.0,2.44,0.1690,CONFIRMED,,3327.00,0.1890,0.461
,3.18740907,919.0,0.81,0.7230,FALSE POSITIVE,0.0000,4808.00,0.7150,0.144
,10.23273611,,,,FALSE POSITIVE,0.0000,,,
,0.962815183,3152.0,1.12,1.3490,FALSE POSITIVE,,6638.00,2.4450,0.0916
,7.23524221,948.0,0.82,0.9330,CANDIDATE,0.7900,5574.00,1.0650,0.182
,10.72900793,722.0,1.78,0.9720,CANDIDATE,,5375.00,0.8760,0.2652
,8.19619768,851.0,1.55,0.8620,CANDIDATE,0.4090,5323.00,0.9950,0.781
,5.215752,1156.0,0.83,1.2130,CANDIDATE,0.9960,6202.00,1.1220,0.729
,0.696290095,1969.0,12.63,0.9580,FALSE POSITIVE,0.0000,5904.00,0.8670,1.123
,10.0714369,1362.0,1.98,1.2360,CANDIDATE,0.9680,5768.00,2.8100,0.006
,0.62240698,2663.0,1.63,1.3300,FALSE POSITIVE,,6661.00,1.2900,0.0908
,4.37198905,1085.0,0.93,0.9510,CANDIDATE,1.0000,5823.00,0.9190,0.177
,6.72876606,940.0,1.03,0.9510,CANDIDATE,,5823.00,0.9190,0.5757
,24.09002065,551.0,9.39,0.7370,FALSE POSITIVE,0.0000,5354.00,0.8040,0.946
,4.4158933,1138.0,1.42,1.1330,FALSE POSITIVE,,5977.00,1.0220,0.1672
,3.09383248,998.0,1.32,0.7720,CANDIDATE,0.1840,5327.00,0.6810,0.356
,2.666961614,1469.0,40.68,1.0730,FALSE POSITIVE,0.0000,6609.00,0.9740,1.276
,1.17430183,3020.0,2.22,1.7030,FALSE POSITIVE,,7537.00,2.1450,0.9744
,14.05652256,,,,CANDIDATE,,,,
,15.039464523,877.0,51.71,1.0770,FALSE POSITIVE,0.0000,6410.00,1.1780,0.998
,3.693951168,1148.0,20.88,0.9700,FALSE POSITIVE,0.0000,5968.00,0.8810,0.917
,1.05680287,1633.0,0.83,0.9740,FALSE POSITIVE,0.0000,5584.00,0.8850,0.563
,0.787122102,1655.0,20.76,0.7860,FALSE POSITIVE,0.0000,5210.00,0.7990,1.211
,2.15045295,4340.0,24.27,3.0500,FALSE POSITIVE,,4899.00,18.9200,0.3604
,0.561524348,2050.0,0.43,0.6600,FALSE POSITIVE,,5919.00,0.7150,0.4172
,315.07717192,,,,CANDIDATE,,,,
,1.21607873,2803.0,1.92,1.2550,FALSE POSITIVE,0.0000,6234.00,2.5000,0.991
,38.49536985,824.0,124.34,1.3320,FALSE POSITIVE,0.0000,6050.00,2.3450,1.013
,4.18224416,1206.0,1.07,0.8960,FALSE POSITIVE,0.0000,6057.00,0.9990,0.99
,0.643002821,2188.0,36.82,0.8070,FALSE POSITIVE,0.0000,5681.00,1.0360,1.261
,1.95119541,1050.0,0.47,0.6890,FALSE POSITIVE,,4936.00,0.6280,0.1533
,53.220416998,655.0,55.22,1.2400,FALSE POSITIVE,0.0000,5653.00,2.0570,0.248
,8.0018897,864.0,0.9,0.9700,CANDIDATE,0.8520,5830.00,0.8760,0.442
,383.85362,314.0,2.78,1.3360,CANDIDATE,,6675.00,1.2930,0.5927
,2.564012541,1720.0,7.27,1.0240,CANDIDATE,1.0000,6274.00,1.4280,0.166
,0.71538172,,,,FALSE POSITIVE,0.0000,,,
,2.264471713,2103.0,102.12,1.1550,FALSE POSITIVE,0.0000,6782.00,1.7520,0.81
,18.3602239,637.0,2.04,0.9480,FALSE POSITIVE,,5713.00,0.8560,0.1819
,5.21395046,1201.0,1.24,0.9650,CANDIDATE,0.7880,5529.00,1.4120,0.195
,24.996068,604.0,2.4,1.0350,CANDIDATE,0.2670,5761.00,0.9560,0.409
,8.9429645,536.0,0.89,0.5820,CANDIDATE,1.0000,4183.00,0.5940,0.088
,281.509095,685.0,85.77,1.7910,FALSE POSITIVE,0.0350,4797.00,10.7090,0.626
,2.405625303,1180.0,1.11,0.9390,CANDIDATE,1.0000,5450.00,0.8300,0.467
,3.258249472,2057.0,79.23,1.4670,FALSE POSITIVE,0.0000,6712.00,2.3610,1.264
,552.8295063,229.0,56.89,0.7970,FALSE POSITIVE,0.0000,5956.00,0.9290,0.653
,0.773595312,1976.0,0.96,1.0240,FALSE POSITIVE,0.0000,5973.00,0.9350,0.612
,0.7735301,2474.0,1.87,1.0930,CANDIDATE,1.0000,6296.00,1.3500,0.336
,533.6593,205.0,1.92,0.9230,FALSE POSITIVE,,5695.00,0.8390,0.1083
,2.42186898,,,,CANDIDATE,,,,
,44.827323809,779.0,429,1.4500,FALSE POSITIVE,0.0000,5160.00,3.2790,1.494
,7.535894184,642.0,24.64,0.5740,FALSE POSITIVE,0.0000,4969.00,0.5370,0.644
,0.562498925,2129.0,2.88,0.8680,FALSE POSITIVE,0.0000,5638.00,0.9330,0.971
,0.755049082,1551.0,30.47,0.6160,FALSE POSITIVE,0.0000,5242.00,0.6220,1.225
,1.012694226,2230.0,42.51,1.0850,FALSE POSITIVE,0.0000,6487.00,1.2330,0.534
,10.303356001,787.0,69.66,0.7820,FALSE POSITIVE,0.0000,5497.00,0.9000,0.364
,2.214029545,1894.0,94.23,1.2830,FALSE POSITIVE,0.0000,6604.00,1.5260,0.371
,2.441988077,1993.0,90.39,1.1560,FALSE POSITIVE,0.0000,6078.00,2.0590,0.888
,2.44200193,1217.0,0.95,0.9520,FALSE POSITIVE,0.0000,5587.00,0.8510,0.124
Kepler-452 b,384.847556,220.0,1.09,0.8920,CONFIRMED,0.7710,5579.00,0.7980,0.059
,2.131225773,1555.0,35.68,0.9250,FALSE POSITIVE,0.0000,6181.00,1.0280,1.264
,0.839907158,1640.0,0.92,0.7970,CANDIDATE,1.0000,5120.00,0.8530,0.23
,1.219736039,2611.0,135.43,1.4490,FALSE POSITIVE,0.0000,7358.00,1.6370,0.229
,2.015152464,2107.0,132.05,1.4480,FALSE POSITIVE,0.0000,6988.00,1.6490,0.308
,0.82820657,1473.0,35.67,0.6380,FALSE POSITIVE,0.0000,5033.00,0.6550,0.94
,1.7613778,1824.0,2.32,1.1930,CANDIDATE,1.0000,6544.00,1.2070,0.159
,2.537081943,1712.0,67.96,1.2750,FALSE POSITIVE,0.0000,6735.00,1.3090,0.451
,14.443127448,1182.0,92.28,1.2830,FALSE POSITIVE,0.0000,5757.00,2.7360,0.98
,5.61386908,714.0,34.24,0.7010,FALSE POSITIVE,0.0000,4504.00,0.7090,1.07
,9.080194398,1013.0,76.4,1.1620,FALSE POSITIVE,0.0000,6461.00,1.1310,0.614
,9.93442075,679.0,34.03,0.7490,FALSE POSITIVE,0.0000,5382.00,0.6690,1.117
,2.071939672,1696.0,75.64,1.0140,FALSE POSITIVE,0.0000,6140.00,1.2540,0.806
,8.5893644,792.0,1.21,0.9130,FALSE POSITIVE,0.0000,5602.00,0.8170,0.791
,8.589644815,1412.0,140.07,1.1420,FALSE POSITIVE,0.0000,6331.00,2.1940,0.686
,11.7728146,788.0,0.93,0.8750,CANDIDATE,0.7690,5410.00,1.0560,0.407
,1.009671584,3287.0,125.31,1.7230,FALSE POSITIVE,0.0000,7652.00,2.2420,0.864
,2.46506501,1999.0,1.14,1.3560,CANDIDATE,,6881.00,1.7140,0.6323
,1.758599866,1101.0,1.6,0.7720,CANDIDATE,,4744.00,0.7250,0.035
,1.260575815,1410.0,29.91,0.7010,FALSE POSITIVE,0.4510,5388.00,0.7150,0.58
,1.88912273,1248.0,0.59,0.7860,FALSE POSITIVE,0.6700,5413.00,0.7540,0.477
,0.609125246,1896.0,0.96,0.8900,FALSE POSITIVE,0.0000,5595.00,0.7960,0.242
,14.1573717,778.0,1.1,1.0410,CANDIDATE,0.7000,6122.00,0.9640,0.138
,1.566528935,1551.0,49.66,0.8850,FALSE POSITIVE,0.0000,5883.00,0.9050,1.033
,4.52977632,2264.0,12.22,2.1640,FALSE POSITIVE,0.0000,8912.00,2.2990,0.968
,1.291964282,1249.0,10.97,0.6250,CANDIDATE,0.0000,4995.00,0.6380,0.461
,37.4646974,677.0,0.97,1.0600,CANDIDATE,0.3540,6266.00,1.3420,0.2
,4.32744048,1254.0,0.58,1.0360,FALSE POSITIVE,,5888.00,1.2270,0.2789
,11.57958162,,,,FALSE POSITIVE,,,,
,6.31915999,1369.0,1.04,1.1100,CANDIDATE,0.9780,6254.00,1.7060,0.575
,2.58393841,1470.0,0.77,1.0320,CANDIDATE,0.8830,6164.00,1.0900,0.229
,0.87630504,1911.0,22.24,0.0000,FALSE POSITIVE,0.1310,6032.00,0.9290,1.207
,6.5595368,1079.0,0.62,1.1000,CANDIDATE,0.9670,5950.00,1.1960,0.378
,31.5322987,461.0,0.74,0.8180,CANDIDATE,,5183.00,0.7390,0.0671
,14.7510068,629.0,1.7,0.8250,CANDIDATE,0.9780,5295.00,0.8000,0.75
,15.582794732,397.0,14,0.5490,FALSE POSITIVE,0.0000,3849.00,0.5460,0.759
,1.529283907,2550.0,2.26,1.2630,FALSE POSITIVE,0.7750,6438.00,2.2660,0.981
,2.908454772,1153.0,40.85,0.7020,FALSE POSITIVE,0.0000,5631.00,0.7640,1.113
,1.540396094,1576.0,48.81,1.0000,FALSE POSITIVE,0.0000,5780.00,1.0000,1.093
,1.540395674,2850.0,117.33,1.5020,FALSE POSITIVE,0.0000,7394.00,2.2830,1.072
,2.344138713,1797.0,2.43,1.0950,FALSE POSITIVE,0.0000,5313.00,2.0950,0.104
,0.91849333,2205.0,0.93,1.2600,FALSE POSITIVE,0.0000,6469.00,1.1930,0.276
,1.341078755,1968.0,41.8,1.1510,FALSE POSITIVE,0.0010,6368.00,1.2250,0.309
,316.950146,,,,FALSE POSITIVE,,,,
,589.74851,217.0,2.03,1.0190,FALSE POSITIVE,,6003.00,0.9320,0.3597
,235.2976173,585.0,82.92,1.0510,FALSE POSITIVE,,4894.00,5.5680,0.2758
,54.54312996,,,,CANDIDATE,,,,
,7.4539297,,,,FALSE POSITIVE,0.0000,,,
,36.136968,600.0,1.3,1.1020,FALSE POSITIVE,0.0000,6258.00,1.0460,0.296
,0.933746709,1893.0,0.36,0.8310,FALSE POSITIVE,0.0000,6302.00,0.8150,0.057
,0.93376738,1678.0,0.63,0.7640,FALSE POSITIVE,0.0000,5611.00,0.7870,0.714
,0.93374073,1371.0,0.84,0.7200,FALSE POSITIVE,0.0000,4753.00,0.7170,0.009
,0.93369659,1680.0,0.78,0.9270,FALSE POSITIVE,0.0000,5619.00,0.8380,0.57
,0.9337473,1625.0,0.6,0.8410,FALSE POSITIVE,0.0000,5649.00,0.7410,0.385
,677.35794,388.0,7.12,1.7740,FALSE POSITIVE,,6335.00,3.5230,0.8359
,4.0551242,2013.0,3.13,1.8060,FALSE POSITIVE,0.0000,7064.00,2.5310,0.008
,12.9284553,343.0,0.64,0.4010,CANDIDATE,,3578.00,0.3750,0.2446
,21.6817115,713.0,0.89,1.0840,FALSE POSITIVE,0.0000,6297.00,1.0310,0.27
,466.08101,305.0,2.13,1.1520,FALSE POSITIVE,,6098.00,1.5900,0.0964
,0.66573903,,,,FALSE POSITIVE,,,,
,4.02018903,1337.0,0.6,1.0390,CANDIDATE,1.0000,5788.00,1.3760,0.505
,3.796383639,1323.0,0.71,1.0640,FALSE POSITIVE,0.0000,6017.00,1.2100,0.649
,0.71059239,3318.0,3.92,1.6020,FALSE POSITIVE,,7454.00,1.8530,0.9638
,3.33930957,1205.0,1.2,1.0030,CANDIDATE,0.9890,5700.00,1.0060,0.934
,3.36379289,1840.0,44.77,1.3780,FALSE POSITIVE,0.0000,5947.00,2.4070,1.159
,4.29251656,1144.0,3.66,1.0550,CANDIDATE,0.8050,6032.00,0.9730,1.007
,4.98792404,485.0,0.73,0.4130,CANDIDATE,0.9970,3606.00,0.3950,0.069
,0.907818056,2012.0,0.55,1.0670,FALSE POSITIVE,0.0000,6210.00,1.0140,0.037
,297.71402,706.0,45.69,1.5870,FALSE POSITIVE,,4916.00,10.8010,0.8328
Kepler-1629 b,3.87594316,1081.0,0.68,1.0100,CONFIRMED,0.0000,5713.00,0.8930,0.025
,5.68325648,1257.0,0.97,0.8180,CANDIDATE,0.9810,6072.00,1.2860,0.844
,0.93373761,2073.0,1,0.9480,FALSE POSITIVE,0.0000,5534.00,1.3260,0.041
,0.687739345,2837.0,1.53,1.3320,FALSE POSITIVE,,6823.00,1.4930,0.4062
,9.524076544,1390.0,151,1.1120,FALSE POSITIVE,0.0000,5180.00,3.3710,0.313
,11.637858887,895.0,77.01,1.1050,FALSE POSITIVE,0.0000,6360.00,1.0580,0.473
,50.900813,,,,FALSE POSITIVE,,,,
,91.649983,568.0,2.27,1.3250,CANDIDATE,,6705.00,1.6080,0.2136
,541.742985,248.0,3.39,1.0940,CANDIDATE,0.0000,6373.00,1.0470,0.041
,14.5862195,702.0,1.17,0.8990,FALSE POSITIVE,,5904.00,0.8190,0.0133
,0.938074536,5718.0,417.01,1.6910,FALSE POSITIVE,0.0000,4697.00,17.0320,1.196
,0.698359996,1990.0,28.97,1.0350,FALSE POSITIVE,0.0000,5761.00,0.9560,1.247
,563.94854,209.0,2.55,0.9610,FALSE POSITIVE,,5853.00,0.8680,0.0504
,0.98376204,4203.0,12.44,1.9320,FALSE POSITIVE,0.0000,6431.00,5.2940,1.01
,2.403704619,3903.0,27.04,2.9360,FALSE POSITIVE,0.0000,6244.00,10.1050,1.007
,33.65766894,1211.0,78.44,0.8710,FALSE POSITIVE,0.0000,4774.00,6.4470,0.306
,44.113873,1158.0,4.9,2.0390,CANDIDATE,,7854.00,3.4620,0.032
,0.892988877,3285.0,2.94,1.5040,FALSE POSITIVE,0.0000,6228.00,2.9750,0.71
,0.705816203,2109.0,15.33,1.0430,FALSE POSITIVE,0.0000,6106.00,0.9660,1.133
,374.51648,220.0,73.1,0.7800,FALSE POSITIVE,,5714.00,0.7110,0.0139
,10.3482112,724.0,1.29,0.8610,FALSE POSITIVE,,5383.00,0.8220,0.093
,1.7609276,2860.0,1.53,2.0170,FALSE POSITIVE,0.0000,8784.00,1.9670,0.29
,321.24194284,,,,FALSE POSITIVE,,,,
,1.463148937,2371.0,15.82,1.1670,FALSE POSITIVE,,6525.00,1.8050,1.0653
,374.514471,295.0,139.55,1.1700,FALSE POSITIVE,,6446.00,1.1550,1.0492
,482.62011,263.0,1.98,1.0660,CANDIDATE,,6315.00,1.0950,0.1786
,1.525924746,3786.0,8.86,2.6150,FALSE POSITIVE,0.0000,5000.00,10.5330,0.208
,1.25383162,2109.0,0.47,1.1460,FALSE POSITIVE,,6472.00,1.2990,0.2204
,12.82252496,915.0,20.12,1.0030,FALSE POSITIVE,0.0000,5845.00,1.3520,0.706
,10.1551587,721.0,0.94,0.7390,CANDIDATE,,5275.00,0.7960,0.2256
,0.708965461,2417.0,1.13,1.1770,CANDIDATE,,6528.00,1.1550,0.6201
,0.648772102,3758.0,2.6,1.3060,FALSE POSITIVE,0.0000,4973.00,4.7080,0.368
,0.96391996,,,,FALSE POSITIVE,,,,
,11.76872507,,,,CANDIDATE,,,,
,0.93705132,5094.0,6.09,2.7030,FALSE POSITIVE,0.0000,6691.00,7.7810,0.773
,451.86579,464.0,1.85,2.0920,FALSE POSITIVE,,9024.00,2.0050,0.379
,491.52571,159.0,1.43,0.6610,FALSE POSITIVE,,4541.00,0.6690,0.4713
,411.54039644,,,,FALSE POSITIVE,,,,
,608.20572,143.0,1.46,0.6680,CANDIDATE,,4486.00,0.6460,0.0082
,480.03759,109.0,1.14,0.4510,FALSE POSITIVE,,3622.00,0.4300,0.2596
,0.87985197,,,,FALSE POSITIVE,,,,
,7.2274321,967.0,1.28,1.0480,CANDIDATE,0.9680,6075.00,0.9690,0.003
,0.592618966,2103.0,0.86,0.9780,FALSE POSITIVE,0.0000,5926.00,0.8870,0.083
,0.532854237,3042.0,1.21,1.1080,FALSE POSITIVE,0.0000,6266.00,1.6130,0.618
,91.069934,1103.0,1.59,2.7380,CANDIDATE,,9051.00,4.2320,0.5939
,0.566802672,2791.0,1.08,0.8600,FALSE POSITIVE,0.0000,5102.00,1.9610,0.128
,0.566796331,2411.0,1.5,1.0840,FALSE POSITIVE,0.0000,6319.00,1.0320,0.981
,0.566785459,2280.0,0.84,1.1170,FALSE POSITIVE,0.0000,6063.00,1.0120,0.588
,0.566792936,3114.0,0.79,0.9770,FALSE POSITIVE,0.0000,6432.00,1.6030,0.467
,0.5668004,2222.0,0.88,0.9680,FALSE POSITIVE,0.0000,6215.00,0.8720,0.593
,0.566793614,7584.0,21.63,0.9690,FALSE POSITIVE,,3789.00,27.3840,0.9476
,0.566798676,2051.0,0.68,0.7830,FALSE POSITIVE,0.0000,5490.00,0.8870,0.01
,0.5667638,2178.0,0.75,0.8740,FALSE POSITIVE,0.0000,5766.00,0.9400,0.158
,38.51077573,352.0,18.68,0.6210,FALSE POSITIVE,0.0000,4374.00,0.6350,0.467
,4.23965309,,,,FALSE POSITIVE,,,,
,0.577910513,2081.0,1.1,0.9600,FALSE POSITIVE,0.0000,5730.00,0.9080,0.367
,0.566807725,2524.0,0.94,0.9850,FALSE POSITIVE,0.0000,5018.00,1.7340,0.155
,0.566807422,2680.0,1.13,0.9580,FALSE POSITIVE,0.0000,5616.00,1.5470,0.985
,1.345078434,2324.0,12.16,1.4150,FALSE POSITIVE,,6664.00,1.6750,0.9526
,366.088938,257.0,2.57,0.9480,CANDIDATE,0.8970,5941.00,0.9450,0.89
,439.1076969,221.0,24.7,0.8850,FALSE POSITIVE,,5810.00,0.8110,0.7777
,414.45008,364.0,7.01,1.4170,CANDIDATE,,7037.00,1.6830,0.9853
,5.43103616,873.0,0.66,0.6800,CANDIDATE,0.8570,5374.00,0.7210,0.816
,0.594003994,4952.0,1.55,1.9940,FALSE POSITIVE,,8596.00,2.9680,0.4978
,328.32211,193.0,1.3,0.7360,CANDIDATE,,4906.00,0.6680,0.1169
,381.97977,132.0,1.55,0.5350,CANDIDATE,,3761.00,0.5260,0.2178
,67.412998,572.0,1.57,1.1940,CANDIDATE,,6525.00,1.3590,0.5109
,2.08802799,2003.0,1.93,1.3350,FALSE POSITIVE,,6593.00,1.6700,0.9865
,10.4212788,1235.0,36.9,1.2680,FALSE POSITIVE,0.0000,6183.00,2.0730,1.151
,359.8249913,,,,CANDIDATE,,,,
,0.778705577,4233.0,59.33,1.8980,FALSE POSITIVE,,7846.00,3.0660,1.1716
,4.44709107,1228.0,0.96,0.9600,FALSE POSITIVE,0.0000,6137.00,1.0760,0.988
,293.70696,274.0,6140.44,0.9380,FALSE POSITIVE,,6054.00,0.8930,63.9417
,27.795762425,655.0,81.48,0.9920,FALSE POSITIVE,0.0000,5915.00,1.1300,0.483
,20.733748565,661.0,69.8,0.7970,FALSE POSITIVE,0.0000,5620.00,0.9740,0.479
,24.238241803,793.0,102.31,1.2330,FALSE POSITIVE,0.0000,6457.00,1.3650,0.426
,11.258825027,1080.0,87.18,0.8820,FALSE POSITIVE,0.0000,6217.00,1.4640,0.805
,28.162612575,470.0,23.52,0.7340,FALSE POSITIVE,0.0000,4936.00,0.7610,0.952
,75.378956896,365.0,58.76,0.8640,FALSE POSITIVE,0.0000,5420.00,0.7710,0.273
,9.0584662,1310.0,2.46,1.5520,FALSE POSITIVE,,5198.00,3.2070,0.154
,3.9169155,,,,FALSE POSITIVE,,,,
,342.55315723,738.0,830.99,1.9500,FALSE POSITIVE,0.0000,4857.00,14.2190,0.797
,362.747593,384.0,2.51,1.3100,FALSE POSITIVE,,6176.00,2.1600,0.3185
,0.536650344,3380.0,1.57,1.3960,FALSE POSITIVE,,5490.00,2.8250,0.7718
,0.694611128,1415.0,0.64,0.7260,CANDIDATE,0.9670,4612.00,0.6620,0.176
,7.4751841,1168.0,0.85,0.8940,CANDIDATE,0.9240,5616.00,1.6020,0.309
,328.0485,292.0,2.22,1.1880,FALSE POSITIVE,0.0780,6268.00,1.1000,0.329
,1.72128752,1415.0,0.65,0.9250,FALSE POSITIVE,0.0000,5813.00,0.8330,0.449
,0.784294574,2651.0,87.26,1.1470,FALSE POSITIVE,0.0000,6576.00,1.4550,0.764
,361.51099,733.0,6.85,2.8060,FALSE POSITIVE,0.2310,9492.00,4.2980,0.443
,1.41435861,1578.0,0.74,0.8370,FALSE POSITIVE,0.0020,5470.00,0.9940,0.189
,0.616343903,2513.0,1.72,1.2050,FALSE POSITIVE,0.0000,6045.00,1.3400,0.042
,1.04347858,2688.0,1.09,1.2810,CANDIDATE,0.8690,6014.00,2.2460,0.497
,364.33929,228.0,4.4,0.8410,FALSE POSITIVE,0.0000,5606.00,0.8000,0.934
,352.710091,261.0,3.75,0.9810,FALSE POSITIVE,0.0190,6112.00,0.9080,0.329
,33.8938177,527.0,1.22,0.9370,FALSE POSITIVE,0.0340,5818.00,0.8480,0.332
,224.591055,392.0,2.17,1.1240,FALSE POSITIVE,0.0100,5786.00,1.7710,0.768
,374.93999098,381.0,4.67,1.3630,FALSE POSITIVE,0.0000,5382.00,2.9090,0.64
Kepler-1975 b,24.2783801,432.0,2.03,0.6980,CONFIRMED,0.0000,4450.00,0.7070,0.717
,382.5891,305.0,2.15,1.0190,CANDIDATE,0.3240,6337.00,1.2390,0.042
,11.9283194,632.0,0.98,0.7200,FALSE POSITIVE,0.0740,5010.00,0.7500,0.052
,0.603351522,3730.0,3.91,1.5150,FALSE POSITIVE,0.0000,6240.00,2.9480,0.46
,31.97280045,626.0,5.88,1.0660,FALSE POSITIVE,0.0000,6340.00,1.0100,0.935
,8.39140024,921.0,1.1,0.7810,FALSE POSITIVE,0.0020,5892.00,0.9350,0.342
,0.532493086,4893.0,1.87,1.7740,FALSE POSITIVE,0.1680,6894.00,4.0320,0.558
,0.812678859,2403.0,0.83,1.2510,FALSE POSITIVE,0.0070,6636.00,1.2360,0.664
,183.836254,852.0,51.64,1.9340,FALSE POSITIVE,0.0000,4959.00,11.9630,0.956
,5.959695593,937.0,1.13,0.9840,FALSE POSITIVE,0.0000,5717.00,0.8840,0.626
,392.601892,204.0,2.25,0.8430,CANDIDATE,0.2160,5307.00,0.7530,0.713
,452.65206,345.0,2.41,1.3000,FALSE POSITIVE,0.1410,6664.00,1.7300,0.646
,234.66319186,328.0,1.68,1.1260,FALSE POSITIVE,0.0370,6306.00,1.0760,0.029
,351.204993,258.0,3.57,0.8380,FALSE POSITIVE,0.0000,5845.00,0.9180,0.777
,260.446151,608.0,25.39,1.7480,CANDIDATE,0.3250,4845.00,7.7960,0.896
,87.487573,377.0,1.87,0.9070,CANDIDATE,0.7890,5774.00,0.8180,0.127
,11.9451376,1337.0,3.32,1.5170,CANDIDATE,0.9890,5094.00,4.1630,0.443
,277.13367,307.0,1.84,1.0250,CANDIDATE,0.1260,6461.00,0.9710,0.662
,3.381607,6037.0,117.25,1.4670,FALSE POSITIVE,0.0000,3974.00,59.4370,0.088
,0.660655454,2497.0,16.81,1.2790,FALSE POSITIVE,0.0000,6520.00,1.2150,1.098
,145.750554,748.0,15.34,2.3940,FALSE POSITIVE,0.0880,5096.00,8.0380,0.017
,2.17813954,2073.0,1,1.2610,FALSE POSITIVE,0.0000,6511.00,1.8510,0.054
,384.09781,330.0,1.63,0.9210,FALSE POSITIVE,0.0170,5884.00,1.6280,0.016
,0.505322676,2275.0,46.59,0.9620,FALSE POSITIVE,0.0000,5941.00,0.9240,1.036
,333.71634048,362.0,3.53,0.9750,FALSE POSITIVE,0.0570,6045.00,1.7190,0.093
,322.50741,257.0,2.11,0.9260,FALSE POSITIVE,0.0000,5708.00,0.9330,0.912
,373.8716,279.0,2.19,0.8210,FALSE POSITIVE,0.0000,5846.00,1.1160,0.246
,171.046664,827.0,32.31,2.6320,FALSE POSITIVE,0.1570,4932.00,12.0480,0.387
,0.799868354,1816.0,34.7,0.8730,FALSE POSITIVE,0.4930,5568.00,0.8820,1.274
,345.7671,336.0,2.5,1.1150,FALSE POSITIVE,0.0000,5845.00,1.7020,0.391
,350.34114,202.0,2.5,0.7680,FALSE POSITIVE,0.0000,5188.00,0.6900,0.01
,363.97165,231.0,40.48,0.9390,FALSE POSITIVE,0.0030,5648.00,0.8410,1.394
,395.23753,225.0,3.17,0.9390,FALSE POSITIVE,0.0000,5648.00,0.8410,0.629
,385.97241,325.0,1.72,1.1850,FALSE POSITIVE,0.0880,6732.00,1.3160,0.444
,89.667675,1364.0,78.77,2.0750,FALSE POSITIVE,0.1680,4742.00,21.2910,0.324
,5.0487451,922.0,0.67,0.9390,CANDIDATE,0.2660,5450.00,0.8300,0.133
,321.02094,232.0,1.96,0.7430,FALSE POSITIVE,0.1030,5334.00,0.8100,0.295
,122.11555,351.0,2.96,0.7640,CANDIDATE,0.6920,5592.00,0.8940,0.23
,1.213742728,2599.0,1.18,1.3190,FALSE POSITIVE,0.0000,6532.00,1.9870,0.627
,225.48805,267.0,1.7,0.8470,CANDIDATE,0.9750,5663.00,0.7820,0.817
,366.74866,281.0,2.35,1.0050,FALSE POSITIVE,0.0870,6136.00,1.0870,0.663
,0.93374894,433.0,0.18,0.0940,FALSE POSITIVE,0.0000,2661.00,0.1160,0.457
,0.734548624,2082.0,0.84,1.1110,FALSE POSITIVE,0.0000,6046.00,1.0070,0.747
,317.99484,241.0,2.22,0.9160,FALSE POSITIVE,0.0500,5665.00,0.8200,0.405
,432.96732,151.0,1.64,0.6060,FALSE POSITIVE,0.0210,4403.00,0.5760,0.189
,614.39054,269.0,2.43,1.1560,FALSE POSITIVE,0.2170,6228.00,1.4270,0.11
,578.88761,315.0,1.69,1.1850,CANDIDATE,0.3810,6180.00,1.9170,0.24
,238.561202,568.0,5.75,1.4930,FALSE POSITIVE,0.0800,6565.00,3.3080,0.732
,218.771117,1997.0,250.2,1.4360,CANDIDATE,0.2240,3297.00,151.1840,0.95
,375.17737,264.0,3.64,1.1250,FALSE POSITIVE,0.0430,6089.00,1.0240,0.405
,334.87402,408.0,47.48,1.2990,FALSE POSITIVE,0.0790,6122.00,2.3480,1.165
,370.2402,270.0,29.24,1.0300,FALSE POSITIVE,0.1290,6296.00,0.9660,1.239
,1.6749812,8986.0,79.51,1.4980,FALSE POSITIVE,0.0000,3940.00,84.4610,0.382
,288.678554,172.0,0.96,0.5600,FALSE POSITIVE,0.0100,4326.00,0.5750,0.717
,307.94735718,492.0,76.66,0.8740,FALSE POSITIVE,0.0000,4878.00,4.4610,0.966
,277.25118,304.0,5.02,0.9100,CANDIDATE,0.0000,6046.00,1.0480,0.932
,264.63654,376.0,42.55,1.2350,FALSE POSITIVE,0.0830,6564.00,1.4610,1.247
,375.408923,858.0,4.48,3.4720,FALSE POSITIVE,0.0750,11357.00,4.5280,0.529
,2.17812769,1421.0,0.78,1.0430,FALSE POSITIVE,0.0000,6014.00,0.9580,0.533
,67.176626864,179.0,9.66,0.3040,CANDIDATE,0.8040,3391.00,0.3110,1.236
,0.93378068,1427.0,0.63,0.8360,FALSE POSITIVE,0.0000,4938.00,0.7530,0.251
,0.93373895,1993.0,0.64,1.0630,FALSE POSITIVE,0.0000,6223.00,1.0060,0.259
,0.93373718,2097.0,0.48,1.1310,FALSE POSITIVE,0.0000,6367.00,1.0870,0.29
,0.93420696,,,,CANDIDATE,1.0000,,,
,359.33831,216.0,2.33,0.7150,CANDIDATE,0.2230,5316.00,0.7530,0.176
,213.201978,221.0,1.91,0.7440,FALSE POSITIVE,0.0000,4594.00,0.7520,0.214
,77.773042,955.0,15.03,0.8820,FALSE POSITIVE,0.1080,4763.00,7.0680,0.558
,381.782641,384.0,55.75,1.2520,FALSE POSITIVE,0.1020,6056.00,2.2900,1.204
,354.7897,134.0,0.47,0.5330,FALSE POSITIVE,0.0480,3778.00,0.5150,0.449
,235.544698,316.0,2.13,1.0090,FALSE POSITIVE,0.2530,5533.00,1.2550,0.005
,0.933745798,2097.0,3.45,1.1310,CANDIDATE,0.0000,6367.00,1.0870,0.961
,115.28415,374.0,2.05,1.0000,FALSE POSITIVE,0.0000,5780.00,1.0000,0.39
,423.73074,225.0,2.48,0.9490,FALSE POSITIVE,0.1630,5743.00,0.8530,0.37
,293.38641,347.0,1.35,1.0670,CANDIDATE,0.0920,6392.00,1.3400,0.537
,677.56282,190.0,2.24,0.8330,FALSE POSITIVE,0.1120,5511.00,0.8720,0.537
,66.716453,402.0,2.2,0.8640,CANDIDATE,0.5220,5447.00,0.8590,0.548
,371.21205,259.0,2.55,1.0130,FALSE POSITIVE,0.0270,6106.00,0.9400,0.357
,190.783023,989.0,71.66,3.5490,FALSE POSITIVE,0.0000,5013.00,19.8130,0.088
,34.573718512,199.0,0.42,0.2020,CANDIDATE,0.9890,3374.00,0.2180,0.22
,0.85581563,,,,FALSE POSITIVE,0.0000,,,
,0.9337491,1662.0,0.79,0.9030,FALSE POSITIVE,0.0000,5628.00,0.8080,0.084
,0.93374417,2126.0,0.64,1.1700,FALSE POSITIVE,0.0000,6363.00,1.1310,0.277
,0.93374635,1895.0,0.63,0.9760,FALSE POSITIVE,0.0000,5593.00,1.0940,0.096
,0.9337465,1863.0,0.63,0.9680,FALSE POSITIVE,0.0000,6102.00,0.8870,0.167
,0.93371631,1743.0,0.7,0.9820,FALSE POSITIVE,0.0000,5734.00,0.8830,0.401
,260.02265,217.0,3.13,0.6500,FALSE POSITIVE,0.1330,5250.00,0.6080,0.842
,443.66,331.0,33.2,1.0430,FALSE POSITIVE,0.0010,6743.00,1.4330,1.194
,366.28999,666.0,68.39,3.0830,FALSE POSITIVE,0.0000,5083.00,12.8680,0.654
,72.6549842,699.0,34.52,1.1810,FALSE POSITIVE,0.0000,6793.00,1.9600,1.141
,54.753883835,521.0,2.21,1.1040,CANDIDATE,0.7310,6242.00,1.0470,0.009
,379.42818,252.0,1.89,1.0000,FALSE POSITIVE,0.0020,5947.00,0.9450,0.006
,103.039788,210.0,2.05,0.5820,FALSE POSITIVE,0.0120,3749.00,0.5810,0.039
,371.90464,271.0,2.88,1.1090,FALSE POSITIVE,0.0000,6164.00,1.0450,0.922
,362.85801,353.0,1.9,1.1550,FALSE POSITIVE,0.2230,6740.00,1.4710,0.626
,384.558321,382.0,14.33,0.9890,FALSE POSITIVE,0.0150,5078.00,3.0000,0.947
,397.72733,253.0,1.48,1.0550,FALSE POSITIVE,0.0960,6032.00,0.9730,0.013
,504.88419,157.0,25.19,0.6410,FALSE POSITIVE,0.0010,4559.00,0.6550,1.26
,384.92275,298.0,1.64,0.7940,FALSE POSITIVE,0.0000,6070.00,1.1910,0.288
,189.183958,312.0,3.31,0.8450,CANDIDATE,0.4920,5573.00,0.9810,0.68
,0.93376131,1682.0,0.61,0.9160,FALSE POSITIVE,0.0000,5665.00,0.8200,0.312
,0.93377253,1644.0,0.43,0.8900,FALSE POSITIVE,0.0000,5595.00,0.7960,0.004
,0.93376021,1019.0,0.4,0.5450,FALSE POSITIVE,0.0000,3885.00,0.5400,0.297
,0.93372008,1990.0,0.41,0.9950,FALSE POSITIVE,0.0000,6221.00,0.9830,0.413
,0.93373591,1904.0,0.57,0.9690,FALSE POSITIVE,0.0000,6028.00,0.9500,0.21
,0.93374911,1793.0,0.66,0.9320,FALSE POSITIVE,0.0000,5978.00,0.8460,0.505
,0.93372261,1949.0,0.59,0.9910,FALSE POSITIVE,0.0000,5984.00,1.0170,0.534
,312.61007,258.0,2.01,1.0390,FALSE POSITIVE,0.0270,5818.00,0.9250,0.601
,429.60143,223.0,2.74,0.8910,FALSE POSITIVE,0.0010,5587.00,0.8770,0.025
,499.88159,338.0,2.61,1.1740,FALSE POSITIVE,0.0400,6486.00,1.8120,0.671
,197.37704,815.0,84.37,2.8730,FALSE POSITIVE,0.0110,10974.00,2.6770,1.277
,1.65746034,1663.0,0.54,0.9870,FALSE POSITIVE,0.0000,5860.00,1.1300,0.193
,0.566799395,2448.0,1.65,1.1240,FALSE POSITIVE,0.0000,6322.00,1.0750,0.042
,203.8406,385.0,2.41,0.8890,FALSE POSITIVE,0.2590,5548.00,1.6160,0.04
,14.395425,672.0,0.85,0.8720,FALSE POSITIVE,0.0090,5715.00,0.7820,0.398
,231.157554,789.0,37.37,3.0830,FALSE POSITIVE,0.0000,5386.00,11.8390,0.749
,495.06538,236.0,2,1.0480,FALSE POSITIVE,0.0050,6075.00,0.9690,0.341
,595.78152,245.0,1.18,0.8650,FALSE POSITIVE,0.0080,5618.00,1.2880,0.164
,365.709623,604.0,26.93,1.1290,FALSE POSITIVE,0.1000,4787.00,8.5220,0.338
,495.662346,207.0,2.73,0.7910,CANDIDATE,0.4440,5515.00,0.8200,0.949
,655.25732,226.0,1.56,1.0010,FALSE POSITIVE,0.0000,6420.00,0.9410,0.141
,7.7529342,1002.0,0.93,0.9070,CANDIDATE,0.9180,5975.00,1.0720,0.449
,0.573762943,1538.0,0.39,0.5720,FALSE POSITIVE,0.0000,4891.00,0.5710,0.13
,1.072934147,2523.0,81.42,1.4150,FALSE POSITIVE,0.0000,7031.00,1.5230,1.009
,2.61854596,2008.0,1.18,1.3800,FALSE POSITIVE,0.0000,5657.00,2.6820,0.033
,13.667809025,705.0,0.91,0.8560,FALSE POSITIVE,0.0000,5796.00,0.8070,0.212
,254.336707,586.0,13.97,2.0180,CANDIDATE,0.3710,5193.00,6.5020,0.728
,1.105123883,1755.0,0.83,1.0050,FALSE POSITIVE,0.0000,5883.00,0.9590,0.685
,381.85852,453.0,8.3,1.0490,FALSE POSITIVE,0.2200,4959.00,4.4860,0.024
,455.77076435,419.0,5.34,1.5420,FALSE POSITIVE,0.0000,6785.00,2.6230,0.802
,212.760495,485.0,2.8,1.5260,FALSE POSITIVE,0.0150,7021.00,1.9760,0.036
,73.836858,1143.0,25.09,3.0200,FALSE POSITIVE,0.1140,4769.00,14.7060,0.8
,160.243128,686.0,15.72,2.0630,FALSE POSITIVE,0.2810,5128.00,6.7750,0.258
,402.41511,253.0,2.52,0.9770,FALSE POSITIVE,0.0050,6251.00,0.8890,0.281
,369.28177,250.0,34.25,1.0650,FALSE POSITIVE,0.0300,5900.00,0.9510,1.297
,462.463589,355.0,8.92,0.8340,FALSE POSITIVE,0.2080,5059.00,2.7990,0.386
,490.63941,412.0,7.67,1.5130,CANDIDATE,0.2510,5037.00,4.8170,0.015
,331.55459,240.0,1.36,0.8920,CANDIDATE,0.1750,5762.00,0.8010,0.001
,0.939375593,1936.0,52.18,0.7720,FALSE POSITIVE,0.0000,5826.00,0.9780,0.987
,31.1911468,1131.0,9.36,1.5460,FALSE POSITIVE,0.2620,4785.00,6.4430,0.019
,30.9587224,686.0,2.34,1.1830,FALSE POSITIVE,0.0000,6525.00,1.1610,0.765
,425.64971,281.0,1.58,0.9340,CANDIDATE,0.2280,6067.00,1.1950,0.303
,395.13138,208.0,0.97,0.8560,CANDIDATE,0.7500,5060.00,0.8690,0.45
,0.770658979,1548.0,0.68,0.8270,CANDIDATE,0.9810,5058.00,0.7390,0.444
,4.6318914,1060.0,0.64,0.9780,CANDIDATE,0.9530,5926.00,0.8870,0.395
,362.13187,208.0,2.23,0.7900,CANDIDATE,0.3230,5176.00,0.7660,0.397
,9.1447861,843.0,1.63,1.0140,FALSE POSITIVE,0.0070,5849.00,0.9190,0.742
,29.4856392,793.0,1.46,1.3370,CANDIDATE,0.8460,6870.00,1.4070,0.103
,0.786483923,2408.0,21.66,1.0830,FALSE POSITIVE,0.0000,6315.00,1.2820,1.139
,3.65034525,578.0,0.72,0.4630,CANDIDATE,1.0000,3704.00,0.4500,0.289
,0.9438885,3158.0,1.45,1.5110,FALSE POSITIVE,0.0000,6947.00,2.2970,0.649
,43.9438891,505.0,1.12,0.9610,CANDIDATE,0.7980,6008.00,0.8750,0.523
,40.244826,3302.0,115.94,0.8330,FALSE POSITIVE,0.0000,3674.00,89.8780,0.022
,135.428746,343.0,1.83,1.0140,FALSE POSITIVE,0.0040,5849.00,0.9190,0.498
,380.03903,219.0,2.36,0.9050,FALSE POSITIVE,0.0000,5477.00,0.8180,0.555
,380.294204,229.0,2.27,0.7330,FALSE POSITIVE,0.2470,5518.00,0.8220,0.519
,373.74691,260.0,2.65,1.0230,FALSE POSITIVE,0.0000,6131.00,0.9450,0.834
,315.81065,212.0,1.82,0.7810,FALSE POSITIVE,0.0710,4875.00,0.8100,0.094
,16.9341628,798.0,1.71,1.2070,FALSE POSITIVE,0.2020,6321.00,1.1250,0.662
,527.68601,203.0,2,0.9190,FALSE POSITIVE,0.1320,5657.00,0.8240,0.011
,267.911652,257.0,2.38,0.8280,FALSE POSITIVE,0.1590,5291.00,0.9260,0.016
,309.191789,383.0,1.96,1.0950,CANDIDATE,0.3630,6299.00,1.7540,0.155
,99.299502,682.0,5.4,1.7170,FALSE POSITIVE,0.1100,6832.00,2.5780,0.526
,371.47786,203.0,1.2,0.8450,FALSE POSITIVE,0.0000,5162.00,0.7540,0.128
,1.99638423,1590.0,0.59,1.1300,FALSE POSITIVE,0.0000,6249.00,1.0760,0.223
,400.11482,226.0,0.95,1.0050,CANDIDATE,0.0670,5547.00,0.9110,0.066
,29.3657204,685.0,51.33,1.0340,FALSE POSITIVE,0.0000,6167.00,1.1950,0.954
,1.035329922,3654.0,105.66,2.0110,FALSE POSITIVE,0.0000,7030.00,3.5120,1.243
,1.12625975,,,,CANDIDATE,1.0000,,,
,3.04463691,1321.0,0.68,1.0420,FALSE POSITIVE,0.0000,6181.00,0.9800,0.322
,377.67241,187.0,1.37,0.6080,CANDIDATE,0.4690,5031.00,0.6150,0.107
,242.0367,323.0,2.11,1.0370,CANDIDATE,0.4870,6086.00,1.1160,0.568
,502.25648,215.0,1.03,0.7300,CANDIDATE,0.2300,5637.00,0.8330,0.05
,7.508818,1107.0,1.02,1.0450,FALSE POSITIVE,0.0000,6293.00,1.2130,0.025
,383.937324,389.0,7.9,1.2700,FALSE POSITIVE,0.0660,5216.00,3.2070,0.011
,10.7781558,942.0,1.24,1.1610,CANDIDATE,0.9780,6386.00,1.1230,0.009
,0.619618218,3818.0,3.34,1.6730,FALSE POSITIVE,0.0000,5180.00,4.7170,0.389
,4.17363793,2197.0,2.52,1.6700,FALSE POSITIVE,0.0000,6619.00,3.4100,0.597
,384.37706,676.0,50.93,1.5940,CANDIDATE,0.5250,4859.00,12.0230,0.901
,302.34971,208.0,1.98,0.8430,CANDIDATE,0.5130,4829.00,0.7940,0.468
,244.58323,328.0,2.33,1.2070,FALSE POSITIVE,0.3120,6321.00,1.1250,0.483
,185.83013,370.0,1.01,0.9930,FALSE POSITIVE,0.1360,6137.00,1.1870,0.037
,363.346158,537.0,22.36,2.1240,FALSE POSITIVE,0.0010,4994.00,7.6190,0.29
,303.91225,242.0,1.97,0.9360,FALSE POSITIVE,0.0970,5412.00,0.8870,0.504
,536.52197,273.0,3,1.1040,FALSE POSITIVE,0.2230,5335.00,1.7940,0.14
,350.514,346.0,2.22,1.0680,FALSE POSITIVE,0.0220,6382.00,1.5000,0.259
,431.51734,287.0,10.28,1.2400,FALSE POSITIVE,0.1030,6221.00,1.3120,0.718
,0.638697833,2464.0,162.15,1.2420,FALSE POSITIVE,0.0000,6424.00,1.1800,1.757
,539.214259,265.0,2.04,1.1430,FALSE POSITIVE,0.1060,6469.00,1.1710,0.001
,343.56446,298.0,1.8,1.0170,FALSE POSITIVE,0.1100,5770.00,1.3260,0.433
,9.4609418,767.0,0.54,0.7160,CANDIDATE,0.3470,5485.00,0.7880,0.161
,54.432903,404.0,1.41,0.7770,FALSE POSITIVE,0.2720,5119.00,0.8270,0.099
,402.27493,262.0,1.73,1.0080,CANDIDATE,0.3110,6299.00,0.9500,0.668
,235.20613,230.0,1.71,0.7550,FALSE POSITIVE,0.1070,5205.00,0.6790,0.297
,20.004714,577.0,0.89,0.8960,FALSE POSITIVE,0.0000,5299.00,0.8480,0.18
,22.6432436,624.0,2.12,0.9490,CANDIDATE,0.9430,5880.00,0.8910,0.136
,350.65158,243.0,1.31,0.9230,FALSE POSITIVE,0.0000,5882.00,0.8330,0.004
,4.18587282,1057.0,0.89,0.7950,FALSE POSITIVE,0.0000,5455.00,0.9090,0.078
,275.5603,437.0,2.33,1.2890,CANDIDATE,0.5080,5989.00,2.4670,0.018
,2.178142613,1452.0,1.22,0.9900,FALSE POSITIVE,0.0000,6290.00,0.8980,0.468
,188.881049,330.0,1.86,1.0770,CANDIDATE,0.8960,6077.00,0.9990,0.504
,379.67276,247.0,1.33,0.9060,CANDIDATE,0.3340,6156.00,0.8240,0.302
,391.420272,256.0,1.61,0.9480,FALSE POSITIVE,0.1760,6032.00,0.9490,0.797
,278.38935,464.0,6.81,1.5370,CANDIDATE,0.2530,4951.00,4.3420,0.12
,185.243906,354.0,2.38,1.2190,FALSE POSITIVE,0.0660,6218.00,1.1310,0.726
,7.8687123,1323.0,1.73,1.3510,CANDIDATE,0.9410,6738.00,1.6920,0.748
,9.9105786,922.0,1.19,1.1690,CANDIDATE,0.9970,6214.00,1.0760,0.813
,43.9088053,885.0,7.33,1.7030,CANDIDATE,0.9950,5216.00,4.3030,0.272
,261.684363,175.0,1.46,0.5220,FALSE POSITIVE,0.0460,4393.00,0.5260,0.037
,0.808106001,1978.0,39.59,1.0430,FALSE POSITIVE,0.0000,6014.00,0.9580,1.269
,391.33068,274.0,1.68,0.9980,FALSE POSITIVE,0.0360,6428.00,0.9770,0.508
,320.56794551,234.0,2.43,0.9070,FALSE POSITIVE,0.0000,5546.00,0.8100,0.331
,364.98242,293.0,3.12,1.1520,CANDIDATE,0.2660,6429.00,1.1160,0.926
,0.58730021,,,,CANDIDATE,0.6380,,,
,116.025744,893.0,37.99,1.6600,FALSE POSITIVE,0.0010,4575.00,10.7880,0.017
,85.9770426,202.0,1.46,0.4670,FALSE POSITIVE,0.1280,3710.00,0.4520,0.042
,370.94353,228.0,27.77,0.8500,FALSE POSITIVE,0.0900,5755.00,0.7760,1.294
,280.55544,308.0,2.17,1.1290,CANDIDATE,0.2910,6292.00,1.0780,0.031
,30.6261927,655.0,1.55,0.9170,FALSE POSITIVE,0.1680,5860.00,1.1970,0.386
,364.42189,264.0,36.37,1.0810,FALSE POSITIVE,0.1280,6047.00,1.0020,1.276
,440.584562,505.0,1.67,2.3320,FALSE POSITIVE,0.3880,9935.00,1.9960,0.062
,269.331027,304.0,2.54,1.0600,FALSE POSITIVE,0.1270,6129.00,1.0550,0.679
,25.3428696,706.0,1.85,1.2530,FALSE POSITIVE,0.2930,6311.00,1.1720,0.554
,0.66234265,2089.0,5.13,1.0000,FALSE POSITIVE,0.0000,5780.00,1.0000,0.631
,0.536654028,2299.0,0.67,0.9650,FALSE POSITIVE,0.0000,5887.00,1.0010,0.62
,1.08908149,1131.0,0.69,0.6000,FALSE POSITIVE,0.0000,4327.00,0.6140,0.31
,77.97621155,,,,FALSE POSITIVE,0.2350,,,
,0.609668222,1805.0,1.35,0.9110,FALSE POSITIVE,0.0000,5296.00,0.8150,0.135
,3.55650403,580.0,0.56,0.4380,FALSE POSITIVE,0.0000,3745.00,0.4270,0.846
,4.40660737,1152.0,0.86,1.0790,CANDIDATE,0.9070,6063.00,1.0010,0.433
,0.527673051,4056.0,1.43,1.3860,FALSE POSITIVE,0.0000,6762.00,2.6370,0.216
,117.140785,862.0,15.87,2.1180,FALSE POSITIVE,0.2380,5282.00,8.2430,0.643
,0.590281548,2643.0,0.68,0.9910,FALSE POSITIVE,0.0000,6124.00,1.3150,0.801
,4.5647147,1131.0,1.04,0.9680,FALSE POSITIVE,0.0000,5953.00,0.9900,0.647
,372.086704,283.0,38.4,1.1210,FALSE POSITIVE,0.0000,6289.00,1.0930,1.266
,363.448167,285.0,37.03,1.1210,FALSE POSITIVE,0.0000,6289.00,1.0930,1.259
,348.68162,302.0,2.09,1.1830,FALSE POSITIVE,0.0070,6450.00,1.1550,0.506
,353.01861,301.0,2.25,1.1830,CANDIDATE,0.5730,6450.00,1.1550,0.064
,345.128277,282.0,1.94,1.1690,FALSE POSITIVE,0.0770,6214.00,1.0760,0.175
,370.38642,328.0,2.12,1.1990,FALSE POSITIVE,0.1020,6179.00,1.5550,0.006
,267.970682,280.0,1.7,0.9700,FALSE POSITIVE,0.0000,6008.00,0.8970,0.008
,370.98253,338.0,119.96,0.9990,CANDIDATE,0.2120,6028.00,1.6300,1.655
,417.829033,248.0,2.19,1.0580,FALSE POSITIVE,0.0000,6018.00,0.9750,0.279
,368.5224,260.0,26.7,0.9590,FALSE POSITIVE,0.2310,6063.00,0.9410,1.22
,371.4589776,283.0,2.22,1.0350,FALSE POSITIVE,0.1140,6388.00,1.0330,0.037
,338.00692,249.0,2.09,0.9340,CANDIDATE,0.5780,5741.00,0.8980,0.184
,34.9989085,376.0,1.65,0.7070,FALSE POSITIVE,0.2840,4559.00,0.6480,0.896
,432.42787,259.0,1.14,1.0680,CANDIDATE,0.1200,6263.00,1.0090,0.716
,386.78734,224.0,2.34,0.7960,FALSE POSITIVE,0.1040,5425.00,0.8470,0.479
,449.557346,721.0,55.33,2.6830,FALSE POSITIVE,0.2890,5323.00,15.0750,0.69
,1.001916708,1545.0,0.62,0.8210,CANDIDATE,0.9120,5521.00,0.7340,0.074
,2.21568076,1236.0,0.57,0.7670,FALSE POSITIVE,0.1470,5349.00,0.8360,0.563
,0.862329309,1825.0,1.09,0.9960,CANDIDATE,0.9710,5806.00,0.8990,0.421
,3.850304552,407.0,0.28,0.2020,FALSE POSITIVE,0.0380,3274.00,0.2240,0.29
,432.96905,219.0,1.43,0.9890,CANDIDATE,0.3350,5580.00,0.8860,0.4
,372.15035,232.0,1.74,0.9000,CANDIDATE,0.8390,5769.00,0.8120,0.259
,1.07383154,3791.0,137.54,1.8340,FALSE POSITIVE,0.0000,8059.00,2.8590,1.198
,0.719741,2074.0,0.57,1.1010,FALSE POSITIVE,1.0000,6014.00,0.9930,0.275
,405.35457,232.0,2.11,0.9200,CANDIDATE,0.4710,5650.00,0.9060,0.285
,1.47623061,1802.0,0.71,1.1570,FALSE POSITIVE,0.0000,6325.00,1.1120,0.375
,0.520227316,2264.0,50.41,1.0000,FALSE POSITIVE,0.0000,5780.00,1.0000,1.052
,36.3192885,1410.0,25.43,2.8440,FALSE POSITIVE,0.1970,5008.00,12.3900,0.571
,1.901655058,2192.0,89.89,1.3430,FALSE POSITIVE,0.0000,6929.00,1.7040,1.032
,9.4640413,839.0,1.28,0.9700,CANDIDATE,0.9980,5968.00,0.8810,0.048
,331.92622,235.0,2.25,0.8880,FALSE POSITIVE,0.0000,5652.00,0.7980,0.026
,346.31688,278.0,5.21,1.0610,FALSE POSITIVE,0.0000,6060.00,1.0680,0.954
,365.61087,273.0,4.42,1.0610,FALSE POSITIVE,0.0000,6060.00,1.0680,0.935
,259.85736,237.0,1.33,0.8330,FALSE POSITIVE,0.0000,5374.00,0.7440,0.512
,5.29731736,989.0,1.13,0.9730,FALSE POSITIVE,0.0000,5815.00,0.8770,0.192
,447.97028,230.0,2,0.9720,FALSE POSITIVE,0.1530,5911.00,0.8870,0.021
,374.80095,286.0,1.53,0.9090,FALSE POSITIVE,0.0040,5804.00,1.2340,0.539
,389.875816,207.0,3.76,0.8860,CANDIDATE,0.2290,5289.00,0.7900,0.576
,385.858683,300.0,3.23,1.2150,CANDIDATE,0.5410,6551.00,1.1950,0.877
,0.757261281,1908.0,0.58,0.9980,CANDIDATE,0.4490,5651.00,0.9530,0.322
,172.280975,301.0,1.6,0.9500,FALSE POSITIVE,0.4500,5659.00,0.8690,0.602
,367.0896,281.0,35.3,1.1880,CANDIDATE,0.7020,6268.00,1.1000,1.242
,66.67305,542.0,2.64,1.2110,CANDIDATE,0.7750,6592.00,1.1900,0.415
,244.547128,228.0,1.74,0.8210,FALSE POSITIVE,0.1410,5094.00,0.7360,0.003
,1.27228771,1275.0,0.63,0.7620,FALSE POSITIVE,0.0000,5044.00,0.6860,0.428
,1.886002102,1433.0,0.65,0.9540,FALSE POSITIVE,0.0000,5793.00,0.9250,0.361
,386.35444,287.0,1.43,1.0510,FALSE POSITIVE,0.1860,6165.00,1.1770,0.705
,371.21454,212.0,28.21,0.9510,FALSE POSITIVE,0.0000,5189.00,0.8500,1.254
,365.5435,283.0,3.04,1.1260,FALSE POSITIVE,0.0000,6306.00,1.0760,0.518
,7.02932339,974.0,0.92,1.1330,FALSE POSITIVE,0.3820,5977.00,1.0220,0.098
,19.229478,970.0,1.97,1.3860,FALSE POSITIVE,0.0000,6654.00,1.7120,0.699
,38.35312,557.0,5.57,1.0330,FALSE POSITIVE,0.0500,5979.00,1.0040,0.017
,114.661733,316.0,1.38,0.6740,FALSE POSITIVE,0.0420,5412.00,0.7120,0.863
,313.19875,216.0,1.95,0.8160,FALSE POSITIVE,0.0000,5254.00,0.7300,0.36
,134.370692,351.0,1.95,1.0320,FALSE POSITIVE,0.2520,5910.00,0.9400,0.174
,2.52123022,726.0,9.68,0.5480,FALSE POSITIVE,0.0000,3932.00,0.5200,1.158
,47.4314857,1029.0,8.83,2.2820,FALSE POSITIVE,0.2040,5166.00,6.8910,0.014
,6.0962602,1048.0,0.62,1.1320,FALSE POSITIVE,0.2030,6108.00,1.0300,0.787
,472.6038,218.0,2.28,0.9590,FALSE POSITIVE,0.0000,5764.00,0.8630,0.476
,371.51852,284.0,2.28,1.0250,FALSE POSITIVE,0.0000,6227.00,1.0890,0.962
,323.66542,133.0,1.58,0.4760,FALSE POSITIVE,0.0150,3737.00,0.4660,0.031
,295.06066,233.0,0.64,0.7080,CANDIDATE,0.6650,5332.00,0.7620,0.052
,367.01607,245.0,2.46,0.9530,FALSE POSITIVE,0.0000,5931.00,0.8630,0.633
,568.08251,205.0,2.14,0.8320,FALSE POSITIVE,0.0080,5359.00,0.9500,0.4
,3.0447752,1061.0,0.68,0.8750,FALSE POSITIVE,0.0000,5390.00,0.7800,0.383
,456.55308,270.0,1.48,0.8910,FALSE POSITIVE,0.1160,5678.00,1.2980,0.673
,209.941369,651.0,14.36,1.5870,FALSE POSITIVE,0.1500,5125.00,6.6900,0.157
,49.763624,588.0,2.43,1.1820,FALSE POSITIVE,0.1340,6477.00,1.1870,0.02
,320.347208,274.0,1.58,1.0200,FALSE POSITIVE,0.1210,6146.00,0.9430,0.548
,191.03728,286.0,3.54,0.9310,CANDIDATE,0.1860,5440.00,0.9010,0.091
,358.74318,224.0,2.25,0.9180,FALSE POSITIVE,0.2660,5482.00,0.8260,0.151
,0.660663034,2385.0,1.32,1.1740,FALSE POSITIVE,0.0000,6353.00,1.1340,0.025
,14.3400358,248.0,0.68,0.1550,FALSE POSITIVE,0.0000,3358.00,0.1740,0.006
,0.505079006,2997.0,86.41,0.8210,FALSE POSITIVE,0.0000,5398.00,1.8430,1.184
,7.19680984,1275.0,1.2,1.3250,FALSE POSITIVE,0.0000,6325.00,1.6760,0.27
,1.33257715,1553.0,0.44,0.9280,FALSE POSITIVE,0.0000,5852.00,0.8370,0.326
,1.33254428,1427.0,0.93,0.6860,FALSE POSITIVE,0.0000,5460.00,0.7340,0.021
,424.623345,265.0,8.13,1.0690,FALSE POSITIVE,0.0000,6339.00,1.0170,0.819
,1.456383399,2721.0,52.87,1.1790,FALSE POSITIVE,0.0780,6184.00,2.6460,1.169
,71.10684,523.0,1.42,1.1290,CANDIDATE,0.7530,6339.00,1.2240,0.466
,77.177672,327.0,1.29,0.7270,CANDIDATE,0.3400,4840.00,0.7490,0.026
,0.805941833,1498.0,29.85,0.6510,CANDIDATE,1.0000,5022.00,0.6720,1.339
,0.608074963,2362.0,1.15,1.0960,FALSE POSITIVE,0.0000,6309.00,1.0440,0.11
,0.559643825,1860.0,27.21,0.7240,FALSE POSITIVE,0.0000,5240.00,0.7740,1.264
,0.502446098,2705.0,0.43,1.0640,FALSE POSITIVE,0.0000,6306.00,1.1970,0.636
,8.2766028,1623.0,2.48,1.5960,CANDIDATE,0.9730,6787.00,2.7530,0.638
,256.45616,175.0,9.44,0.6450,FALSE POSITIVE,0.0010,4070.00,0.6460,0.779
,138.62902498,,,,FALSE POSITIVE,0.2070,,,
,185.97534,688.0,2.76,2.0490,CANDIDATE,0.2950,7365.00,3.6380,0.4
,388.519605,350.0,2.3,1.1730,FALSE POSITIVE,0.0090,6164.00,1.8250,0.478
,60.049737,320.0,28.92,0.6500,FALSE POSITIVE,0.0190,4538.00,0.6630,1.217
,5.8877038,1026.0,0.6,1.0220,CANDIDATE,0.5020,6065.00,0.9470,0.185
,237.26601,299.0,1.23,0.9340,FALSE POSITIVE,0.0120,5786.00,1.0070,0.034
,0.93371211,1318.0,0.75,0.6900,FALSE POSITIVE,0.0000,4604.00,0.6960,0.119
,461.13781,173.0,1.26,0.6780,FALSE POSITIVE,0.1150,4988.00,0.6360,0.003
,0.93376089,2064.0,0.57,1.1290,FALSE POSITIVE,0.0000,6292.00,1.0780,0.035
,367.761848,623.0,20.06,2.8140,FALSE POSITIVE,0.1310,5348.00,9.8880,0.025
,378.65484,258.0,1.53,0.9960,FALSE POSITIVE,0.1900,6000.00,0.9700,0.243
,384.356448,255.0,3.03,1.0050,FALSE POSITIVE,0.0000,5903.00,0.9940,0.848
,1.75647084,1405.0,0.69,0.9250,FALSE POSITIVE,0.0000,5813.00,0.8330,0.023
,1.98514635,1299.0,1.28,0.9460,CANDIDATE,0.9590,5581.00,0.8450,0.126
,1.33259003,2909.0,0.69,1.9100,FALSE POSITIVE,0.0000,8133.00,1.9350,0.454
,1.33254024,1658.0,0.59,0.9300,FALSE POSITIVE,0.0000,6071.00,0.8870,0.815
,1.33199285,,,,CANDIDATE,0.0000,,,
,1.33255492,1850.0,0.92,1.1430,FALSE POSITIVE,0.0000,6310.00,1.0950,0.462
,1.33259095,1776.0,1.14,1.1000,FALSE POSITIVE,0.0000,6184.00,1.0380,0.711
,5.82561701,1037.0,1.21,0.9790,CANDIDATE,0.9750,5999.00,0.9670,0.635
,234.524445,226.0,2.33,0.8100,FALSE POSITIVE,0.1520,4987.00,0.7270,0.741
,317.74527,336.0,2.1,0.7790,FALSE POSITIVE,0.0580,6050.00,1.3330,0.787
,419.2615,256.0,1.7,0.8300,CANDIDATE,0.4160,5979.00,0.9750,0.5
,18.384953,872.0,1.36,1.1720,FALSE POSITIVE,0.3160,6335.00,1.4010,0.012
,1.085965104,6297.0,29.66,2.9950,FALSE POSITIVE,0.0000,15896.00,2.4040,0.916
,308.185801,230.0,2.12,0.9240,FALSE POSITIVE,0.0000,5380.00,0.8130,0.023
,141.400279,945.0,41.55,3.2950,CANDIDATE,0.3560,4936.00,14.9070,0.401
,398.71694,205.0,21.25,0.8610,FALSE POSITIVE,0.0010,5303.00,0.7710,1.219
,241.8591,315.0,2.81,0.8290,FALSE POSITIVE,0.0000,5790.00,1.0880,0.313
,353.04037,196.0,1.04,0.7040,FALSE POSITIVE,0.0000,5061.00,0.6680,0.431
,522.33888,327.0,5.65,1.1680,FALSE POSITIVE,0.0000,5103.00,2.8160,0.039
,473.56314,449.0,5.39,1.6570,FALSE POSITIVE,0.0000,7056.00,2.9370,0.158
,1.332565736,1674.0,33.69,1.0430,FALSE POSITIVE,0.0000,6014.00,0.9580,1.268
,385.39743,285.0,1.59,0.9740,FALSE POSITIVE,0.0000,5676.00,1.3360,0.587
,272.54288087,255.0,2.35,0.9200,FALSE POSITIVE,0.1160,5677.00,0.8280,0.287
,229.957537,444.0,43.78,1.4650,CANDIDATE,0.1410,6419.00,2.0570,1.175
,0.9439372,2273.0,88.91,0.9080,FALSE POSITIVE,0.0000,5959.00,1.3650,0.681
,7.2681817,1444.0,1.66,1.3980,CANDIDATE,0.8430,6297.00,2.2190,0.78
,1.075158342,6988.0,20.09,1.8740,FALSE POSITIVE,0.0000,4067.00,38.4460,0.157
,1.33255801,1443.0,0.62,0.8210,FALSE POSITIVE,0.0000,5161.00,0.8920,0.397
,1.33250451,1993.0,0.62,1.1330,FALSE POSITIVE,0.0000,6600.00,1.1570,0.295
,376.37989,265.0,3.26,1.0250,CANDIDATE,0.1890,6231.00,0.9550,0.305
,453.64875,239.0,2.18,1.0080,FALSE POSITIVE,0.0300,6060.00,0.9250,0.519
,0.594274521,2436.0,8.7,1.2070,FALSE POSITIVE,0.0000,6321.00,1.1250,0.833
,239.179477,583.0,18.27,1.9960,FALSE POSITIVE,0.1980,4915.00,6.8770,0.165
,405.65377,246.0,2.03,0.9680,FALSE POSITIVE,0.0500,6102.00,0.8870,0.102
,73.992267,546.0,2.86,0.9890,FALSE POSITIVE,0.0000,5271.00,1.8950,0.446
,361.901618,198.0,0.95,0.7540,FALSE POSITIVE,0.0050,5053.00,0.7170,0.093
,508.04103,217.0,1.89,1.0800,FALSE POSITIVE,0.3000,5672.00,0.9650,0.476
,309.933134,319.0,1.8,1.2360,FALSE POSITIVE,0.0000,6299.00,1.2620,0.73
,266.977677,549.0,7.86,1.6700,FALSE POSITIVE,0.1970,6619.00,3.4100,0.895
,367.947848,228.0,3.72,0.9710,CANDIDATE,0.5190,5570.00,0.8550,0.902
,236.25776888,460.0,2.69,1.3820,FALSE POSITIVE,0.0240,6645.00,2.0540,0.085
,330.80879,290.0,2.13,0.9980,FALSE POSITIVE,0.0000,6158.00,1.0660,0.92
,522.64613,92.0,0.8,0.3200,FALSE POSITIVE,0.0000,3439.00,0.3180,0.007
,392.94247,347.0,1.6,0.8950,FALSE POSITIVE,0.0530,6596.00,1.4400,0.01
,373.89398,206.0,2.51,0.6680,FALSE POSITIVE,0.0080,5263.00,0.6990,0.963
,8.5898708,929.0,1.11,0.8560,FALSE POSITIVE,0.0000,5638.00,1.0880,0.765
,0.527698548,2088.0,29.35,1.0050,FALSE POSITIVE,0.0000,5638.00,0.9030,1.252
,1.73984941,1608.0,0.72,1.0750,CANDIDATE,0.4970,6119.00,1.0310,0.043
,0.681401611,2218.0,1.07,1.1040,FALSE POSITIVE,0.0210,6173.00,1.0410,0.147
,333.486169,557.0,19.3,2.1900,CANDIDATE,0.0920,4989.00,7.8240,0.214
,4.85603482,1266.0,1.05,1.2600,FALSE POSITIVE,0.0000,6469.00,1.1930,0.134
